Data,Hora,CPU_Temp_C,CPU_Clock_MHz,RTX5070Ti_Temp_C,RX580_Temp_C
2025-12-22,15:12:11,67.0,4785.18,50,31.0
2025-12-22,15:12:21,63.8,4840.92,46,30.0
2025-12-22,15:12:32,64.5,4865.94,46,31.0
2025-12-22,15:12:42,69.8,4567.67,57,30.0
2025-12-22,15:12:52,69.8,3667.07,48,30.0
2025-12-22,15:13:02,69.4,4104.67,45,29.0
2025-12-22,15:13:12,64.9,4808.56,46,29.0
2025-12-22,15:13:22,67.2,4424.78,45,29.0
2025-12-22,15:13:33,66.6,4780.51,44,29.0
2025-12-22,15:13:43,64.6,4606.81,44,29.0
2025-12-22,15:13:53,61.6,4841.26,44,29.0
2025-12-22,15:14:03,60.1,4812.55,44,29.0
2025-12-22,15:14:13,59.4,4840.83,44,29.0
2025-12-22,15:14:23,58.8,4646.24,44,29.0
2025-12-22,15:14:34,64.6,4810.96,45,29.0
2025-12-22,15:14:44,64.2,4841.54,46,29.0
2025-12-22,15:14:54,65.0,4841.11,51,29.0
2025-12-22,15:15:04,64.4,4816.31,47,29.0
2025-12-22,15:15:14,65.4,4841.01,50,29.0
2025-12-22,15:15:25,72.1,4680.59,47,29.0
2025-12-22,15:15:35,69.2,4379.87,47,29.0
2025-12-22,15:15:45,74.1,4761.76,45,29.0
2025-12-22,15:15:55,67.9,4720.88,45,29.0
2025-12-22,15:16:05,66.6,4804.92,45,29.0
2025-12-22,15:16:15,66.6,4208.05,44,29.0
2025-12-22,15:16:26,74.2,4791.34,44,29.0
2025-12-22,15:16:36,72.0,4608.23,44,29.0
2025-12-22,15:16:46,73.8,4425.10,44,29.0
2025-12-22,15:16:56,74.1,4816.33,43,29.0
2025-12-22,15:17:06,73.4,4791.38,43,29.0
2025-12-22,15:17:16,69.9,4865.61,43,29.0
2025-12-22,15:17:27,72.2,4791.28,43,29.0
2025-12-22,15:17:37,74.0,4791.38,43,29.0
2025-12-22,15:17:47,70.5,4831.09,42,29.0
2025-12-22,15:17:57,74.2,4655.34,42,29.0
2025-12-22,15:18:07,73.9,4365.61,42,29.0
2025-12-22,15:18:17,74.5,4766.44,42,29.0
2025-12-22,15:18:28,71.5,4237.28,42,29.0
2025-12-22,15:18:38,67.0,4124.88,42,29.0
2025-12-22,15:18:48,75.0,4679.64,42,29.0
2025-12-22,15:18:58,71.0,4569.24,41,29.0
2025-12-22,15:19:08,72.2,4791.24,41,29.0
2025-12-22,15:19:18,66.9,4459.35,41,29.0
2025-12-22,15:19:29,70.8,3738.88,41,29.0
2025-12-22,15:19:39,70.8,4200.94,41,29.0
2025-12-22,15:19:49,74.1,4369.82,41,29.0
2025-12-22,15:19:59,71.5,4910.05,41,29.0
2025-12-22,15:20:09,70.6,4143.69,41,29.0
2025-12-22,15:20:19,69.9,4187.37,40,29.0
2025-12-22,15:20:30,68.8,4472.51,40,29.0
2025-12-22,15:20:40,68.1,4644.48,40,30.0
2025-12-22,15:20:50,73.4,4290.45,40,30.0
2025-12-22,15:21:00,73.4,4548.97,40,30.0
2025-12-22,15:21:10,73.5,4459.59,40,29.0
2025-12-22,15:21:20,70.8,4372.16,40,29.0
2025-12-22,15:21:30,70.8,4479.69,40,29.0
2025-12-22,15:21:41,68.8,4278.23,40,29.0
2025-12-22,15:21:51,69.6,3988.28,40,29.0
2025-12-22,15:22:01,71.4,4821.75,40,29.0
2025-12-22,15:22:11,73.6,4857.91,40,29.0
2025-12-22,15:22:21,73.5,4262.43,39,29.0
2025-12-22,15:22:31,73.4,3805.40,39,29.0
2025-12-22,15:22:42,70.1,4320.95,39,29.0
2025-12-22,15:22:52,70.5,4506.60,39,29.0
2025-12-22,15:23:02,69.5,4289.31,39,29.0
2025-12-22,15:23:12,69.0,4111.58,39,29.0
2025-12-22,15:23:22,73.6,4202.45,39,29.0
2025-12-22,15:23:32,73.9,4485.67,39,29.0
2025-12-22,15:23:43,73.4,4864.21,39,29.0
2025-12-22,15:23:53,71.9,4290.07,39,29.0
2025-12-22,15:24:03,70.9,4207.32,39,29.0
2025-12-22,15:24:13,70.6,4403.70,39,29.0
2025-12-22,15:24:23,69.2,4594.97,39,29.0
2025-12-22,15:24:33,69.0,4338.47,39,29.0
2025-12-22,15:24:44,73.0,4098.30,39,29.0
2025-12-22,15:24:54,73.8,4233.87,39,29.0
2025-12-22,15:25:04,70.9,4050.34,39,29.0
2025-12-22,15:25:14,67.0,4537.76,39,29.0
2025-12-22,15:25:24,67.5,4576.66,39,29.0
2025-12-22,15:25:34,65.2,4330.61,39,29.0
2025-12-22,15:25:44,65.4,4285.73,39,29.0
2025-12-22,15:25:55,68.2,3848.97,39,29.0
2025-12-22,15:26:05,70.9,4318.00,39,29.0
2025-12-22,15:26:15,70.2,4174.09,39,29.0
2025-12-22,15:26:25,70.5,4581.37,39,29.0
2025-12-22,15:26:35,67.1,4060.22,39,29.0
2025-12-22,15:26:45,66.4,4130.47,39,29.0
2025-12-22,15:26:55,65.1,3913.50,39,29.0
2025-12-22,15:27:06,65.5,4376.85,39,29.0
2025-12-22,15:27:16,70.0,3988.55,39,29.0
2025-12-22,15:27:26,69.6,4369.91,39,29.0
2025-12-22,15:27:36,70.4,4448.57,39,29.0
2025-12-22,15:27:46,67.0,4074.23,38,29.0
2025-12-22,15:27:56,66.8,4352.53,39,29.0
2025-12-22,15:28:06,65.2,4634.72,39,29.0
2025-12-22,15:28:17,65.1,4816.61,38,29.0
2025-12-22,15:28:27,65.5,4439.00,39,29.0
2025-12-22,15:28:37,70.6,4422.44,39,29.0
2025-12-22,15:28:47,70.2,3875.63,38,29.0
2025-12-22,15:28:57,70.4,4109.53,38,29.0
2025-12-22,15:29:07,67.4,4473.51,38,29.0
2025-12-22,15:29:17,67.4,4136.21,38,29.0
2025-12-22,15:29:28,64.9,4196.04,38,29.0
2025-12-22,15:29:38,65.4,4128.61,38,29.0
2025-12-22,15:29:48,69.9,4245.65,38,29.0
2025-12-22,15:29:58,70.2,4316.01,38,29.0
2025-12-22,15:30:08,70.5,4630.84,38,29.0
2025-12-22,15:30:18,67.5,4300.22,38,29.0
2025-12-22,15:30:28,67.2,4575.37,38,29.0
2025-12-22,15:30:39,67.4,4184.49,38,30.0
2025-12-22,15:30:49,64.9,4582.52,38,29.0
2025-12-22,15:30:59,64.4,4990.87,38,29.0
2025-12-22,15:31:09,70.8,4539.98,38,30.0
2025-12-22,15:31:19,70.5,3939.66,38,30.0
2025-12-22,15:31:29,69.8,4407.42,41,30.0
2025-12-22,15:31:39,60.0,4891.30,43,30.0
2025-12-22,15:31:50,58.8,4843.12,42,30.0
2025-12-22,15:32:00,59.5,4840.86,43,30.0
2025-12-22,15:32:10,59.8,4865.81,44,30.0
2025-12-22,15:32:20,59.5,4841.28,44,30.0
2025-12-22,15:32:30,59.2,4841.01,45,31.0
2025-12-22,15:32:41,58.9,4865.86,46,30.0
2025-12-22,15:32:51,58.5,4590.36,46,30.0
2025-12-22,15:33:01,62.5,4642.00,50,30.0
2025-12-22,15:33:11,57.8,4854.63,48,30.0
2025-12-22,15:33:21,58.5,4866.23,49,30.0
2025-12-22,15:33:32,58.6,4840.95,49,30.0
2025-12-22,15:33:42,57.5,4865.95,50,30.0
2025-12-22,15:33:52,63.1,4840.30,50,30.0
2025-12-22,15:34:02,63.1,4825.76,50,30.0
2025-12-22,15:34:12,63.9,4865.65,51,31.0
2025-12-22,15:34:23,70.8,4535.90,50,32.0
2025-12-22,15:34:33,71.0,4833.58,50,32.0
2025-12-22,15:34:43,67.5,4238.29,49,31.0
2025-12-22,15:34:53,67.4,3875.83,48,31.0
2025-12-22,15:35:03,65.6,4250.06,48,31.0
2025-12-22,15:35:13,65.8,4314.72,48,31.0
2025-12-22,15:35:23,64.2,4126.91,47,32.0
2025-12-22,15:35:34,70.9,4120.51,47,32.0
2025-12-22,15:35:44,71.1,4461.63,47,32.0
2025-12-22,15:35:54,63.5,4864.51,54,32.0
2025-12-22,15:36:04,61.4,4441.73,56,32.0
2025-12-22,15:36:14,66.9,4816.26,50,32.0
2025-12-22,15:36:24,67.0,4824.39,55,32.0
2025-12-22,15:36:35,66.1,4777.36,52,32.0
2025-12-22,15:36:45,67.0,4817.25,52,32.0
2025-12-22,15:36:55,67.4,4816.34,53,32.0
2025-12-22,15:37:05,68.5,4840.83,53,32.0
2025-12-22,15:37:15,66.5,4841.64,56,32.0
2025-12-22,15:37:25,65.9,4283.09,55,32.0
2025-12-22,15:37:36,66.9,4815.47,53,32.0
2025-12-22,15:37:46,60.2,4844.91,52,32.0
2025-12-22,15:37:56,68.2,4286.51,54,32.0
2025-12-22,15:38:06,72.5,4653.58,49,33.0
2025-12-22,15:38:16,72.6,4460.49,48,33.0
2025-12-22,15:38:26,72.4,4267.44,46,33.0
2025-12-22,15:38:37,69.2,4140.59,45,33.0
2025-12-22,15:38:47,68.8,4263.46,44,32.0
2025-12-22,15:38:57,66.6,4743.62,64,32.0
2025-12-22,15:39:07,60.2,4841.29,46,32.0
2025-12-22,15:39:17,59.6,4841.30,46,32.0
2025-12-22,15:39:27,59.9,4829.22,47,32.0
2025-12-22,15:39:38,60.4,4430.73,46,32.0
2025-12-22,15:39:48,59.9,4816.33,47,32.0
2025-12-22,15:39:58,64.1,4840.31,47,33.0
2025-12-22,15:40:08,65.0,4815.82,47,33.0
2025-12-22,15:40:18,64.8,4841.16,46,33.0
2025-12-22,15:40:29,65.1,4841.12,46,33.0
2025-12-22,15:40:39,70.5,4915.86,53,33.0
2025-12-22,15:40:49,73.1,4685.58,46,33.0
2025-12-22,15:40:59,70.1,4105.81,45,33.0
2025-12-22,15:41:09,63.6,4866.13,51,33.0
2025-12-22,15:41:19,61.4,4864.68,48,33.0
2025-12-22,15:41:30,61.0,4841.76,49,32.0
2025-12-22,15:41:40,60.0,4841.42,49,33.0
2025-12-22,15:41:50,60.2,4834.06,50,33.0
2025-12-22,15:42:00,60.0,4841.09,51,33.0
2025-12-22,15:42:10,60.1,4844.21,51,32.0
2025-12-22,15:42:21,65.2,4813.19,59,32.0
2025-12-22,15:42:31,64.0,4840.75,51,33.0
2025-12-22,15:42:41,63.6,4818.37,50,33.0
2025-12-22,15:42:51,65.9,4841.41,50,33.0
2025-12-22,15:43:01,71.6,4816.22,51,34.0
2025-12-22,15:43:11,71.9,4766.32,49,33.0
2025-12-22,15:43:22,72.6,4403.79,54,34.0
2025-12-22,15:43:32,74.9,4716.28,51,34.0
2025-12-22,15:43:42,73.6,4766.29,50,34.0
2025-12-22,15:43:52,73.1,4637.54,49,33.0
2025-12-22,15:44:02,73.0,4605.76,48,33.0
2025-12-22,15:44:12,73.5,4684.97,50,33.0
2025-12-22,15:44:23,73.0,4816.32,48,32.0
2025-12-22,15:44:33,66.1,4815.93,49,32.0
2025-12-22,15:44:43,65.0,4113.14,52,32.0
2025-12-22,15:44:53,65.2,4817.37,48,32.0
2025-12-22,15:45:03,65.4,4840.92,49,33.0
2025-12-22,15:45:14,65.9,4814.80,48,32.0
2025-12-22,15:45:24,67.8,4790.47,47,33.0
2025-12-22,15:45:34,70.2,4830.02,54,33.0
2025-12-22,15:45:44,72.2,4794.23,51,33.0
2025-12-22,15:45:54,72.2,4399.98,47,33.0
2025-12-22,15:46:04,71.5,4785.29,53,33.0
2025-12-22,15:46:15,66.1,4791.20,47,33.0
2025-12-22,15:46:25,66.6,4562.62,50,34.0
2025-12-22,15:46:35,62.5,4816.13,47,33.0
2025-12-22,15:46:45,65.4,4865.52,67,33.0
2025-12-22,15:46:55,66.1,4842.16,54,33.0
2025-12-22,15:47:05,67.0,4841.79,49,33.0
2025-12-22,15:47:16,66.6,4816.02,47,33.0
2025-12-22,15:47:26,69.9,4788.49,50,33.0
2025-12-22,15:47:36,67.0,4800.44,47,33.0
2025-12-22,15:47:46,67.8,4791.10,48,32.0
2025-12-22,15:47:56,68.5,4766.50,48,32.0
2025-12-22,15:48:06,68.2,4779.91,48,33.0
2025-12-22,15:48:17,68.5,4791.39,47,33.0
2025-12-22,15:48:27,70.4,4310.42,47,33.0
2025-12-22,15:48:37,72.5,4791.06,50,33.0
2025-12-22,15:48:47,72.1,4753.80,47,33.0
2025-12-22,15:48:57,72.0,4790.91,47,34.0
2025-12-22,15:49:08,69.2,4815.11,47,33.0
2025-12-22,15:49:18,72.4,4841.10,47,33.0
2025-12-22,15:49:28,72.1,4171.14,47,34.0
2025-12-22,15:49:38,68.9,4816.25,49,33.0
2025-12-22,15:49:48,69.4,4790.75,47,33.0
2025-12-22,15:49:58,68.2,4785.54,47,33.0
2025-12-22,15:50:09,65.2,4816.02,49,33.0
2025-12-22,15:50:19,65.6,4816.26,48,33.0
2025-12-22,15:50:29,65.8,4834.84,47,33.0
2025-12-22,15:50:39,64.2,4839.83,48,33.0
2025-12-22,15:50:49,64.0,4839.44,47,33.0
2025-12-22,15:50:59,64.0,4788.92,47,33.0
2025-12-22,15:51:10,62.2,4829.69,47,33.0
2025-12-22,15:51:20,61.4,4816.07,47,33.0
2025-12-22,15:51:30,61.2,4475.89,47,33.0
2025-12-22,15:51:40,63.5,4823.43,49,33.0
2025-12-22,15:51:51,65.0,4820.04,50,33.0
2025-12-22,15:52:01,68.4,4827.48,49,33.0
2025-12-22,15:52:11,67.8,4841.37,51,34.0
2025-12-22,15:52:21,67.6,4816.34,50,34.0
2025-12-22,15:52:31,67.8,4840.32,51,34.0
2025-12-22,15:52:41,67.4,4816.22,52,34.0
2025-12-22,15:52:52,67.4,4790.59,52,34.0
2025-12-22,15:53:02,64.8,4814.83,53,34.0
2025-12-22,15:53:12,64.4,4841.66,53,34.0
2025-12-22,15:53:22,65.8,4765.30,54,33.0
2025-12-22,15:53:32,69.0,4791.35,59,33.0
2025-12-22,15:53:43,70.8,4816.32,54,33.0
2025-12-22,15:53:53,68.6,4791.12,58,33.0
2025-12-22,15:54:03,67.0,4780.00,55,33.0
2025-12-22,15:54:13,69.9,4676.93,54,33.0
2025-12-22,15:54:23,70.8,4708.20,52,33.0
2025-12-22,15:54:33,70.8,4663.67,51,33.0
2025-12-22,15:54:44,70.5,4716.15,51,33.0
2025-12-22,15:54:54,69.8,4719.80,50,33.0
2025-12-22,15:55:04,72.1,4716.41,49,33.0
2025-12-22,15:55:14,78.0,4591.75,50,33.0
2025-12-22,15:55:24,73.6,4650.50,49,34.0
2025-12-22,15:55:34,73.6,4766.44,49,34.0
2025-12-22,15:55:45,73.8,4791.39,48,34.0
2025-12-22,15:55:55,73.0,4691.58,48,34.0
2025-12-22,15:56:05,76.2,4765.13,48,34.0
2025-12-22,15:56:15,72.5,4791.41,47,33.0
2025-12-22,15:56:25,71.8,4791.39,47,33.0
2025-12-22,15:56:36,72.0,4696.93,47,33.0
2025-12-22,15:56:46,68.6,4344.55,47,33.0
2025-12-22,15:56:56,66.9,4816.39,52,33.0
2025-12-22,15:57:06,69.1,4810.50,50,33.0
2025-12-22,15:57:16,67.2,4783.74,47,33.0
2025-12-22,15:57:26,67.8,4787.89,47,33.0
2025-12-22,15:57:37,70.8,4766.42,47,33.0
2025-12-22,15:57:47,76.0,4717.15,47,33.0
2025-12-22,15:57:57,72.6,4816.30,46,33.0
2025-12-22,15:58:07,73.1,4616.66,47,33.0
2025-12-22,15:58:17,73.9,4791.41,50,33.0
2025-12-22,15:58:27,75.6,4436.77,46,34.0
2025-12-22,15:58:38,75.4,4587.15,46,34.0
2025-12-22,15:58:48,72.9,4581.62,46,34.0
2025-12-22,15:58:58,71.6,4766.43,46,34.0
2025-12-22,15:59:08,66.6,4815.15,46,33.0
2025-12-22,15:59:18,64.2,4841.46,47,33.0
2025-12-22,15:59:29,63.9,4815.85,46,33.0
2025-12-22,15:59:39,62.2,4814.62,47,33.0
2025-12-22,15:59:49,62.5,4841.45,46,33.0
2025-12-22,15:59:59,61.8,4840.67,47,33.0
2025-12-22,16:00:09,62.5,4840.61,48,33.0
2025-12-22,16:00:20,61.2,4840.91,47,33.0
2025-12-22,16:00:30,60.5,4866.34,49,33.0
2025-12-22,16:00:40,61.4,4337.24,47,33.0
2025-12-22,16:00:50,61.4,4840.46,47,33.0
2025-12-22,16:01:00,61.2,4840.06,47,33.0
2025-12-22,16:01:10,61.4,4808.47,47,33.0
2025-12-22,16:01:21,61.0,4840.97,53,33.0
2025-12-22,16:01:31,65.0,4866.23,47,33.0
2025-12-22,16:01:41,66.4,4687.76,48,34.0
2025-12-22,16:01:51,66.0,4816.55,48,34.0
2025-12-22,16:02:01,65.5,4840.14,48,34.0
2025-12-22,16:02:12,66.6,4307.86,47,34.0
2025-12-22,16:02:22,66.1,4816.21,47,34.0
2025-12-22,16:02:32,65.4,4840.24,47,34.0
2025-12-22,16:02:42,66.2,4816.00,48,35.0
2025-12-22,16:02:52,62.4,4816.03,48,33.0
2025-12-22,16:03:03,62.8,4840.84,47,33.0
2025-12-22,16:03:13,62.6,4816.44,47,34.0
2025-12-22,16:03:23,67.4,4234.15,46,33.0
2025-12-22,16:03:33,73.9,3835.59,70,33.0
2025-12-22,16:03:43,66.6,4688.68,53,33.0
2025-12-22,16:03:53,61.1,4817.84,50,33.0
2025-12-22,16:04:04,60.9,4840.61,49,33.0
2025-12-22,16:04:14,61.4,4840.74,49,33.0
2025-12-22,16:04:24,61.5,4840.49,48,33.0
2025-12-22,16:04:34,60.8,4841.18,48,33.0
2025-12-22,16:04:44,65.1,4838.43,48,34.0
2025-12-22,16:04:55,65.2,4839.60,48,34.0
2025-12-22,16:05:05,66.2,4841.30,48,34.0
2025-12-22,16:05:15,66.1,4799.80,48,35.0
2025-12-22,16:05:25,73.0,4455.09,47,35.0
2025-12-22,16:05:35,70.9,4244.38,46,34.0
2025-12-22,16:05:45,70.2,4144.03,44,34.0
2025-12-22,16:05:56,68.8,4851.74,51,34.0
2025-12-22,16:06:06,67.1,3924.94,45,33.0
2025-12-22,16:06:16,67.6,4522.67,44,33.0
2025-12-22,16:06:26,70.8,4832.61,43,34.0
2025-12-22,16:06:36,72.1,4546.59,42,34.0
2025-12-22,16:06:46,71.9,4560.47,42,34.0
2025-12-22,16:06:57,71.8,4290.03,42,34.0
2025-12-22,16:07:07,68.2,3977.38,42,33.0
2025-12-22,16:07:17,67.6,4148.70,43,33.0
2025-12-22,16:07:27,66.1,4157.95,43,33.0
2025-12-22,16:07:37,66.1,4004.10,43,33.0
2025-12-22,16:07:47,65.9,4052.36,44,33.0
2025-12-22,16:07:58,71.1,3855.52,45,34.0
2025-12-22,16:08:08,71.2,3892.32,45,34.0
2025-12-22,16:08:18,71.4,4391.63,44,34.0
2025-12-22,16:08:28,67.8,4412.26,44,34.0
2025-12-22,16:08:38,67.5,3977.80,44,34.0
2025-12-22,16:08:48,67.9,4340.59,44,33.0
2025-12-22,16:08:58,65.8,4173.17,44,33.0
2025-12-22,16:09:09,65.8,4273.68,44,33.0
2025-12-22,16:09:19,69.5,4420.54,49,34.0
2025-12-22,16:09:29,70.9,4790.24,48,34.0
2025-12-22,16:09:39,71.9,4717.74,49,34.0
2025-12-22,16:09:49,73.0,4665.89,49,34.0
2025-12-22,16:09:59,73.2,4690.29,50,34.0
2025-12-22,16:10:10,73.1,4738.44,54,34.0
2025-12-22,16:10:20,70.5,4725.87,50,33.0
2025-12-22,16:10:30,69.9,4715.60,57,34.0
2025-12-22,16:10:40,71.8,4700.77,53,34.0
2025-12-22,16:10:50,71.2,4243.77,59,33.0
2025-12-22,16:11:00,72.0,4618.89,54,33.0
2025-12-22,16:11:11,72.0,4704.81,53,33.0
2025-12-22,16:11:21,71.0,4584.95,54,33.0
2025-12-22,16:11:31,70.6,4762.63,54,33.0
2025-12-22,16:11:41,67.4,4790.88,55,33.0
2025-12-22,16:11:51,59.4,4841.29,56,33.0
2025-12-22,16:12:01,63.1,4840.89,55,33.0
2025-12-22,16:12:12,64.5,4841.05,56,34.0
2025-12-22,16:12:22,71.0,3868.28,55,34.0
2025-12-22,16:12:32,72.4,4591.19,60,34.0
2025-12-22,16:12:42,64.6,4759.70,55,34.0
2025-12-22,16:12:52,64.6,4842.95,53,34.0
2025-12-22,16:13:03,64.5,4841.36,53,34.0
2025-12-22,16:13:13,61.9,4809.04,52,34.0
2025-12-22,16:13:23,62.1,4687.63,51,34.0
2025-12-22,16:13:33,65.9,4838.74,57,33.0
2025-12-22,16:13:43,69.9,4815.32,51,33.0
2025-12-22,16:13:53,70.2,4791.06,51,33.0
2025-12-22,16:14:04,69.9,4790.87,50,33.0
2025-12-22,16:14:14,67.5,4475.63,53,33.0
2025-12-22,16:14:24,62.8,4814.45,49,33.0
2025-12-22,16:14:34,62.2,4841.22,50,34.0
2025-12-22,16:14:44,62.5,4841.19,55,34.0
2025-12-22,16:14:54,62.4,4690.62,50,33.0
2025-12-22,16:15:05,62.6,4840.56,49,33.0
2025-12-22,16:15:15,65.9,4815.51,49,34.0
2025-12-22,16:15:25,73.1,3897.47,48,34.0
2025-12-22,16:15:35,71.9,4840.03,51,34.0
2025-12-22,16:15:45,64.8,4124.55,54,34.0
2025-12-22,16:15:56,66.0,4833.53,48,34.0
2025-12-22,16:16:06,64.9,4841.14,53,34.0
2025-12-22,16:16:16,65.2,4148.98,48,35.0
2025-12-22,16:16:26,63.5,4840.80,49,34.0
2025-12-22,16:16:36,62.8,4815.55,48,34.0
2025-12-22,16:16:46,63.4,4807.31,49,34.0
2025-12-22,16:16:57,63.5,4839.01,52,33.0
2025-12-22,16:17:07,66.6,4021.96,52,34.0
2025-12-22,16:17:17,69.0,4840.73,49,33.0
2025-12-22,16:17:27,61.9,4840.16,50,34.0
2025-12-22,16:17:37,61.9,4841.09,49,34.0
2025-12-22,16:17:48,61.5,4841.81,48,34.0
2025-12-22,16:17:58,62.0,4841.19,54,34.0
2025-12-22,16:18:08,62.1,4840.87,51,34.0
2025-12-22,16:18:18,61.5,4840.94,48,34.0
2025-12-22,16:18:28,61.6,4841.02,48,34.0
2025-12-22,16:18:39,65.4,4840.72,48,34.0
2025-12-22,16:18:49,71.9,4474.16,48,34.0
2025-12-22,16:18:59,68.4,4842.10,53,34.0
2025-12-22,16:19:09,70.8,4814.93,50,35.0
2025-12-22,16:19:19,65.2,4841.28,49,35.0
2025-12-22,16:19:29,64.9,4840.49,50,35.0
2025-12-22,16:19:40,64.6,4816.78,49,35.0
2025-12-22,16:19:50,61.6,4791.36,49,34.0
2025-12-22,16:20:00,62.5,4840.23,49,34.0
2025-12-22,16:20:10,62.2,4664.94,48,34.0
2025-12-22,16:20:20,62.6,4689.29,49,34.0
2025-12-22,16:20:31,63.0,4816.34,48,34.0
2025-12-22,16:20:41,62.9,4816.38,54,34.0
2025-12-22,16:20:51,68.4,4791.89,49,34.0
2025-12-22,16:21:01,69.0,4790.39,50,33.0
2025-12-22,16:21:11,69.1,4791.21,51,33.0
2025-12-22,16:21:22,68.4,4766.88,49,33.0
2025-12-22,16:21:32,69.0,4815.88,50,33.0
2025-12-22,16:21:42,68.6,4813.37,48,33.0
2025-12-22,16:21:52,72.0,4755.11,49,34.0
2025-12-22,16:22:02,73.0,4791.16,53,34.0
2025-12-22,16:22:12,73.0,4792.61,48,34.0
2025-12-22,16:22:23,72.2,4791.33,48,34.0
2025-12-22,16:22:33,72.5,4798.98,49,34.0
2025-12-22,16:22:43,73.2,3612.76,47,35.0
2025-12-22,16:22:53,69.0,3823.25,47,35.0
2025-12-22,16:23:03,69.1,3918.05,45,34.0
2025-12-22,16:23:13,67.5,3556.08,44,33.0
2025-12-22,16:23:23,66.8,3832.85,44,33.0
2025-12-22,16:23:34,67.2,4244.06,43,33.0
2025-12-22,16:23:44,71.9,4192.92,43,34.0
2025-12-22,16:23:54,71.6,4438.48,43,34.0
2025-12-22,16:24:04,72.4,3693.15,43,34.0
2025-12-22,16:24:14,70.6,3836.20,43,34.0
2025-12-22,16:24:24,68.1,4157.43,43,34.0
2025-12-22,16:24:35,67.9,3871.10,43,34.0
2025-12-22,16:24:45,65.8,4133.88,43,33.0
2025-12-22,16:24:55,64.8,4379.06,45,33.0
2025-12-22,16:25:05,59.1,4457.33,46,33.0
2025-12-22,16:25:15,58.9,4839.82,47,33.0
2025-12-22,16:25:25,58.6,4711.32,47,33.0
2025-12-22,16:25:36,64.0,4867.24,48,34.0
2025-12-22,16:25:46,64.2,4841.21,51,34.0
2025-12-22,16:25:56,69.8,4791.35,51,34.0
2025-12-22,16:26:06,73.9,4717.23,51,35.0
2025-12-22,16:26:16,74.0,4770.30,55,35.0
2025-12-22,16:26:27,74.4,4791.35,51,34.0
2025-12-22,16:26:37,74.5,4702.23,51,35.0
2025-12-22,16:26:47,73.4,4703.85,52,34.0
2025-12-22,16:26:57,69.5,4791.51,52,34.0
2025-12-22,16:27:07,68.5,4791.32,52,34.0
2025-12-22,16:27:17,68.4,4791.39,54,33.0
2025-12-22,16:27:28,68.8,4816.33,53,34.0
2025-12-22,16:27:38,67.9,4791.37,53,33.0
2025-12-22,16:27:48,66.6,4753.07,53,33.0
2025-12-22,16:27:58,69.1,4817.69,53,33.0
2025-12-22,16:28:08,71.9,4814.32,54,33.0
2025-12-22,16:28:19,72.1,4739.57,53,33.0
2025-12-22,16:28:29,72.9,4578.58,54,34.0
2025-12-22,16:28:39,75.6,4790.36,53,34.0
2025-12-22,16:28:49,75.5,4815.40,52,34.0
2025-12-22,16:28:59,75.0,4699.09,51,34.0
2025-12-22,16:29:09,73.6,4797.42,51,34.0
2025-12-22,16:29:19,72.2,4841.06,51,34.0
2025-12-22,16:29:30,73.2,4737.68,51,34.0
2025-12-22,16:29:40,75.0,4765.37,76,33.0
2025-12-22,16:29:50,69.9,4791.36,59,34.0
2025-12-22,16:30:00,68.0,4791.41,54,34.0
2025-12-22,16:30:10,67.8,4791.25,56,33.0
2025-12-22,16:30:21,68.6,4766.52,50,33.0
2025-12-22,16:30:31,68.8,4790.89,49,33.0
2025-12-22,16:30:41,68.6,4816.32,53,34.0
2025-12-22,16:30:51,71.1,4761.03,49,34.0
2025-12-22,16:31:01,73.8,4791.14,52,34.0
2025-12-22,16:31:11,75.0,4766.41,49,34.0
2025-12-22,16:31:22,75.6,4691.62,48,34.0
2025-12-22,16:31:32,75.2,4766.38,49,34.0
2025-12-22,16:31:42,70.9,4784.27,48,34.0
2025-12-22,16:31:52,70.9,4791.61,48,35.0
2025-12-22,16:32:02,74.9,4768.79,49,34.0
2025-12-22,16:32:13,74.0,4766.44,48,34.0
2025-12-22,16:32:23,73.6,4766.45,48,34.0
2025-12-22,16:32:33,74.0,4766.78,47,34.0
2025-12-22,16:32:43,74.2,4766.37,48,33.0
2025-12-22,16:32:53,74.6,4716.53,48,33.0
2025-12-22,16:33:03,74.1,4691.51,47,34.0
2025-12-22,16:33:14,73.9,4641.66,47,33.0
2025-12-22,16:33:24,68.9,4816.33,47,33.0
2025-12-22,16:33:34,65.1,4791.36,52,33.0
2025-12-22,16:33:44,70.8,4813.72,48,33.0
2025-12-22,16:33:54,72.1,4417.81,51,33.0
2025-12-22,16:34:04,72.9,4601.16,47,33.0
2025-12-22,16:34:15,77.2,4182.57,46,34.0
2025-12-22,16:34:25,74.6,4416.14,52,34.0
2025-12-22,16:34:35,81.5,4791.28,47,34.0
2025-12-22,16:34:45,81.4,4741.47,48,34.0
2025-12-22,16:34:55,81.2,4667.17,51,34.0
2025-12-22,16:35:05,75.4,4595.39,48,34.0
2025-12-22,16:35:16,71.8,4624.13,48,34.0
2025-12-22,16:35:26,72.4,4691.51,48,34.0
2025-12-22,16:35:36,72.2,4539.48,47,33.0
2025-12-22,16:35:46,71.9,4610.70,47,33.0
2025-12-22,16:35:56,71.6,4670.85,47,33.0
2025-12-22,16:36:07,72.4,4691.56,47,33.0
2025-12-22,16:36:17,71.6,4686.98,47,33.0
2025-12-22,16:36:27,71.4,4584.13,47,33.0
2025-12-22,16:36:37,71.4,4791.37,47,33.0
2025-12-22,16:36:47,71.1,4666.57,46,33.0
2025-12-22,16:36:57,71.5,4791.38,49,33.0
2025-12-22,16:37:08,74.1,4766.44,60,34.0
2025-12-22,16:37:18,72.9,4638.64,51,34.0
2025-12-22,16:37:28,73.2,4588.40,51,34.0
2025-12-22,16:37:38,73.9,4490.67,50,34.0
2025-12-22,16:37:48,74.6,4766.42,50,34.0
2025-12-22,16:37:58,72.6,4529.52,51,34.0
2025-12-22,16:38:09,71.9,4558.70,52,35.0
2025-12-22,16:38:19,72.2,4647.99,52,34.0
2025-12-22,16:38:29,72.0,4620.49,57,33.0
2025-12-22,16:38:39,71.2,4616.60,52,34.0
2025-12-22,16:38:49,71.8,4603.36,52,34.0
2025-12-22,16:38:59,71.4,4532.04,53,33.0
2025-12-22,16:39:10,71.0,4616.70,62,33.0
2025-12-22,16:39:20,71.5,4507.66,54,33.0
2025-12-22,16:39:30,71.5,4736.48,54,33.0
2025-12-22,16:39:40,71.2,4536.04,54,33.0
2025-12-22,16:39:50,70.9,4543.27,54,33.0
2025-12-22,16:40:01,72.9,4543.76,56,34.0
2025-12-22,16:40:11,72.5,4641.63,58,34.0
2025-12-22,16:40:21,72.9,4766.42,55,34.0
2025-12-22,16:40:31,73.9,4766.30,56,34.0
2025-12-22,16:40:41,72.2,4791.27,61,34.0
2025-12-22,16:40:51,71.8,4689.43,56,34.0
2025-12-22,16:41:02,77.0,4790.76,52,34.0
2025-12-22,16:41:12,76.2,4702.14,51,34.0
2025-12-22,16:41:22,76.4,4766.39,48,34.0
2025-12-22,16:41:32,76.4,4766.41,47,34.0
2025-12-22,16:41:42,75.5,3992.63,46,33.0
2025-12-22,16:41:52,73.4,4790.76,45,33.0
2025-12-22,16:42:03,72.0,4811.77,45,33.0
2025-12-22,16:42:13,81.6,3794.68,44,33.0
2025-12-22,16:42:23,74.5,4766.21,43,33.0
2025-12-22,16:42:33,77.6,4766.41,43,34.0
2025-12-22,16:42:43,72.9,3544.96,42,34.0
2025-12-22,16:42:53,72.1,3962.29,42,34.0
2025-12-22,16:43:04,71.6,4213.87,42,34.0
2025-12-22,16:43:14,67.1,3730.31,44,33.0
2025-12-22,16:43:24,67.2,4891.20,49,34.0
2025-12-22,16:43:34,67.8,4119.54,45,33.0
2025-12-22,16:43:44,65.9,3853.97,44,33.0
2025-12-22,16:43:54,65.9,4237.55,44,33.0
2025-12-22,16:44:05,65.1,3944.81,44,33.0
2025-12-22,16:44:15,70.2,4577.36,44,34.0
2025-12-22,16:44:25,70.2,3784.72,44,34.0
2025-12-22,16:44:35,70.8,4225.62,44,34.0
2025-12-22,16:44:45,64.4,4820.60,47,34.0
2025-12-22,16:44:55,66.6,4841.52,54,34.0
2025-12-22,16:45:06,67.6,4817.66,49,33.0
2025-12-22,16:45:16,67.1,4790.66,49,33.0
2025-12-22,16:45:26,68.2,4780.23,50,33.0
2025-12-22,16:45:36,67.4,4815.70,51,33.0
2025-12-22,16:45:46,68.2,4791.86,51,33.0
2025-12-22,16:45:56,66.6,4815.32,51,33.0
2025-12-22,16:46:07,66.4,4791.15,52,33.0
2025-12-22,16:46:17,66.8,4816.07,53,34.0
2025-12-22,16:46:27,63.5,4840.62,53,33.0
2025-12-22,16:46:37,64.4,4866.16,57,33.0
2025-12-22,16:46:47,63.6,4420.97,56,33.0
2025-12-22,16:46:58,70.2,4543.63,60,34.0
2025-12-22,16:47:08,71.4,4839.78,55,34.0
2025-12-22,16:47:18,71.9,4790.26,54,34.0
2025-12-22,16:47:28,72.0,4766.01,52,34.0
2025-12-22,16:47:38,71.5,4816.42,52,34.0
2025-12-22,16:47:48,72.0,4811.84,55,34.0
2025-12-22,16:47:59,72.4,4791.01,50,34.0
2025-12-22,16:48:09,69.9,4816.25,50,34.0
2025-12-22,16:48:19,69.9,4788.22,50,33.0
2025-12-22,16:48:29,69.4,4791.31,51,34.0
2025-12-22,16:48:39,62.4,4806.68,49,33.0
2025-12-22,16:48:49,64.5,4257.28,48,33.0
2025-12-22,16:49:00,67.4,3616.13,57,34.0
2025-12-22,16:49:10,63.2,4889.33,52,34.0
2025-12-22,16:49:20,66.5,3666.26,49,34.0
2025-12-22,16:49:30,67.4,4104.65,48,33.0
2025-12-22,16:49:40,72.2,4007.35,46,34.0
2025-12-22,16:49:50,71.4,3949.02,45,35.0
2025-12-22,16:50:01,71.2,4019.73,45,35.0
2025-12-22,16:50:11,71.6,4399.03,44,35.0
2025-12-22,16:50:21,67.9,3991.36,43,34.0
2025-12-22,16:50:31,67.8,3973.08,43,34.0
2025-12-22,16:50:41,67.9,3953.81,42,34.0
2025-12-22,16:50:51,65.2,3777.01,43,34.0
2025-12-22,16:51:01,65.9,3706.33,43,34.0
2025-12-22,16:51:12,64.2,4509.21,46,34.0
2025-12-22,16:51:22,64.0,4786.24,46,34.0
2025-12-22,16:51:32,64.2,4841.32,47,35.0
2025-12-22,16:51:42,70.6,4766.04,48,35.0
2025-12-22,16:51:52,70.8,4802.92,49,34.0
2025-12-22,16:52:03,70.9,4790.91,56,35.0
2025-12-22,16:52:13,66.5,4840.81,50,35.0
2025-12-22,16:52:23,64.0,4840.53,50,34.0
2025-12-22,16:52:33,64.0,4866.03,51,35.0
2025-12-22,16:52:43,61.0,4840.98,56,34.0
2025-12-22,16:52:53,61.0,4690.02,52,34.0
2025-12-22,16:53:04,61.2,4840.65,54,34.0
2025-12-22,16:53:14,68.4,4447.39,52,34.0
2025-12-22,16:53:24,68.0,4152.77,52,34.0
2025-12-22,16:53:34,65.8,3775.11,50,34.0
2025-12-22,16:53:44,65.8,3774.38,50,34.0
2025-12-22,16:53:54,66.4,4055.59,50,34.0
2025-12-22,16:54:05,72.0,3946.27,51,34.0
2025-12-22,16:54:15,65.6,4840.35,53,34.0
2025-12-22,16:54:25,64.1,4815.65,52,35.0
2025-12-22,16:54:35,64.6,4815.92,51,35.0
2025-12-22,16:54:45,64.5,4688.93,51,35.0
2025-12-22,16:54:56,64.9,4817.10,50,35.0
2025-12-22,16:55:06,64.6,4218.49,49,35.0
2025-12-22,16:55:16,62.8,4866.07,54,35.0
2025-12-22,16:55:26,62.9,4791.00,49,35.0
2025-12-22,16:55:36,63.9,4344.76,51,34.0
2025-12-22,16:55:47,69.6,4790.28,49,34.0
2025-12-22,16:55:57,68.4,4840.50,49,34.0
2025-12-22,16:56:07,62.2,4840.35,49,34.0
2025-12-22,16:56:17,61.8,4837.96,48,34.0
2025-12-22,16:56:27,60.5,4839.55,49,34.0
2025-12-22,16:56:37,61.5,4840.81,49,34.0
2025-12-22,16:56:48,61.1,4840.03,52,34.0
2025-12-22,16:56:58,61.1,4815.13,49,34.0
2025-12-22,16:57:08,61.5,4818.29,49,34.0
2025-12-22,16:57:18,66.0,3855.79,47,34.0
2025-12-22,16:57:28,71.1,3767.81,48,35.0
2025-12-22,16:57:39,72.8,4286.27,47,35.0
2025-12-22,16:57:49,72.5,4155.11,45,35.0
2025-12-22,16:57:59,72.1,4066.04,45,35.0
2025-12-22,16:58:09,68.0,3681.29,44,35.0
2025-12-22,16:58:19,68.9,4865.27,47,34.0
2025-12-22,16:58:29,61.8,4840.70,46,34.0
2025-12-22,16:58:40,61.2,4841.32,47,34.0
2025-12-22,16:58:50,61.4,4841.23,48,34.0
2025-12-22,16:59:00,61.0,4842.34,51,34.0
2025-12-22,16:59:10,60.5,4841.18,48,34.0
2025-12-22,16:59:20,61.0,4840.55,48,34.0
2025-12-22,16:59:31,60.6,4841.67,48,34.0
2025-12-22,16:59:41,60.6,4840.98,48,34.0
2025-12-22,16:59:51,60.9,4817.41,47,34.0
2025-12-22,17:00:01,67.2,4235.15,47,34.0
2025-12-22,17:00:11,62.4,4816.44,48,34.0
2025-12-22,17:00:22,70.5,4247.60,48,35.0
2025-12-22,17:00:32,73.0,4815.89,49,35.0
2025-12-22,17:00:42,72.1,4791.42,49,34.0
2025-12-22,17:00:52,71.6,4814.86,50,35.0
2025-12-22,17:01:02,71.6,4790.90,51,35.0
2025-12-22,17:01:12,71.2,4816.19,50,35.0
2025-12-22,17:01:23,72.4,4816.68,50,35.0
2025-12-22,17:01:33,72.0,4816.98,52,35.0
2025-12-22,17:01:43,68.8,4791.95,52,34.0
2025-12-22,17:01:53,70.6,4840.63,57,34.0
2025-12-22,17:02:03,68.6,4816.38,52,34.0
2025-12-22,17:02:13,63.6,4098.00,53,34.0
2025-12-22,17:02:24,62.9,4841.10,51,34.0
2025-12-22,17:02:34,61.9,4841.27,50,34.0
2025-12-22,17:02:44,62.5,4840.51,50,34.0
2025-12-22,17:02:54,61.4,4799.98,50,34.0
2025-12-22,17:03:04,61.2,4816.33,50,34.0
2025-12-22,17:03:15,61.2,4824.66,49,34.0
2025-12-22,17:03:25,61.8,4815.16,49,34.0
2025-12-22,17:03:35,61.9,4814.75,50,34.0
2025-12-22,17:03:45,61.9,4839.34,50,34.0
2025-12-22,17:03:55,61.6,4841.02,49,34.0
2025-12-22,17:04:05,62.2,4841.06,50,34.0
2025-12-22,17:04:16,64.9,4840.26,49,35.0
2025-12-22,17:04:26,66.4,4841.39,52,35.0
2025-12-22,17:04:36,66.5,4840.76,49,35.0
2025-12-22,17:04:46,65.9,4815.97,52,35.0
2025-12-22,17:04:56,66.9,4392.80,48,35.0
2025-12-22,17:05:07,73.1,4337.19,51,35.0
2025-12-22,17:05:17,66.0,4841.27,49,35.0
2025-12-22,17:05:27,73.9,4666.26,52,35.0
2025-12-22,17:05:37,73.4,4336.81,49,34.0
2025-12-22,17:05:47,73.1,4776.12,51,34.0
2025-12-22,17:05:57,73.0,4625.58,54,34.0
2025-12-22,17:06:08,73.1,4663.82,50,34.0
2025-12-22,17:06:18,73.8,4644.87,49,34.0
2025-12-22,17:06:28,72.6,4715.56,54,34.0
2025-12-22,17:06:38,72.9,4615.70,50,34.0
2025-12-22,17:06:48,72.1,4691.57,53,34.0
2025-12-22,17:06:58,68.0,4814.51,50,33.0
2025-12-22,17:07:09,73.1,4580.79,50,34.0
2025-12-22,17:07:19,64.4,4844.87,49,34.0
2025-12-22,17:07:29,65.9,4817.53,49,34.0
2025-12-22,17:07:39,65.4,4817.27,50,34.0
2025-12-22,17:07:49,65.8,4581.01,49,34.0
2025-12-22,17:07:59,65.5,4316.80,49,35.0
2025-12-22,17:08:10,65.6,4816.94,49,35.0
2025-12-22,17:08:20,66.1,4815.37,49,35.0
2025-12-22,17:08:30,66.1,4841.08,49,35.0
2025-12-22,17:08:40,65.9,4816.53,49,35.0
2025-12-22,17:08:50,65.1,4812.58,49,35.0
2025-12-22,17:09:01,67.8,4865.37,52,35.0
2025-12-22,17:09:11,68.9,4415.38,50,35.0
2025-12-22,17:09:21,70.1,4791.65,49,34.0
2025-12-22,17:09:31,70.0,4168.21,49,34.0
2025-12-22,17:09:41,69.9,4786.27,50,34.0
2025-12-22,17:09:51,69.2,4815.94,50,34.0
2025-12-22,17:10:02,68.0,4791.39,48,34.0
2025-12-22,17:10:12,68.6,4785.66,49,34.0
2025-12-22,17:10:22,68.9,4791.06,49,34.0
2025-12-22,17:10:32,68.8,4812.96,49,34.0
2025-12-22,17:10:42,69.1,4790.58,52,34.0
2025-12-22,17:10:53,67.2,4005.07,48,34.0
2025-12-22,17:11:03,72.5,4143.84,51,34.0
2025-12-22,17:11:13,66.1,4793.70,48,34.0
2025-12-22,17:11:23,64.8,4839.98,50,34.0
2025-12-22,17:11:33,65.4,4789.80,48,35.0
2025-12-22,17:11:43,65.9,4822.33,49,34.0
2025-12-22,17:11:54,65.5,4815.53,49,35.0
2025-12-22,17:12:04,66.0,4840.81,49,35.0
2025-12-22,17:12:14,66.1,4841.18,48,35.0
2025-12-22,17:12:24,66.0,4841.61,49,35.0
2025-12-22,17:12:34,66.8,4839.35,47,34.0
2025-12-22,17:12:44,69.1,4403.73,50,34.0
2025-12-22,17:12:55,70.1,4790.63,49,34.0
2025-12-22,17:13:05,69.6,4815.98,55,34.0
2025-12-22,17:13:15,69.4,4791.11,49,34.0
2025-12-22,17:13:25,68.8,4787.45,48,34.0
2025-12-22,17:13:35,68.9,4791.36,48,34.0
2025-12-22,17:13:46,69.4,4810.85,48,34.0
2025-12-22,17:13:56,68.2,4787.02,49,34.0
2025-12-22,17:14:06,68.5,4792.19,48,34.0
2025-12-22,17:14:16,68.9,4789.96,50,34.0
2025-12-22,17:14:26,66.9,4815.13,48,34.0
2025-12-22,17:14:36,75.0,4343.30,51,34.0
2025-12-22,17:14:47,66.9,4842.23,54,34.0
2025-12-22,17:14:57,65.6,4842.34,49,35.0
2025-12-22,17:15:07,65.8,4816.05,49,35.0
2025-12-22,17:15:17,66.4,4841.22,48,35.0
2025-12-22,17:15:27,66.4,4816.37,48,35.0
2025-12-22,17:15:37,65.2,4817.49,48,35.0
2025-12-22,17:15:48,69.0,4528.36,48,35.0
2025-12-22,17:15:58,68.4,4796.38,50,34.0
2025-12-22,17:16:08,62.4,4810.21,48,35.0
2025-12-22,17:16:18,63.1,4815.03,48,34.0
2025-12-22,17:16:28,62.8,4790.76,48,34.0
2025-12-22,17:16:39,63.1,4840.92,49,34.0
2025-12-22,17:16:49,61.9,4811.29,48,34.0
2025-12-22,17:16:59,61.8,4840.71,48,34.0
2025-12-22,17:17:09,62.1,4841.10,48,34.0
2025-12-22,17:17:19,62.4,4816.07,49,34.0
2025-12-22,17:17:30,61.9,4816.07,48,34.0
2025-12-22,17:17:40,66.0,4839.30,51,34.0
2025-12-22,17:17:50,73.6,4143.81,72,34.0
2025-12-22,17:18:00,74.1,4168.98,50,35.0
2025-12-22,17:18:10,75.4,4566.86,50,35.0
2025-12-22,17:18:20,75.8,4641.62,51,35.0
2025-12-22,17:18:30,75.8,4689.11,51,35.0
2025-12-22,17:18:41,75.9,4541.03,51,35.0
2025-12-22,17:18:51,75.0,4661.71,53,35.0
2025-12-22,17:19:01,73.8,4623.13,49,34.0
2025-12-22,17:19:11,73.2,4816.45,49,34.0
2025-12-22,17:19:21,73.8,4684.35,49,34.0
2025-12-22,17:19:31,73.8,4712.39,49,34.0
2025-12-22,17:19:42,73.6,4788.42,49,34.0
2025-12-22,17:19:52,70.5,3952.34,50,34.0
2025-12-22,17:20:02,66.4,4791.15,50,34.0
2025-12-22,17:20:12,65.9,4816.00,51,33.0
2025-12-22,17:20:22,65.6,4840.67,53,34.0
2025-12-22,17:20:32,61.6,4815.99,48,33.0
2025-12-22,17:20:43,62.0,4818.94,49,34.0
2025-12-22,17:20:53,64.5,4779.03,57,34.0
2025-12-22,17:21:03,70.0,4791.38,51,34.0
2025-12-22,17:21:13,70.8,4814.05,49,35.0
2025-12-22,17:21:23,70.4,4816.09,49,35.0
2025-12-22,17:21:34,70.4,4816.51,49,35.0
2025-12-22,17:21:44,69.9,4791.08,48,35.0
2025-12-22,17:21:54,69.6,4817.04,49,35.0
2025-12-22,17:22:04,69.2,4817.04,49,35.0
2025-12-22,17:22:14,69.9,4815.26,50,35.0
2025-12-22,17:22:24,65.9,4815.39,48,34.0
2025-12-22,17:22:35,67.2,4814.94,49,35.0
2025-12-22,17:22:45,66.6,4789.94,49,34.0
2025-12-22,17:22:55,63.5,4841.07,49,34.0
2025-12-22,17:23:05,63.0,4816.60,48,34.0
2025-12-22,17:23:15,63.4,4815.68,49,35.0
2025-12-22,17:23:26,63.2,4813.55,49,34.0
2025-12-22,17:23:36,63.0,4841.35,49,34.0
2025-12-22,17:23:46,66.4,4839.95,56,34.0
2025-12-22,17:23:56,67.0,4815.35,49,34.0
2025-12-22,17:24:06,69.0,4419.69,49,34.0
2025-12-22,17:24:16,68.8,4839.39,50,34.0
2025-12-22,17:24:27,69.2,4840.77,49,34.0
2025-12-22,17:24:37,62.1,4816.51,49,34.0
2025-12-22,17:24:47,63.0,4688.39,49,34.0
2025-12-22,17:24:57,66.2,4839.37,48,34.0
2025-12-22,17:25:07,66.1,4815.34,51,35.0
2025-12-22,17:25:18,65.5,4815.87,48,35.0
2025-12-22,17:25:28,66.4,4762.48,48,35.0
2025-12-22,17:25:38,66.4,4841.12,54,35.0
2025-12-22,17:25:48,66.4,4839.77,48,35.0
2025-12-22,17:25:58,66.1,4840.02,49,35.0
2025-12-22,17:26:09,66.0,4839.19,48,35.0
2025-12-22,17:26:19,64.6,4816.31,48,35.0
2025-12-22,17:26:29,62.8,4842.43,48,35.0
2025-12-22,17:26:39,63.1,4841.83,51,35.0
2025-12-22,17:26:49,63.0,4864.10,48,35.0
2025-12-22,17:27:00,63.4,4809.40,49,35.0
2025-12-22,17:27:10,63.5,4840.77,49,34.0
2025-12-22,17:27:20,63.1,4839.43,48,35.0
2025-12-22,17:27:30,63.5,4815.32,48,34.0
2025-12-22,17:27:40,61.4,4840.36,49,34.0
2025-12-22,17:27:50,62.0,4840.95,49,34.0
2025-12-22,17:28:01,61.2,4841.45,49,34.0
2025-12-22,17:28:11,61.6,4817.98,49,34.0
2025-12-22,17:28:21,61.9,4839.78,49,34.0
2025-12-22,17:28:31,61.8,4841.28,49,34.0
2025-12-22,17:28:41,62.0,4815.58,49,34.0
2025-12-22,17:28:52,72.8,4064.98,68,34.0
2025-12-22,17:29:02,77.1,3695.94,72,35.0
2025-12-22,17:29:12,78.1,4411.64,73,35.0
2025-12-22,17:29:22,73.6,4466.83,52,35.0
2025-12-22,17:29:32,66.9,4816.13,52,35.0
2025-12-22,17:29:42,63.8,4836.66,56,35.0
2025-12-22,17:29:53,70.0,4656.38,51,34.0
2025-12-22,17:30:03,70.6,4791.92,51,34.0
2025-12-22,17:30:13,70.4,4815.68,50,34.0
2025-12-22,17:30:23,69.9,4814.59,52,34.0
2025-12-22,17:30:33,70.9,4841.25,49,34.0
2025-12-22,17:30:43,70.0,4791.16,49,34.0
2025-12-22,17:30:54,62.8,4826.15,51,34.0
2025-12-22,17:31:04,67.6,4791.17,49,34.0
2025-12-22,17:31:14,69.2,4764.91,51,34.0
2025-12-22,17:31:24,73.1,4785.47,57,34.0
2025-12-22,17:31:34,73.5,4256.54,51,34.0
2025-12-22,17:31:44,69.0,4837.99,50,34.0
2025-12-22,17:31:55,65.8,4815.32,49,35.0
2025-12-22,17:32:05,65.9,4816.75,49,35.0
2025-12-22,17:32:15,66.8,4809.28,49,35.0
2025-12-22,17:32:25,66.6,4808.49,49,35.0
2025-12-22,17:32:35,65.5,4816.73,49,35.0
2025-12-22,17:32:46,66.6,4815.38,49,35.0
2025-12-22,17:32:56,66.4,4840.57,48,35.0
2025-12-22,17:33:06,66.5,4816.60,49,35.0
2025-12-22,17:33:16,67.0,4813.91,51,35.0
2025-12-22,17:33:26,70.0,4586.24,47,35.0
2025-12-22,17:33:36,70.4,4153.02,47,34.0
2025-12-22,17:33:47,70.2,4284.17,45,34.0
2025-12-22,17:33:57,62.6,4838.73,49,34.0
2025-12-22,17:34:07,60.9,4840.66,48,34.0
2025-12-22,17:34:17,61.1,4817.37,48,34.0
2025-12-22,17:34:27,61.1,4855.60,50,34.0
2025-12-22,17:34:38,61.6,4840.99,51,34.0
2025-12-22,17:34:48,61.5,4841.22,49,34.0
2025-12-22,17:34:58,61.9,4833.84,49,34.0
2025-12-22,17:35:08,62.2,4816.03,48,34.0
2025-12-22,17:35:18,65.6,4865.87,48,35.0
2025-12-22,17:35:29,65.0,4395.20,48,35.0
2025-12-22,17:35:39,74.0,4293.20,47,35.0
2025-12-22,17:35:49,72.1,4839.99,48,35.0
2025-12-22,17:35:59,65.6,4815.74,47,35.0
2025-12-22,17:36:09,65.1,4348.57,47,35.0
2025-12-22,17:36:19,63.0,4169.04,51,35.0
2025-12-22,17:36:30,70.2,4817.73,49,35.0
2025-12-22,17:36:40,70.1,4791.67,48,34.0
2025-12-22,17:36:50,70.6,4396.00,51,34.0
2025-12-22,17:37:00,73.6,4376.70,48,35.0
2025-12-22,17:37:10,73.5,4281.95,48,34.0
2025-12-22,17:37:20,73.2,4574.62,56,34.0
2025-12-22,17:37:31,73.0,4695.78,48,34.0
2025-12-22,17:37:41,70.1,4299.75,54,34.0
2025-12-22,17:37:51,69.1,4494.06,48,34.0
2025-12-22,17:38:01,63.9,4840.89,53,34.0
2025-12-22,17:38:11,62.4,4840.28,48,34.0
2025-12-22,17:38:21,64.1,4817.25,48,35.0
2025-12-22,17:38:32,66.0,4297.80,48,34.0
2025-12-22,17:38:42,75.4,4510.53,48,35.0
2025-12-22,17:38:52,73.2,3753.57,47,35.0
2025-12-22,17:39:02,72.8,3777.43,46,35.0
2025-12-22,17:39:12,68.9,4016.43,45,34.0
2025-12-22,17:39:22,68.9,4087.52,46,35.0
2025-12-22,17:39:33,68.5,4841.41,49,34.0
2025-12-22,17:39:43,62.5,4841.83,49,34.0
2025-12-22,17:39:53,62.0,4807.88,47,34.0
2025-12-22,17:40:03,61.1,4366.56,47,34.0
2025-12-22,17:40:13,61.4,4840.82,52,34.0
2025-12-22,17:40:23,64.5,4840.71,51,35.0
2025-12-22,17:40:34,68.6,4791.41,48,34.0
2025-12-22,17:40:44,68.9,4790.92,48,34.0
2025-12-22,17:40:54,68.6,4077.32,50,34.0
2025-12-22,17:41:04,71.6,4768.60,48,34.0
2025-12-22,17:41:14,76.1,4769.62,49,35.0
2025-12-22,17:41:24,72.5,4396.34,48,35.0
2025-12-22,17:41:35,72.6,4790.84,49,35.0
2025-12-22,17:41:45,73.1,4270.44,48,35.0
2025-12-22,17:41:55,72.9,4829.82,54,35.0
2025-12-22,17:42:05,73.0,4816.03,49,35.0
2025-12-22,17:42:15,66.5,4816.04,48,35.0
2025-12-22,17:42:26,61.4,4841.67,48,34.0
2025-12-22,17:42:36,62.2,4816.70,48,34.0
2025-12-22,17:42:46,71.0,4376.86,47,34.0
2025-12-22,17:42:56,72.1,4722.15,49,34.0
2025-12-22,17:43:06,73.9,4747.92,50,34.0
2025-12-22,17:43:16,72.9,4210.36,49,34.0
2025-12-22,17:43:27,73.2,4716.18,49,34.0
2025-12-22,17:43:37,73.4,4313.63,49,34.0
2025-12-22,17:43:47,73.1,4669.72,51,34.0
2025-12-22,17:43:57,73.6,4615.88,50,34.0
2025-12-22,17:44:07,72.4,4791.26,48,34.0
2025-12-22,17:44:17,75.9,4674.50,49,34.0
2025-12-22,17:44:28,76.2,4791.80,52,35.0
2025-12-22,17:44:38,73.0,4218.30,48,35.0
2025-12-22,17:44:48,67.4,4567.35,48,35.0
2025-12-22,17:44:58,65.2,4347.10,48,35.0
2025-12-22,17:45:08,72.8,4332.22,48,35.0
2025-12-22,17:45:18,69.0,4842.99,52,34.0
2025-12-22,17:45:29,69.9,4496.29,49,34.0
2025-12-22,17:45:39,69.8,4790.31,49,34.0
2025-12-22,17:45:49,69.6,4785.25,49,34.0
2025-12-22,17:45:59,69.6,4791.37,48,34.0
2025-12-22,17:46:09,70.4,4817.09,50,34.0
2025-12-22,17:46:19,68.6,4814.44,48,34.0
2025-12-22,17:46:30,68.6,4800.61,55,34.0
2025-12-22,17:46:40,68.9,4790.97,54,34.0
2025-12-22,17:46:50,68.8,4791.63,48,34.0
2025-12-22,17:47:00,68.9,4241.25,48,34.0
2025-12-22,17:47:10,65.9,3880.79,47,34.0
2025-12-22,17:47:20,71.5,4277.86,53,34.0
2025-12-22,17:47:31,73.0,4765.59,47,35.0
2025-12-22,17:47:41,73.0,3960.69,45,35.0
2025-12-22,17:47:51,68.4,3633.09,45,34.0
2025-12-22,17:48:01,69.0,4150.28,44,34.0
2025-12-22,17:48:11,69.2,4036.30,43,34.0
2025-12-22,17:48:21,68.5,4603.56,45,34.0
2025-12-22,17:48:32,69.0,4816.15,48,34.0
2025-12-22,17:48:42,71.8,4298.80,48,34.0
2025-12-22,17:48:52,71.2,4750.14,49,34.0
2025-12-22,17:49:02,71.1,4773.47,50,34.0
2025-12-22,17:49:12,70.1,4738.83,50,34.0
2025-12-22,17:49:22,74.2,4660.66,51,34.0
2025-12-22,17:49:33,74.0,4710.98,51,35.0
2025-12-22,17:49:43,74.9,4652.81,51,35.0
2025-12-22,17:49:53,75.2,4723.67,57,35.0
2025-12-22,17:50:03,75.9,4669.33,50,35.0
2025-12-22,17:50:13,74.9,4817.17,50,35.0
2025-12-22,17:50:23,65.4,4841.34,49,35.0
2025-12-22,17:50:34,62.1,4816.62,49,34.0
2025-12-22,17:50:44,62.6,4791.68,49,34.0
2025-12-22,17:50:54,62.4,4791.14,49,34.0
2025-12-22,17:51:04,62.4,4840.90,49,34.0
2025-12-22,17:51:14,62.9,4816.52,49,35.0
2025-12-22,17:51:25,66.8,4376.45,53,34.0
2025-12-22,17:51:35,68.8,4093.16,49,34.0
2025-12-22,17:51:45,62.6,4842.33,50,34.0
2025-12-22,17:51:55,61.5,4816.17,49,34.0
2025-12-22,17:52:05,62.4,4841.19,48,34.0
2025-12-22,17:52:15,62.5,4815.97,49,34.0
2025-12-22,17:52:26,72.2,4791.88,53,34.0
2025-12-22,17:52:36,75.8,4302.78,54,35.0
2025-12-22,17:52:46,76.0,4765.52,49,35.0
2025-12-22,17:52:56,76.4,4407.03,49,35.0
2025-12-22,17:53:06,76.5,4640.69,50,35.0
2025-12-22,17:53:16,77.2,4691.55,49,35.0
2025-12-22,17:53:27,75.8,4765.77,50,35.0
2025-12-22,17:53:37,76.2,4758.24,48,35.0
2025-12-22,17:53:47,67.8,4815.75,49,35.0
2025-12-22,17:53:57,63.4,4816.01,48,34.0
2025-12-22,17:54:07,63.6,4731.37,48,34.0
2025-12-22,17:54:17,63.8,4816.32,48,35.0
2025-12-22,17:54:28,69.8,3925.02,48,34.0
2025-12-22,17:54:38,68.0,4248.65,47,34.0
2025-12-22,17:54:48,68.5,4652.64,45,34.0
2025-12-22,17:54:58,67.4,4319.02,45,34.0
2025-12-22,17:55:08,72.6,4112.15,44,35.0
2025-12-22,17:55:18,72.5,3941.55,43,35.0
2025-12-22,17:55:29,71.8,4891.58,48,35.0
2025-12-22,17:55:39,71.4,3910.36,45,36.0
2025-12-22,17:55:49,68.5,4219.46,45,34.0
2025-12-22,17:55:59,68.5,4224.35,44,34.0
2025-12-22,17:56:09,68.6,3882.72,44,34.0
2025-12-22,17:56:19,66.6,3850.27,44,34.0
2025-12-22,17:56:30,65.6,3971.43,45,34.0
2025-12-22,17:56:40,65.4,3724.71,46,34.0
2025-12-22,17:56:50,71.5,4276.82,45,35.0
2025-12-22,17:57:00,69.1,4841.17,48,35.0
2025-12-22,17:57:10,68.8,4682.63,53,35.0
2025-12-22,17:57:20,70.4,4816.12,49,35.0
2025-12-22,17:57:31,71.9,4816.13,52,35.0
2025-12-22,17:57:41,70.9,4771.97,51,35.0
2025-12-22,17:57:51,68.4,4790.10,49,35.0
2025-12-22,17:58:01,69.0,4792.27,50,34.0
2025-12-22,17:58:11,72.1,4705.09,49,34.0
2025-12-22,17:58:21,73.1,4740.80,48,34.0
2025-12-22,17:58:32,73.0,4692.48,49,34.0
2025-12-22,17:58:42,73.0,4697.22,48,34.0
2025-12-22,17:58:52,71.9,4730.55,48,34.0
2025-12-22,17:59:02,68.1,4815.79,48,34.0
2025-12-22,17:59:12,62.0,4840.61,48,34.0
2025-12-22,17:59:22,61.6,4816.11,48,34.0
2025-12-22,17:59:33,61.4,4816.69,48,34.0
2025-12-22,17:59:43,61.9,4687.41,48,34.0
2025-12-22,17:59:53,61.2,4840.91,48,33.0
2025-12-22,18:00:03,72.2,4243.90,49,35.0
2025-12-22,18:00:13,72.6,4790.04,52,34.0
2025-12-22,18:00:23,74.8,4258.87,49,35.0
2025-12-22,18:00:34,75.2,4642.15,50,35.0
2025-12-22,18:00:44,75.1,4691.37,49,35.0
2025-12-22,18:00:54,75.5,4680.52,49,35.0
2025-12-22,18:01:04,73.5,4720.32,50,34.0
2025-12-22,18:01:14,73.0,4719.73,49,35.0
2025-12-22,18:01:24,73.0,4689.67,49,34.0
2025-12-22,18:01:35,74.0,4665.89,49,34.0
2025-12-22,18:01:45,73.0,4707.56,49,34.0
2025-12-22,18:01:55,72.6,4790.95,49,34.0
2025-12-22,18:02:05,72.1,4708.86,49,34.0
2025-12-22,18:02:15,68.6,4323.22,63,34.0
2025-12-22,18:02:25,70.4,3834.19,51,34.0
2025-12-22,18:02:36,64.0,4814.37,50,34.0
2025-12-22,18:02:46,63.6,4768.91,50,34.0
2025-12-22,18:02:56,66.1,4841.20,49,34.0
2025-12-22,18:03:06,65.6,4357.95,54,34.0
2025-12-22,18:03:16,65.8,4663.96,48,35.0
2025-12-22,18:03:27,65.5,4840.78,48,35.0
2025-12-22,18:03:37,66.1,4812.53,52,35.0
2025-12-22,18:03:47,66.5,4842.09,49,35.0
2025-12-22,18:03:57,66.4,4841.35,53,35.0
2025-12-22,18:04:07,66.4,4816.75,48,35.0
2025-12-22,18:04:18,68.4,4181.71,51,35.0
2025-12-22,18:04:28,63.4,4840.37,49,34.0
2025-12-22,18:04:38,62.6,4825.93,49,34.0
2025-12-22,18:04:48,62.9,4842.07,49,34.0
2025-12-22,18:04:58,63.0,4839.63,48,35.0
2025-12-22,18:05:08,63.1,4840.21,51,35.0
2025-12-22,18:05:19,63.4,4841.01,48,34.0
2025-12-22,18:05:29,63.6,4815.66,48,35.0
2025-12-22,18:05:39,67.5,3600.85,48,34.0
2025-12-22,18:05:49,68.9,3931.27,47,34.0
2025-12-22,18:05:59,68.6,4022.31,45,34.0
2025-12-22,18:06:09,73.4,4800.14,45,35.0
2025-12-22,18:06:20,73.1,4155.85,44,35.0
2025-12-22,18:06:30,73.0,4144.61,43,35.0
2025-12-22,18:06:40,73.0,4300.87,43,35.0
2025-12-22,18:06:50,69.2,3700.05,43,34.0
2025-12-22,18:07:00,69.2,3902.29,43,34.0
2025-12-22,18:07:10,69.1,3624.34,43,34.0
2025-12-22,18:07:21,67.1,4145.81,43,34.0
2025-12-22,18:07:31,66.8,4373.54,44,34.0
2025-12-22,18:07:41,62.2,4890.07,49,34.0
2025-12-22,18:07:51,62.5,4891.67,50,34.0
2025-12-22,18:08:01,66.0,4841.21,51,35.0
2025-12-22,18:08:12,71.4,4197.57,49,35.0
2025-12-22,18:08:22,71.8,3761.57,48,35.0
2025-12-22,18:08:32,71.4,4195.75,47,35.0
2025-12-22,18:08:42,68.8,4407.30,47,35.0
2025-12-22,18:08:52,68.8,4049.64,47,35.0
2025-12-22,18:09:02,68.4,4159.91,47,34.0
2025-12-22,18:09:12,66.6,3719.92,46,34.0
2025-12-22,18:09:23,66.1,4283.09,46,34.0
2025-12-22,18:09:33,64.6,3686.91,46,34.0
2025-12-22,18:09:43,71.0,4609.54,46,35.0
2025-12-22,18:09:53,70.9,3787.56,46,35.0
2025-12-22,18:10:03,71.5,3926.36,46,35.0
2025-12-22,18:10:13,70.5,4211.36,46,35.0
2025-12-22,18:10:24,67.1,4024.40,45,35.0
2025-12-22,18:10:34,67.5,4268.01,45,34.0
2025-12-22,18:10:44,65.4,4371.55,45,34.0
2025-12-22,18:10:54,65.9,4151.17,45,34.0
2025-12-22,18:11:04,66.1,3795.48,45,34.0
2025-12-22,18:11:14,67.8,4046.58,45,35.0
2025-12-22,18:11:25,71.1,4420.67,45,35.0
2025-12-22,18:11:35,70.8,3875.27,45,35.0
2025-12-22,18:11:45,70.8,4730.27,45,35.0
2025-12-22,18:11:55,66.9,4527.10,45,35.0
2025-12-22,18:12:05,67.2,4285.84,45,35.0
2025-12-22,18:12:15,67.1,4768.15,45,34.0
2025-12-22,18:12:26,65.4,4299.43,44,35.0
2025-12-22,18:12:36,65.4,4222.08,44,34.0
2025-12-22,18:12:46,65.4,4414.90,44,34.0
2025-12-22,18:12:56,70.1,3868.00,44,35.0
2025-12-22,18:13:06,70.9,4049.51,44,35.0
2025-12-22,18:13:16,70.5,4022.35,44,35.0
2025-12-22,18:13:27,70.6,3954.96,44,35.0
2025-12-22,18:13:37,66.4,4104.95,44,34.0
2025-12-22,18:13:47,67.2,4219.33,44,34.0
2025-12-22,18:13:57,66.9,3875.30,44,34.0
2025-12-22,18:14:07,65.6,3937.43,44,34.0
2025-12-22,18:14:17,65.0,3754.84,44,34.0
2025-12-22,18:14:27,65.4,4308.00,44,34.0
2025-12-22,18:14:38,69.9,4132.33,44,35.0
2025-12-22,18:14:48,70.2,3732.52,44,35.0
2025-12-22,18:14:58,70.2,4192.13,44,35.0
2025-12-22,18:15:08,70.5,4014.48,43,35.0
2025-12-22,18:15:18,66.2,4174.38,43,35.0
2025-12-22,18:15:28,67.1,4103.20,43,34.0
2025-12-22,18:15:39,66.9,4094.90,43,34.0
2025-12-22,18:15:49,65.4,3952.76,43,34.0
2025-12-22,18:15:59,65.2,4040.58,43,34.0
2025-12-22,18:16:09,65.2,4102.48,43,34.0
2025-12-22,18:16:19,69.2,4109.60,43,34.0
2025-12-22,18:16:29,70.2,3904.20,43,35.0
2025-12-22,18:16:40,70.2,3890.40,43,35.0
2025-12-22,18:16:50,70.1,4101.76,43,35.0
2025-12-22,18:17:00,66.4,4084.26,43,35.0
2025-12-22,18:17:10,67.1,4341.92,43,34.0
2025-12-22,18:17:20,67.0,3733.74,43,34.0
2025-12-22,18:17:30,64.9,4030.26,43,34.0
2025-12-22,18:17:41,65.1,3901.29,43,34.0
2025-12-22,18:17:51,65.1,3922.03,43,34.0
2025-12-22,18:18:01,69.2,4426.67,43,35.0
2025-12-22,18:18:11,69.4,3762.72,43,35.0
2025-12-22,18:18:21,70.0,4000.61,43,35.0
2025-12-22,18:18:31,70.0,3821.73,43,35.0
2025-12-22,18:18:41,66.6,4089.58,43,35.0
2025-12-22,18:18:52,66.5,4503.08,43,34.0
2025-12-22,18:19:02,67.0,4355.00,43,34.0
2025-12-22,18:19:12,64.8,4198.01,43,34.0
2025-12-22,18:19:22,65.6,4278.22,43,34.0
2025-12-22,18:19:32,65.0,4096.13,43,34.0
2025-12-22,18:19:42,68.4,4509.25,43,35.0
2025-12-22,18:19:53,69.6,4709.11,43,35.0
2025-12-22,18:20:03,70.0,4326.20,43,35.0
2025-12-22,18:20:13,69.9,4295.94,43,35.0
2025-12-22,18:20:23,66.5,3605.94,43,35.0
2025-12-22,18:20:33,66.8,4071.90,43,34.0
2025-12-22,18:20:43,66.8,4183.77,42,34.0
2025-12-22,18:20:53,63.5,3776.62,42,34.0
2025-12-22,18:21:04,65.0,4097.85,43,34.0
2025-12-22,18:21:14,65.1,4248.30,43,34.0
2025-12-22,18:21:24,65.2,4212.16,42,34.0
2025-12-22,18:21:34,69.6,4000.86,42,34.0
2025-12-22,18:21:44,69.9,4208.16,42,34.0
2025-12-22,18:21:54,69.6,4195.56,42,35.0
2025-12-22,18:22:04,69.6,3904.55,42,35.0
2025-12-22,18:22:15,67.0,4366.37,42,34.0
2025-12-22,18:22:25,66.9,4032.00,42,34.0
2025-12-22,18:22:35,66.5,4455.63,42,34.0
2025-12-22,18:22:45,64.8,3912.22,42,34.0
2025-12-22,18:22:55,64.9,3884.78,42,34.0
2025-12-22,18:23:05,63.4,4133.02,42,34.0
2025-12-22,18:23:15,70.2,3861.37,42,35.0
2025-12-22,18:23:26,69.6,4043.67,42,35.0
2025-12-22,18:23:36,69.6,4193.91,42,35.0
2025-12-22,18:23:46,69.6,4042.50,42,35.0
2025-12-22,18:23:56,66.5,4074.01,42,34.0
2025-12-22,18:24:06,66.6,4321.54,42,34.0
2025-12-22,18:24:16,66.9,3635.60,42,34.0
2025-12-22,18:24:26,64.8,3829.99,42,34.0
2025-12-22,18:24:37,65.0,3767.79,42,34.0
2025-12-22,18:24:47,65.1,4144.63,42,34.0
2025-12-22,18:24:57,69.5,3985.94,42,34.0
2025-12-22,18:25:07,70.1,4435.66,42,35.0
2025-12-22,18:25:17,70.2,4473.17,42,35.0
2025-12-22,18:25:27,70.0,4347.36,42,35.0
2025-12-22,18:25:37,66.5,4137.26,42,34.0
2025-12-22,18:25:48,67.0,3717.10,42,34.0
2025-12-22,18:25:58,66.4,4134.51,42,34.0
2025-12-22,18:26:08,64.5,3641.13,42,34.0
2025-12-22,18:26:18,64.6,3826.68,42,33.0
2025-12-22,18:26:28,64.8,4227.56,42,33.0
2025-12-22,18:26:38,69.4,4246.02,42,34.0
2025-12-22,18:26:49,69.6,4157.37,42,35.0
2025-12-22,18:26:59,69.9,3639.37,42,34.0
2025-12-22,18:27:09,69.6,3829.57,42,35.0
2025-12-22,18:27:19,66.2,4103.11,42,34.0
2025-12-22,18:27:29,66.9,4113.33,42,34.0
2025-12-22,18:27:39,66.4,3894.24,42,34.0
2025-12-22,18:27:49,64.6,3920.32,42,34.0
2025-12-22,18:28:00,65.2,4308.40,42,34.0
2025-12-22,18:28:10,64.1,3926.76,42,34.0
2025-12-22,18:28:20,69.2,4253.28,42,34.0
2025-12-22,18:28:30,69.6,4354.97,42,34.0
2025-12-22,18:28:40,69.6,3506.62,42,35.0
2025-12-22,18:28:50,69.2,4155.75,42,34.0
2025-12-22,18:29:00,65.5,3936.77,42,34.0
2025-12-22,18:29:11,66.6,3868.73,42,34.0
2025-12-22,18:29:21,66.0,4164.28,42,34.0
2025-12-22,18:29:31,64.2,4140.90,42,34.0
2025-12-22,18:29:41,64.1,3758.46,42,34.0
2025-12-22,18:29:51,64.6,4407.35,42,34.0
2025-12-22,18:30:01,67.8,4330.78,42,34.0
2025-12-22,18:30:11,69.8,3840.53,42,34.0
2025-12-22,18:30:22,69.5,4348.88,42,34.0
2025-12-22,18:30:32,69.6,4287.32,42,35.0
2025-12-22,18:30:42,66.5,3514.21,42,34.0
2025-12-22,18:30:52,66.5,4424.54,42,34.0
2025-12-22,18:31:02,66.5,3712.63,42,34.0
2025-12-22,18:31:12,66.9,4265.89,42,34.0
2025-12-22,18:31:23,64.2,4493.70,42,34.0
2025-12-22,18:31:33,63.8,3935.01,42,34.0
2025-12-22,18:31:43,63.9,4013.60,42,33.0
2025-12-22,18:31:53,69.1,3981.71,42,34.0
2025-12-22,18:32:03,69.1,4142.99,42,34.0
2025-12-22,18:32:13,69.6,4237.28,42,35.0
2025-12-22,18:32:23,69.5,4231.99,42,35.0
2025-12-22,18:32:34,66.5,3912.80,42,34.0
2025-12-22,18:32:44,66.4,3713.52,42,34.0
2025-12-22,18:32:54,66.4,3631.11,42,34.0
2025-12-22,18:33:04,66.5,4138.59,60,34.0
2025-12-22,18:33:14,68.1,3931.69,50,34.0
2025-12-22,18:33:24,64.9,4062.69,46,34.0
2025-12-22,18:33:34,63.8,3802.52,44,33.0
2025-12-22,18:33:45,70.0,4295.84,44,34.0
2025-12-22,18:33:55,70.2,4097.88,43,35.0
2025-12-22,18:34:05,69.8,4256.67,42,34.0
2025-12-22,18:34:15,69.6,3760.09,42,35.0
2025-12-22,18:34:25,66.2,3891.75,42,34.0
2025-12-22,18:34:35,66.6,4186.56,42,34.0
2025-12-22,18:34:46,66.4,4279.44,42,34.0
2025-12-22,18:34:56,64.5,3912.06,42,34.0
2025-12-22,18:35:06,71.1,4132.24,70,34.0
2025-12-22,18:35:16,65.2,3963.48,48,34.0
2025-12-22,18:35:26,62.9,3718.13,47,33.0
2025-12-22,18:35:36,70.4,3753.40,45,34.0
2025-12-22,18:35:46,70.5,4201.93,44,35.0
2025-12-22,18:35:57,70.8,4274.67,43,35.0
2025-12-22,18:36:07,70.2,3734.06,43,35.0
2025-12-22,18:36:17,66.6,3835.97,42,34.0
2025-12-22,18:36:27,67.5,4043.66,42,34.0
2025-12-22,18:36:37,66.8,4233.40,42,34.0
2025-12-22,18:36:47,64.6,4107.16,42,34.0
2025-12-22,18:36:58,65.2,3979.32,42,34.0
2025-12-22,18:37:08,65.2,4099.93,42,34.0
2025-12-22,18:37:18,64.6,3962.11,42,34.0
2025-12-22,18:37:28,70.6,3900.53,42,34.0
2025-12-22,18:37:38,69.5,4210.50,42,35.0
2025-12-22,18:37:48,70.4,4208.50,42,35.0
2025-12-22,18:37:59,69.9,4115.05,42,35.0
2025-12-22,18:38:09,66.1,4508.29,42,34.0
2025-12-22,18:38:19,65.9,3979.33,42,34.0
2025-12-22,18:38:29,66.2,3920.12,42,34.0
2025-12-22,18:38:39,64.2,3947.83,42,34.0
2025-12-22,18:38:49,64.2,3975.58,42,34.0
2025-12-22,18:39:00,64.2,3723.67,42,34.0
2025-12-22,18:39:10,65.1,4103.53,42,34.0
2025-12-22,18:39:20,70.0,4283.44,42,34.0
2025-12-22,18:39:30,69.2,4241.43,42,35.0
2025-12-22,18:39:40,69.8,4270.20,42,35.0
2025-12-22,18:39:50,70.0,4275.09,42,35.0
2025-12-22,18:40:00,66.8,4154.19,42,34.0
2025-12-22,18:40:11,66.4,3945.58,42,34.0
2025-12-22,18:40:21,66.0,4813.54,42,34.0
2025-12-22,18:40:31,65.0,4010.21,42,34.0
2025-12-22,18:40:41,64.2,4052.52,42,34.0
2025-12-22,18:40:51,64.5,3875.06,42,34.0
2025-12-22,18:41:01,67.5,3867.50,42,34.0
2025-12-22,18:41:12,69.6,4400.02,42,34.0
2025-12-22,18:41:22,70.2,4478.71,42,35.0
2025-12-22,18:41:32,69.8,3822.60,42,35.0
2025-12-22,18:41:42,70.2,3948.94,42,35.0
2025-12-22,18:41:52,65.2,4259.54,42,34.0
2025-12-22,18:42:02,67.6,4765.87,42,35.0
2025-12-22,18:42:13,68.4,4292.31,42,34.0
2025-12-22,18:42:23,67.2,4143.41,42,34.0
2025-12-22,18:42:33,66.6,4138.94,42,34.0
2025-12-22,18:42:43,64.6,3775.69,42,34.0
2025-12-22,18:42:53,61.8,3957.42,42,34.0
2025-12-22,18:43:03,69.9,3931.56,42,34.0
2025-12-22,18:43:14,70.1,3599.81,42,35.0
2025-12-22,18:43:24,69.4,4028.04,42,35.0
2025-12-22,18:43:34,70.1,4770.88,42,35.0
2025-12-22,18:43:44,66.2,3935.06,42,34.0
2025-12-22,18:43:54,66.1,4071.00,42,34.0
2025-12-22,18:44:04,66.4,3909.84,42,34.0
2025-12-22,18:44:15,63.9,4028.35,42,34.0
2025-12-22,18:44:25,64.5,4138.39,42,34.0
2025-12-22,18:44:35,65.1,3992.03,42,34.0
2025-12-22,18:44:45,62.5,3903.46,42,34.0
2025-12-22,18:44:55,70.0,4203.27,42,34.0
2025-12-22,18:45:05,69.8,4024.54,42,35.0
2025-12-22,18:45:15,70.0,3906.09,42,35.0
2025-12-22,18:45:26,69.2,4195.05,42,35.0
2025-12-22,18:45:36,66.4,3882.48,42,34.0
2025-12-22,18:45:46,66.5,3779.57,42,34.0
2025-12-22,18:45:56,66.5,4023.31,42,34.0
2025-12-22,18:46:06,64.6,4110.96,42,34.0
2025-12-22,18:46:16,64.2,4177.44,42,34.0
2025-12-22,18:46:27,64.1,4034.00,42,34.0
2025-12-22,18:46:37,63.0,3795.38,42,34.0
2025-12-22,18:46:47,69.4,4027.14,42,35.0
2025-12-22,18:46:57,69.8,4179.59,42,34.0
2025-12-22,18:47:07,68.9,4064.09,42,35.0
2025-12-22,18:47:17,69.1,3768.29,42,35.0
2025-12-22,18:47:27,65.4,3836.39,42,34.0
2025-12-22,18:47:38,66.1,3675.99,42,34.0
2025-12-22,18:47:48,65.8,3866.07,42,34.0
2025-12-22,18:47:58,62.6,4863.10,42,34.0
2025-12-22,18:48:08,64.0,3920.14,42,34.0
2025-12-22,18:48:18,64.4,3989.22,42,34.0
2025-12-22,18:48:28,64.6,4891.21,42,33.0
2025-12-22,18:48:38,69.1,3865.61,42,34.0
2025-12-22,18:48:49,69.4,4000.20,42,34.0
2025-12-22,18:48:59,69.8,3739.02,42,35.0
2025-12-22,18:49:09,69.4,3870.51,42,35.0
2025-12-22,18:49:19,65.4,3908.86,42,34.0
2025-12-22,18:49:29,65.9,3896.96,42,34.0
2025-12-22,18:49:39,66.5,4036.30,42,34.0
2025-12-22,18:49:50,66.2,4128.04,42,34.0
2025-12-22,18:50:00,64.4,3566.72,42,34.0
2025-12-22,18:50:10,64.2,4012.92,42,34.0
2025-12-22,18:50:20,64.5,4145.95,42,34.0
2025-12-22,18:50:30,69.2,4405.40,42,34.0
2025-12-22,18:50:40,69.6,4124.44,42,34.0
2025-12-22,18:50:50,69.4,3873.97,42,35.0
2025-12-22,18:51:01,69.4,4611.15,42,35.0
2025-12-22,18:51:11,64.4,4122.60,42,34.0
2025-12-22,18:51:21,65.6,4150.83,42,34.0
2025-12-22,18:51:31,65.9,4135.32,42,34.0
2025-12-22,18:51:41,66.0,3490.54,42,34.0
2025-12-22,18:51:51,64.4,4250.20,42,34.0
2025-12-22,18:52:01,64.5,3907.61,42,34.0
2025-12-22,18:52:12,64.2,4182.01,42,34.0
2025-12-22,18:52:22,67.8,4135.72,42,35.0
2025-12-22,18:52:32,69.4,3786.71,42,34.0
2025-12-22,18:52:42,69.5,4624.97,42,35.0
2025-12-22,18:52:52,68.8,3502.58,42,35.0
2025-12-22,18:53:02,69.9,4014.02,42,35.0
2025-12-22,18:53:12,65.9,3932.63,42,34.0
2025-12-22,18:53:23,65.8,4286.28,42,34.0
2025-12-22,18:53:33,66.0,4126.55,42,34.0
2025-12-22,18:53:43,63.9,3911.07,42,34.0
2025-12-22,18:53:53,64.4,3857.77,42,34.0
2025-12-22,18:54:03,63.8,4063.64,42,34.0
2025-12-22,18:54:13,64.6,3705.56,42,34.0
2025-12-22,18:54:23,69.4,4047.30,42,34.0
2025-12-22,18:54:34,69.4,3860.80,42,35.0
2025-12-22,18:54:44,69.5,3665.08,42,35.0
2025-12-22,18:54:54,69.2,4450.11,42,35.0
2025-12-22,18:55:04,65.8,3727.23,42,34.0
2025-12-22,18:55:14,66.2,3934.72,42,34.0
2025-12-22,18:55:24,65.8,4459.12,42,34.0
2025-12-22,18:55:34,64.9,4145.50,42,34.0
2025-12-22,18:55:45,64.4,3692.15,42,34.0
2025-12-22,18:55:55,64.4,3921.45,42,34.0
2025-12-22,18:56:05,64.8,4319.41,42,33.0
2025-12-22,18:56:15,69.1,4815.89,42,34.0
2025-12-22,18:56:25,69.8,3865.97,42,35.0
2025-12-22,18:56:35,69.2,4208.34,42,35.0
2025-12-22,18:56:46,69.6,4435.02,42,35.0
2025-12-22,18:56:56,65.4,3907.80,42,34.0
2025-12-22,18:57:06,66.0,4232.53,42,34.0
2025-12-22,18:57:16,66.1,4540.73,42,34.0
2025-12-22,18:57:26,65.9,3955.16,42,34.0
2025-12-22,18:57:36,64.0,4179.39,42,34.0
2025-12-22,18:57:46,64.1,3806.54,42,34.0
2025-12-22,18:57:57,64.0,4173.73,42,34.0
2025-12-22,18:58:07,68.5,4087.26,42,35.0
2025-12-22,18:58:17,69.6,3792.13,42,35.0
2025-12-22,18:58:27,69.9,3692.73,42,35.0
2025-12-22,18:58:37,69.6,4138.98,42,35.0
2025-12-22,18:58:47,68.0,4311.19,42,35.0
2025-12-22,18:58:57,65.4,4642.37,42,35.0
2025-12-22,18:59:08,65.9,4009.67,42,34.0
2025-12-22,18:59:18,66.0,4307.40,42,34.0
2025-12-22,18:59:28,64.0,4277.45,42,34.0
2025-12-22,18:59:38,64.2,3777.91,42,34.0
2025-12-22,18:59:48,64.9,4228.19,42,33.0
2025-12-22,18:59:58,62.5,4381.85,42,34.0
2025-12-22,19:00:08,69.8,4002.53,42,35.0
2025-12-22,19:00:19,70.2,4083.40,42,35.0
2025-12-22,19:00:29,69.9,4182.47,42,35.0
2025-12-22,19:00:39,69.9,4234.89,42,35.0
2025-12-22,19:00:49,66.0,4191.89,42,34.0
2025-12-22,19:00:59,66.2,3875.29,42,34.0
2025-12-22,19:01:09,66.0,3952.12,42,34.0
2025-12-22,19:01:19,65.1,3924.85,42,34.0
2025-12-22,19:01:30,48.2,3501.37,42,33.0
2025-12-22,19:01:40,37.2,3939.88,42,33.0
2025-12-22,19:01:50,35.8,3599.61,42,33.0
2025-12-22,19:02:00,35.8,3384.64,42,34.0
2025-12-22,19:02:10,37.6,3471.73,42,34.0
2025-12-22,19:02:20,36.2,3570.93,42,33.0
2025-12-22,19:02:31,35.2,3494.41,42,33.0
2025-12-22,19:02:41,36.4,4225.41,42,33.0
2025-12-22,19:02:51,35.9,3796.72,42,33.0
2025-12-22,19:03:01,35.1,3443.18,42,33.0
2025-12-22,19:03:11,37.6,3506.37,42,33.0
2025-12-22,19:03:21,35.5,3508.85,42,33.0
2025-12-22,19:03:32,35.9,3498.60,43,33.0
2025-12-22,19:03:42,35.8,3467.72,43,33.0
2025-12-22,19:03:52,35.2,3477.96,43,33.0
2025-12-22,19:04:02,35.8,3627.94,43,34.0
2025-12-22,19:04:12,36.9,3511.46,43,33.0
2025-12-22,19:04:22,36.0,3816.16,43,33.0
2025-12-22,19:04:33,35.2,4129.66,43,33.0
2025-12-22,19:04:43,35.8,3976.54,43,33.0
2025-12-22,19:04:53,35.9,3386.65,43,33.0
2025-12-22,19:05:03,36.1,3664.58,43,33.0
2025-12-22,19:05:13,37.0,3720.36,43,33.0
2025-12-22,19:05:23,35.6,3443.82,43,33.0
2025-12-22,19:05:33,35.9,3612.64,43,33.0
2025-12-22,19:05:44,35.6,3719.60,43,33.0
2025-12-22,19:05:54,35.1,3716.91,43,33.0
2025-12-22,19:06:04,35.4,3727.32,43,33.0
2025-12-22,19:06:14,36.1,3565.15,43,33.0
2025-12-22,19:06:24,35.9,3488.02,43,33.0
2025-12-22,19:06:34,34.9,3436.46,43,33.0
2025-12-22,19:06:45,35.8,3385.94,43,33.0
2025-12-22,19:06:55,35.1,3589.98,44,33.0
2025-12-22,19:07:05,34.5,3639.23,44,33.0
2025-12-22,19:07:15,36.0,3745.59,44,34.0
2025-12-22,19:07:25,34.8,3458.53,44,34.0
2025-12-22,19:07:35,35.1,3841.61,44,34.0
2025-12-22,19:07:46,38.9,3536.10,44,34.0
2025-12-22,19:07:56,36.0,3736.37,44,33.0
2025-12-22,19:08:06,35.1,3397.58,44,34.0
2025-12-22,19:08:16,35.2,3383.92,44,34.0
2025-12-22,19:08:26,35.2,3749.10,44,34.0
2025-12-22,19:08:36,34.5,3385.75,44,34.0
2025-12-22,19:08:47,35.5,3614.01,44,33.0
2025-12-22,19:08:57,35.4,3717.07,44,34.0
2025-12-22,19:09:07,34.2,3543.74,44,34.0
2025-12-22,19:09:17,35.8,3349.99,44,34.0
2025-12-22,19:09:27,34.9,3595.62,44,33.0
2025-12-22,19:09:37,35.5,3453.05,44,34.0
2025-12-22,19:09:48,35.2,3436.27,44,34.0
2025-12-22,19:09:58,35.8,3204.55,44,34.0
2025-12-22,19:10:08,35.1,4090.90,44,34.0
2025-12-22,19:10:18,36.1,3321.01,44,34.0
2025-12-22,19:10:28,35.8,3138.51,44,34.0
2025-12-22,19:10:38,36.8,3393.70,44,34.0
2025-12-22,19:10:49,35.6,3283.63,44,34.0
2025-12-22,19:10:59,35.1,3634.03,44,34.0
2025-12-22,19:11:09,35.2,3768.78,44,34.0
2025-12-22,19:11:19,35.4,3282.77,44,34.0
2025-12-22,19:11:29,34.5,3262.62,44,34.0
2025-12-22,19:11:39,35.2,4156.54,44,34.0
2025-12-22,19:11:50,34.9,3517.93,44,34.0
2025-12-22,19:12:00,35.6,3692.34,44,34.0
2025-12-22,19:12:10,35.6,3439.49,44,34.0
2025-12-22,19:12:20,35.2,3641.99,44,34.0
2025-12-22,19:12:30,35.2,3344.48,44,34.0
2025-12-22,19:12:40,34.6,3460.34,44,34.0
2025-12-22,19:12:51,36.9,3378.72,45,34.0
2025-12-22,19:13:01,35.2,3627.31,45,33.0
2025-12-22,19:13:11,35.4,3544.35,45,34.0
2025-12-22,19:13:21,35.4,3283.26,45,34.0
2025-12-22,19:13:31,34.5,3523.88,45,34.0
2025-12-22,19:13:41,35.6,3357.34,45,34.0
2025-12-22,19:13:52,34.9,4119.60,45,34.0
2025-12-22,19:14:02,35.8,4002.39,45,34.0
2025-12-22,19:14:12,35.0,3836.06,45,34.0
2025-12-22,19:14:22,36.0,3511.48,45,34.0
2025-12-22,19:14:32,35.4,3607.26,45,34.0
2025-12-22,19:14:42,35.0,3171.67,45,34.0
2025-12-22,19:14:53,44.9,3284.92,45,34.0
2025-12-22,19:15:03,36.1,3660.16,45,34.0
2025-12-22,19:15:13,41.2,3299.12,45,34.0
2025-12-22,19:15:23,37.4,3501.88,45,34.0
2025-12-22,19:15:33,35.5,4036.76,45,34.0
2025-12-22,19:15:43,35.6,3501.20,45,34.0
2025-12-22,19:15:53,34.9,3628.46,45,34.0
2025-12-22,19:16:04,35.9,3452.12,45,34.0
2025-12-22,19:16:14,36.6,3563.18,45,34.0
2025-12-22,19:16:24,36.0,3365.34,45,34.0
2025-12-22,19:16:34,35.0,3507.33,45,34.0
2025-12-22,19:16:44,34.9,3392.77,45,34.0
2025-12-22,19:16:54,35.4,3734.61,45,34.0
2025-12-22,19:17:05,35.4,3256.09,45,34.0
2025-12-22,19:17:15,36.9,3742.96,45,34.0
2025-12-22,19:17:25,35.2,3996.30,45,34.0
2025-12-22,19:17:35,35.9,3353.24,45,34.0
2025-12-22,19:17:45,35.4,3809.21,45,34.0
2025-12-22,19:17:55,35.2,3285.74,45,34.0
2025-12-22,19:18:06,37.8,3558.66,45,34.0
2025-12-22,19:18:16,36.4,3157.48,45,34.0
2025-12-22,19:18:26,36.0,3347.05,45,34.0
2025-12-22,19:18:36,34.8,3455.71,45,34.0
2025-12-22,19:18:46,35.8,3662.03,45,34.0
2025-12-22,19:18:56,35.5,3269.82,45,34.0
2025-12-22,19:19:07,35.0,3469.97,45,34.0
2025-12-22,19:19:17,36.5,3740.46,45,34.0
2025-12-22,19:19:27,35.0,3785.09,45,34.0
2025-12-22,19:19:37,35.8,3423.75,45,34.0
2025-12-22,19:19:47,35.1,3555.36,45,34.0
2025-12-22,19:19:57,34.6,3407.87,45,34.0
2025-12-22,19:20:08,35.8,3552.41,45,34.0
2025-12-22,19:20:18,37.4,3266.31,45,34.0
2025-12-22,19:20:28,35.8,3649.75,45,34.0
2025-12-22,19:20:38,35.1,3396.22,45,34.0
2025-12-22,19:20:48,36.0,3501.56,45,34.0
2025-12-22,19:20:58,35.5,3607.53,45,34.0
2025-12-22,19:21:09,35.5,3633.17,45,34.0
2025-12-22,19:21:19,35.9,3463.44,45,34.0
2025-12-22,19:21:29,35.0,3408.08,45,34.0
2025-12-22,19:21:39,35.6,3379.63,45,34.0
2025-12-22,19:21:49,35.2,3452.47,45,34.0
2025-12-22,19:21:59,35.6,3622.91,45,34.0
2025-12-22,19:22:10,35.6,3503.68,45,34.0
2025-12-22,19:22:20,35.6,3392.72,45,34.0
2025-12-22,19:22:30,35.8,3434.43,45,34.0
2025-12-22,19:22:40,34.8,3389.41,45,34.0
2025-12-22,19:22:50,36.1,3308.88,45,34.0
2025-12-22,19:23:00,35.2,3392.86,45,34.0
2025-12-22,19:23:10,39.8,3659.59,45,34.0
2025-12-22,19:23:21,36.9,3507.67,45,34.0
2025-12-22,19:23:31,38.4,3386.29,45,34.0
2025-12-22,19:23:41,35.9,3499.11,45,34.0
2025-12-22,19:23:51,36.0,3526.89,45,34.0
2025-12-22,19:24:01,35.6,3759.50,45,34.0
2025-12-22,19:24:11,35.6,3416.08,45,34.0
2025-12-22,19:24:22,35.1,3273.70,45,34.0
2025-12-22,19:24:32,35.5,3550.27,45,34.0
2025-12-22,19:24:42,35.0,3504.86,45,34.0
2025-12-22,19:24:52,35.5,3399.25,45,34.0
2025-12-22,19:25:02,35.2,3666.29,45,34.0
2025-12-22,19:25:12,35.8,3729.76,45,34.0
2025-12-22,19:25:23,35.8,3305.50,45,34.0
2025-12-22,19:25:33,35.2,4058.78,45,34.0
2025-12-22,19:25:43,35.8,3443.43,45,34.0
2025-12-22,19:25:53,35.0,3587.99,45,34.0
2025-12-22,19:26:03,35.6,3261.92,45,34.0
2025-12-22,19:26:13,35.5,3352.75,45,34.0
2025-12-22,19:26:24,35.4,3430.06,45,34.0
2025-12-22,19:26:34,35.4,3604.27,45,34.0
2025-12-22,19:26:44,35.8,3290.41,45,34.0
2025-12-22,19:26:54,36.0,3389.86,45,34.0
2025-12-22,19:27:04,35.9,3540.43,45,34.0
2025-12-22,19:27:14,36.1,3652.08,45,34.0
2025-12-22,19:27:25,35.9,3418.55,45,34.0
2025-12-22,19:27:35,35.2,3289.24,45,34.0
2025-12-22,19:27:45,35.6,3478.42,45,34.0
2025-12-22,19:27:55,34.9,3558.90,46,34.0
2025-12-22,19:28:05,35.5,3668.52,45,34.0
2025-12-22,19:28:15,37.9,3302.47,46,34.0
2025-12-22,19:28:25,36.2,3858.93,45,34.0
2025-12-22,19:28:36,35.2,3716.24,46,34.0
2025-12-22,19:28:46,48.4,3601.09,46,34.0
2025-12-22,19:28:56,36.8,3446.32,46,34.0
2025-12-22,19:29:06,35.2,3350.31,46,34.0
2025-12-22,19:29:16,38.9,3603.82,46,34.0
2025-12-22,19:29:26,35.5,3287.50,46,34.0
2025-12-22,19:29:37,35.0,3505.81,46,34.0
2025-12-22,19:29:47,35.8,3388.92,46,34.0
2025-12-22,19:29:57,34.8,3579.54,46,34.0
2025-12-22,19:30:07,35.5,3485.28,46,34.0
2025-12-22,19:30:17,38.0,3388.11,46,34.0
2025-12-22,19:30:27,36.2,3463.15,46,34.0
2025-12-22,19:30:38,35.5,3494.88,46,34.0
2025-12-22,19:30:48,36.2,3468.87,46,34.0
2025-12-22,19:30:58,35.8,3399.31,46,34.0
2025-12-22,19:31:08,34.9,4110.17,46,34.0
2025-12-22,19:31:18,37.2,3640.00,46,34.0
2025-12-22,19:31:28,35.1,3403.26,46,34.0
2025-12-22,19:31:39,35.5,3569.78,46,34.0
2025-12-22,19:31:49,35.2,3533.07,46,34.0
2025-12-22,19:31:59,34.6,3431.28,46,34.0
2025-12-22,19:32:09,35.2,3400.18,46,34.0
2025-12-22,19:32:19,37.0,3644.48,46,34.0
2025-12-22,19:32:29,35.9,3427.32,46,34.0
2025-12-22,19:32:40,35.1,4146.52,46,34.0
2025-12-22,19:32:50,35.0,3873.96,46,34.0
2025-12-22,19:33:00,35.1,3816.42,46,35.0
2025-12-22,19:33:10,34.6,3541.12,46,34.0
2025-12-22,19:33:20,37.1,3351.64,46,34.0
2025-12-22,19:33:30,35.1,3313.50,46,34.0
2025-12-22,19:33:41,35.9,3324.16,46,34.0
2025-12-22,19:33:51,35.1,3406.08,46,34.0
2025-12-22,19:34:01,34.6,4035.53,46,34.0
2025-12-22,19:34:11,35.4,3552.36,46,34.0
2025-12-22,19:34:21,36.6,3489.96,46,34.0
2025-12-22,19:34:31,35.9,3507.72,46,34.0
2025-12-22,19:34:41,35.2,3541.84,46,34.0
2025-12-22,19:34:52,35.9,3374.36,46,34.0
2025-12-22,19:35:02,35.1,3485.69,46,34.0
2025-12-22,19:35:12,35.5,3291.90,46,34.0
2025-12-22,19:35:22,37.9,3449.30,46,34.0
2025-12-22,19:35:32,35.2,3509.87,46,34.0
2025-12-22,19:35:42,35.8,3601.41,46,34.0
2025-12-22,19:35:53,35.1,3399.05,46,34.0
2025-12-22,19:36:03,34.6,3676.03,46,34.0
2025-12-22,19:36:13,35.4,3397.14,46,34.0
2025-12-22,19:36:23,36.5,3330.99,46,34.0
2025-12-22,19:36:33,35.8,3403.61,46,34.0
2025-12-22,19:36:43,35.1,3351.72,46,34.0
2025-12-22,19:36:54,35.9,3438.83,46,34.0
2025-12-22,19:37:04,35.1,3967.34,46,34.0
2025-12-22,19:37:14,35.8,3332.91,46,34.0
2025-12-22,19:37:24,36.9,3462.07,46,34.0
2025-12-22,19:37:34,35.0,3775.33,46,34.0
2025-12-22,19:37:44,35.8,3551.14,46,34.0
2025-12-22,19:37:55,35.2,4047.59,46,34.0
2025-12-22,19:38:05,35.9,3850.88,46,34.0
2025-12-22,19:38:15,35.4,3878.48,46,34.0
2025-12-22,19:38:25,36.2,3253.29,46,34.0
2025-12-22,19:38:35,35.8,3755.41,46,34.0
2025-12-22,19:38:45,39.5,3644.20,46,34.0
2025-12-22,19:38:56,36.4,3713.19,46,34.0
2025-12-22,19:39:06,41.8,3147.94,46,34.0
2025-12-22,19:39:16,35.5,3319.39,46,34.0
2025-12-22,19:39:26,36.5,3571.25,46,34.0
2025-12-22,19:39:36,35.4,3427.39,46,34.0
2025-12-22,19:39:46,35.6,3281.77,46,34.0
2025-12-22,19:39:57,35.0,3612.43,46,34.0
2025-12-22,19:40:07,35.6,3475.35,46,34.0
2025-12-22,19:40:17,35.2,3526.69,46,34.0
2025-12-22,19:40:27,36.0,3607.06,46,34.0
2025-12-22,19:40:37,35.6,3375.05,46,34.0
2025-12-22,19:40:47,35.0,3437.64,46,34.0
2025-12-22,19:40:57,36.4,3524.10,46,34.0
2025-12-22,19:41:08,35.4,3286.41,46,34.0
2025-12-22,19:41:18,35.9,3437.38,46,34.0
2025-12-22,19:41:28,36.6,3851.69,46,34.0
2025-12-22,19:41:38,35.0,3287.08,46,34.0
2025-12-22,19:41:48,35.6,3410.16,46,34.0
2025-12-22,19:41:58,35.0,3538.21,46,34.0
2025-12-22,19:42:09,35.5,3492.15,46,34.0
2025-12-22,19:42:19,35.0,3366.88,46,34.0
2025-12-22,19:42:29,35.8,3490.88,46,34.0
2025-12-22,19:42:39,35.5,3689.59,46,34.0
2025-12-22,19:42:49,35.0,3625.47,46,34.0
2025-12-22,19:42:59,37.9,3831.74,46,34.0
2025-12-22,19:43:10,35.2,3179.52,46,34.0
2025-12-22,19:43:20,37.5,3511.14,46,34.0
2025-12-22,19:43:30,35.9,3481.27,46,34.0
2025-12-22,19:43:40,35.2,3507.02,46,34.0
2025-12-22,19:43:50,35.4,3403.22,46,34.0
2025-12-22,19:44:00,35.0,3393.34,46,34.0
2025-12-22,19:44:11,35.6,3370.02,46,34.0
2025-12-22,19:44:21,37.2,3607.77,46,34.0
2025-12-22,19:44:31,37.2,3392.87,46,34.0
2025-12-22,19:44:41,36.2,3298.44,46,34.0
2025-12-22,19:44:51,35.0,3182.91,46,34.0
2025-12-22,19:45:01,35.6,3745.76,46,34.0
2025-12-22,19:45:12,32.1,3394.06,46,34.0
2025-12-22,19:45:22,33.5,3280.97,46,34.0
2025-12-22,19:45:32,33.0,3514.41,46,34.0
2025-12-22,19:45:42,32.1,3702.88,46,34.0
2025-12-22,19:45:52,31.6,3746.14,46,34.0
2025-12-22,19:46:02,33.8,3440.08,46,34.0
2025-12-22,19:46:13,31.8,4027.05,46,34.0
2025-12-22,19:46:23,34.6,3902.70,46,34.0
2025-12-22,19:46:33,33.1,3282.54,46,35.0
2025-12-22,19:46:43,32.1,3680.90,46,34.0
2025-12-22,19:46:53,31.9,3498.29,46,34.0
2025-12-22,19:47:03,32.0,3528.01,46,34.0
2025-12-22,19:47:14,31.8,3501.72,46,34.0
2025-12-22,19:47:24,33.5,3486.40,46,34.0
2025-12-22,19:47:34,33.0,3632.92,46,34.0
2025-12-22,19:47:44,31.8,3553.28,46,34.0
2025-12-22,19:47:54,31.5,3519.90,46,34.0
2025-12-22,19:48:04,31.4,3359.52,46,34.0
2025-12-22,19:48:15,31.9,3579.73,46,34.0
2025-12-22,19:48:25,33.1,3459.37,46,34.0
2025-12-22,19:48:35,33.1,3287.98,46,34.0
2025-12-22,19:48:45,32.1,3433.98,46,34.0
2025-12-22,19:48:55,31.6,3265.62,46,34.0
2025-12-22,19:49:05,31.8,4156.56,46,34.0
2025-12-22,19:49:16,31.6,4346.49,46,34.0
2025-12-22,19:49:26,33.1,3632.82,46,34.0
2025-12-22,19:49:36,33.2,3463.59,46,34.0
2025-12-22,19:49:46,32.1,3935.06,46,34.0
2025-12-22,19:49:56,31.6,3642.36,46,34.0
2025-12-22,19:50:06,35.0,3656.84,46,34.0
2025-12-22,19:50:17,31.9,3578.28,46,34.0
2025-12-22,19:50:27,32.9,3346.64,46,34.0
2025-12-22,19:50:37,33.1,3607.05,46,34.0
2025-12-22,19:50:47,34.5,3538.68,46,34.0
2025-12-22,19:50:57,31.9,3727.52,46,34.0
2025-12-22,19:51:07,31.9,3386.91,46,34.0
2025-12-22,19:51:17,31.5,3835.51,46,34.0
2025-12-22,19:51:28,32.8,3531.69,46,34.0
2025-12-22,19:51:38,33.1,3741.26,46,34.0
2025-12-22,19:51:48,32.1,3351.65,46,34.0
2025-12-22,19:51:58,31.6,3719.01,46,34.0
2025-12-22,19:52:08,31.4,3570.44,46,34.0
2025-12-22,19:52:18,31.2,3479.37,46,34.0
2025-12-22,19:52:29,32.4,3290.02,46,34.0
2025-12-22,19:52:39,33.0,3501.62,46,34.0
2025-12-22,19:52:49,32.0,3395.81,46,34.0
2025-12-22,19:52:59,32.0,3611.54,46,34.0
2025-12-22,19:53:09,34.4,3708.07,46,34.0
2025-12-22,19:53:19,31.6,3347.64,46,34.0
2025-12-22,19:53:30,32.4,3395.17,46,34.0
2025-12-22,19:53:40,33.1,3403.45,46,34.0
2025-12-22,19:53:50,31.8,3174.71,46,34.0
2025-12-22,19:54:00,31.8,3468.47,46,35.0
2025-12-22,19:54:10,38.0,3749.69,46,34.0
2025-12-22,19:54:20,34.0,3381.18,46,34.0
2025-12-22,19:54:31,32.8,3748.02,46,34.0
2025-12-22,19:54:41,33.8,3406.81,46,34.0
2025-12-22,19:54:51,32.2,3616.20,46,34.0
2025-12-22,19:55:01,32.0,3762.84,46,34.0
2025-12-22,19:55:11,31.6,3608.84,46,34.0
2025-12-22,19:55:21,31.5,3556.51,46,34.0
2025-12-22,19:55:32,32.1,3393.95,46,34.0
2025-12-22,19:55:42,35.8,3703.75,46,34.0
2025-12-22,19:55:52,32.1,3418.19,46,34.0
2025-12-22,19:56:02,32.1,3394.96,46,34.0
2025-12-22,19:56:12,31.8,3299.81,46,34.0
2025-12-22,19:56:22,31.4,3502.41,46,34.0
2025-12-22,19:56:32,32.0,3391.65,46,34.0
2025-12-22,19:56:43,33.6,3609.81,46,34.0
2025-12-22,19:56:53,32.5,3271.88,46,34.0
2025-12-22,19:57:03,32.4,3370.60,46,34.0
2025-12-22,19:57:13,35.2,3409.88,46,34.0
2025-12-22,19:57:23,33.8,3914.09,46,34.0
2025-12-22,19:57:33,32.1,3502.79,46,34.0
2025-12-22,19:57:44,33.5,3476.09,46,34.0
2025-12-22,19:57:54,31.8,3369.03,46,35.0
2025-12-22,19:58:04,31.5,3712.82,46,35.0
2025-12-22,19:58:14,31.5,3512.09,46,34.0
2025-12-22,19:58:24,34.5,3302.52,46,34.0
2025-12-22,19:58:34,32.0,3394.99,46,34.0
2025-12-22,19:58:45,33.5,3728.12,46,34.0
2025-12-22,19:58:55,31.8,3537.18,46,34.0
2025-12-22,19:59:05,31.9,3490.36,46,34.0
2025-12-22,19:59:15,31.6,3412.28,46,34.0
2025-12-22,19:59:25,34.1,3494.25,46,34.0
2025-12-22,19:59:35,31.9,3276.23,46,34.0
2025-12-22,19:59:46,33.4,3360.47,46,34.0
2025-12-22,19:59:56,32.0,3409.17,46,34.0
2025-12-22,20:00:06,31.5,3501.39,46,34.0
2025-12-22,20:00:16,31.6,3522.83,46,34.0
2025-12-22,20:00:26,34.2,3482.61,46,34.0
2025-12-22,20:00:36,31.9,3892.20,46,35.0
2025-12-22,20:00:47,33.8,3634.06,46,34.0
2025-12-22,20:00:57,32.1,3593.82,46,34.0
2025-12-22,20:01:07,32.2,3643.57,46,34.0
2025-12-22,20:01:17,31.5,3530.09,46,34.0
2025-12-22,20:01:27,33.6,3505.01,46,34.0
2025-12-22,20:01:37,31.5,3663.74,46,34.0
2025-12-22,20:01:48,33.5,3428.64,46,35.0
2025-12-22,20:01:58,32.0,3377.68,46,34.0
2025-12-22,20:02:08,31.5,3527.69,46,34.0
2025-12-22,20:02:18,31.6,3422.28,46,35.0
2025-12-22,20:02:28,33.6,3404.81,46,34.0
2025-12-22,20:02:38,31.8,3266.98,46,34.0
2025-12-22,20:02:49,33.6,3387.80,46,34.0
2025-12-22,20:02:59,32.0,3384.71,46,34.0
2025-12-22,20:03:09,32.0,3937.38,46,34.0
2025-12-22,20:03:19,31.5,3499.93,46,34.0
2025-12-22,20:03:29,33.1,3578.08,46,35.0
2025-12-22,20:03:39,31.5,3505.44,46,35.0
2025-12-22,20:03:50,33.5,3808.75,46,34.0
2025-12-22,20:04:00,32.2,3535.56,46,35.0
2025-12-22,20:04:10,31.6,3660.10,46,34.0
2025-12-22,20:04:20,31.4,3408.70,46,34.0
2025-12-22,20:04:30,33.2,3503.27,46,35.0
2025-12-22,20:04:40,32.4,3520.74,46,34.0
2025-12-22,20:04:50,33.2,4214.64,46,34.0
2025-12-22,20:05:01,32.4,3491.31,46,34.0
2025-12-22,20:05:11,31.9,3371.91,46,34.0
2025-12-22,20:05:21,31.6,3195.04,46,34.0
2025-12-22,20:05:31,32.9,4095.48,46,34.0
2025-12-22,20:05:41,34.8,3389.46,46,35.0
2025-12-22,20:05:51,33.8,3643.63,46,34.0
2025-12-22,20:06:02,32.1,3705.65,46,34.0
2025-12-22,20:06:12,31.5,3568.23,46,34.0
2025-12-22,20:06:22,31.5,3504.64,46,35.0
2025-12-22,20:06:32,32.8,3323.60,46,34.0
2025-12-22,20:06:42,32.0,3395.18,46,35.0
2025-12-22,20:06:52,33.1,3258.94,46,34.0
2025-12-22,20:07:03,32.0,3643.52,46,35.0
2025-12-22,20:07:13,31.8,3508.12,46,34.0
2025-12-22,20:07:23,32.1,3533.85,46,34.0
2025-12-22,20:07:33,32.6,3393.91,46,35.0
2025-12-22,20:07:43,31.8,3562.78,46,35.0
2025-12-22,20:07:53,33.4,3773.00,46,34.0
2025-12-22,20:08:04,32.0,3626.90,46,34.0
2025-12-22,20:08:14,31.5,3501.59,46,34.0
2025-12-22,20:08:24,32.5,3341.98,46,34.0
2025-12-22,20:08:34,32.4,3590.05,46,34.0
2025-12-22,20:08:44,31.6,3390.62,46,34.0
2025-12-22,20:08:54,33.0,3727.71,46,34.0
2025-12-22,20:09:05,31.9,3598.94,46,34.0
2025-12-22,20:09:15,31.8,3734.32,46,34.0
2025-12-22,20:09:25,32.9,3650.09,46,34.0
2025-12-22,20:09:35,33.2,3426.68,46,34.0
2025-12-22,20:09:45,33.2,3345.46,46,34.0
2025-12-22,20:09:55,34.6,4313.01,46,34.0
2025-12-22,20:10:06,32.2,3623.40,46,34.0
2025-12-22,20:10:16,31.5,3458.61,46,34.0
2025-12-22,20:10:26,33.9,3713.95,46,35.0
2025-12-22,20:10:36,32.6,3687.61,46,34.0
2025-12-22,20:10:46,31.8,3261.10,46,34.0
2025-12-22,20:10:56,33.5,3467.49,46,34.0
2025-12-22,20:11:06,32.0,3290.55,46,35.0
2025-12-22,20:11:17,32.0,3532.00,46,34.0
2025-12-22,20:11:27,32.0,3496.61,46,34.0
2025-12-22,20:11:37,32.0,3387.29,46,34.0
2025-12-22,20:11:47,31.5,3304.08,46,34.0
2025-12-22,20:11:57,33.2,3518.09,46,34.0
2025-12-22,20:12:07,31.9,3812.40,46,35.0
2025-12-22,20:12:18,31.5,4391.42,46,34.0
2025-12-22,20:12:28,32.5,4164.16,46,34.0
2025-12-22,20:12:38,32.1,3615.72,46,35.0
2025-12-22,20:12:48,31.8,3558.57,46,34.0
2025-12-22,20:12:58,33.4,4251.18,46,34.0
2025-12-22,20:13:08,32.4,3518.81,46,34.0
2025-12-22,20:13:19,35.5,3421.25,46,34.0
2025-12-22,20:13:29,32.2,3395.12,46,34.0
2025-12-22,20:13:39,32.0,3283.62,46,34.0
2025-12-22,20:13:49,33.0,3325.88,46,34.0
2025-12-22,20:13:59,32.0,4188.81,46,34.0
2025-12-22,20:14:09,32.4,3502.69,46,34.0
2025-12-22,20:14:20,31.6,3598.37,46,35.0
2025-12-22,20:14:30,31.9,3361.81,46,34.0
2025-12-22,20:14:40,32.1,3293.90,46,34.0
2025-12-22,20:14:50,31.6,3710.91,46,34.0
2025-12-22,20:15:00,31.8,3666.41,46,34.0
2025-12-22,20:15:10,32.5,3309.19,46,34.0
2025-12-22,20:15:21,31.9,3396.45,46,34.0
2025-12-22,20:15:31,34.5,3386.62,46,34.0
2025-12-22,20:15:41,32.6,3320.61,46,34.0
2025-12-22,20:15:51,31.6,3707.37,46,35.0
2025-12-22,20:16:01,31.8,3507.97,46,34.0
2025-12-22,20:16:11,32.1,3357.06,46,34.0
2025-12-22,20:16:22,31.6,3375.72,46,34.0
2025-12-22,20:16:32,34.0,3276.46,46,34.0
2025-12-22,20:16:42,32.2,3607.55,46,34.0
2025-12-22,20:16:52,31.6,3913.41,46,34.0
2025-12-22,20:17:02,31.8,3499.57,46,34.0
2025-12-22,20:17:12,32.1,3426.02,46,34.0
2025-12-22,20:17:23,31.9,4120.49,46,34.0
2025-12-22,20:17:33,34.2,3290.12,46,34.0
2025-12-22,20:17:43,32.2,3503.28,46,34.0
2025-12-22,20:17:53,32.1,3395.06,46,34.0
2025-12-22,20:18:03,32.0,3565.07,46,35.0
2025-12-22,20:18:13,32.0,3541.26,46,34.0
2025-12-22,20:18:23,32.8,3509.65,46,34.0
2025-12-22,20:18:34,33.1,3493.42,46,34.0
2025-12-22,20:18:44,32.1,3352.75,46,34.0
2025-12-22,20:18:54,31.6,3524.52,46,34.0
2025-12-22,20:19:04,31.6,3275.75,46,34.0
2025-12-22,20:19:14,32.1,3469.80,46,34.0
2025-12-22,20:19:24,32.4,3622.59,46,34.0
2025-12-22,20:19:35,33.4,3435.06,46,34.0
2025-12-22,20:19:45,32.0,4097.26,46,34.0
2025-12-22,20:19:55,31.9,3187.15,46,34.0
2025-12-22,20:20:05,31.8,3903.33,46,34.0
2025-12-22,20:20:15,32.0,3631.80,46,34.0
2025-12-22,20:20:25,31.9,4242.42,46,34.0
2025-12-22,20:20:36,32.8,3291.83,46,34.0
2025-12-22,20:20:46,31.6,3374.88,46,35.0
2025-12-22,20:20:56,31.4,3174.78,46,34.0
2025-12-22,20:21:06,31.5,3721.21,46,34.0
2025-12-22,20:21:16,32.0,3919.33,46,34.0
2025-12-22,20:21:26,32.5,3320.95,46,34.0
2025-12-22,20:21:37,32.8,3709.93,46,35.0
2025-12-22,20:21:47,31.6,3490.14,46,34.0
2025-12-22,20:21:57,31.2,3499.60,46,34.0
2025-12-22,20:22:07,31.6,3631.80,46,34.0
2025-12-22,20:22:17,32.0,3439.27,46,34.0
2025-12-22,20:22:27,31.9,3433.02,46,34.0
2025-12-22,20:22:38,32.6,3591.99,46,34.0
2025-12-22,20:22:48,31.6,3917.00,46,35.0
2025-12-22,20:22:58,31.4,3510.22,46,34.0
2025-12-22,20:23:08,32.8,3429.44,46,34.0
2025-12-22,20:23:18,32.5,3488.29,46,35.0
2025-12-22,20:23:28,35.2,3778.49,46,34.0
2025-12-22,20:23:39,32.9,4057.48,46,34.0
2025-12-22,20:23:49,34.0,3638.39,46,35.0
2025-12-22,20:23:59,33.0,3417.70,46,34.0
2025-12-22,20:24:09,31.9,3591.42,46,34.0
2025-12-22,20:24:19,32.1,3421.87,46,34.0
2025-12-22,20:24:29,32.0,3464.34,46,34.0
2025-12-22,20:24:40,32.1,3492.44,46,34.0
2025-12-22,20:24:50,31.8,3372.68,46,34.0
2025-12-22,20:25:00,31.8,3716.15,46,35.0
2025-12-22,20:25:10,31.8,3608.11,46,34.0
2025-12-22,20:25:20,36.4,3264.29,46,34.0
2025-12-22,20:25:30,33.1,3481.72,46,34.0
2025-12-22,20:25:41,32.6,3727.57,46,34.0
2025-12-22,20:25:51,31.9,3275.20,46,34.0
2025-12-22,20:26:01,32.4,3619.75,46,34.0
2025-12-22,20:26:11,32.0,3678.53,46,34.0
2025-12-22,20:26:21,32.8,3595.75,46,34.0
2025-12-22,20:26:31,31.9,3371.68,46,34.0
2025-12-22,20:26:41,43.4,3468.13,46,35.0
2025-12-22,20:26:52,37.9,3774.52,46,35.0
2025-12-22,20:27:02,37.8,3482.31,46,35.0
2025-12-22,20:27:12,38.5,3743.93,46,35.0
2025-12-22,20:27:22,34.1,3801.15,46,35.0
2025-12-22,20:27:32,35.5,3635.54,46,35.0
2025-12-22,20:27:42,36.0,3893.00,46,35.0
2025-12-22,20:27:53,38.5,3705.89,46,35.0
2025-12-22,20:28:03,39.6,3809.87,46,35.0
2025-12-22,20:28:13,40.2,3628.11,46,35.0
2025-12-22,20:28:23,34.2,4012.20,46,35.0
2025-12-22,20:28:33,34.2,3489.00,46,35.0
2025-12-22,20:28:43,34.0,3401.28,46,36.0
2025-12-22,20:28:54,36.1,3872.60,46,36.0
2025-12-22,20:29:04,38.9,4103.52,46,35.0
2025-12-22,20:29:14,38.8,4461.79,46,35.0
2025-12-22,20:29:24,35.2,3780.89,46,35.0
2025-12-22,20:29:34,35.8,3798.82,46,35.0
2025-12-22,20:29:44,33.1,3576.43,46,35.0
2025-12-22,20:29:55,31.1,3687.99,46,35.0
2025-12-22,20:30:05,32.0,4375.59,46,36.0
2025-12-22,20:30:15,33.0,3410.86,46,35.0
2025-12-22,20:30:25,35.4,4043.58,46,35.0
2025-12-22,20:30:35,38.6,3827.91,46,35.0
2025-12-22,20:30:45,33.2,4079.90,46,35.0
2025-12-22,20:30:56,34.0,3620.68,46,35.0
2025-12-22,20:31:06,38.1,3276.26,46,36.0
2025-12-22,20:31:16,35.1,4252.70,46,35.0
2025-12-22,20:31:26,38.2,3569.05,46,35.0
2025-12-22,20:31:36,34.8,3347.75,46,35.0
2025-12-22,20:31:46,33.0,3425.98,46,35.0
2025-12-22,20:31:57,36.4,4183.96,46,35.0
2025-12-22,20:32:07,44.1,3416.68,46,35.0
2025-12-22,20:32:17,37.1,3676.72,46,35.0
2025-12-22,20:32:27,36.9,3787.56,46,35.0
2025-12-22,20:32:37,34.6,3577.25,46,35.0
2025-12-22,20:32:47,37.0,4128.48,46,35.0
2025-12-22,20:32:57,38.1,4181.02,46,35.0
2025-12-22,20:33:08,33.8,3400.94,46,35.0
2025-12-22,20:33:18,33.8,4158.35,46,35.0
2025-12-22,20:33:28,37.0,3526.49,46,35.0
2025-12-22,20:33:38,34.9,3582.29,46,35.0
2025-12-28,16:39:03,69.0,4008.46,43,35.0
2025-12-28,16:39:13,68.0,4350.99,43,34.0
2025-12-28,16:39:24,68.5,4522.59,43,34.0
2025-12-28,16:39:34,67.9,4162.41,43,34.0
2025-12-28,16:39:44,65.5,4229.70,43,34.0
2025-12-28,16:39:54,60.0,4042.23,43,34.0
2025-12-28,16:40:04,61.5,4356.49,43,34.0
2025-12-28,16:40:14,66.8,3925.87,43,34.0
2025-12-28,16:40:25,67.2,4305.79,43,34.0
2025-12-28,16:40:35,66.5,4183.48,43,35.0
2025-12-28,16:40:45,66.6,4308.22,43,34.0
2025-12-28,16:40:55,66.6,4316.62,43,34.0
2025-12-28,16:41:05,66.5,4166.15,43,34.0
2025-12-28,16:41:15,66.9,4385.54,43,35.0
2025-12-28,16:41:26,67.1,4228.70,43,34.0
2025-12-28,16:41:36,66.2,4205.28,43,34.0
2025-12-28,16:41:46,66.8,4105.01,43,34.0
2025-12-28,16:41:56,67.2,4289.90,43,35.0
2025-12-28,16:42:06,66.9,3976.04,43,34.0
2025-12-28,16:42:16,66.5,4556.44,43,35.0
2025-12-28,16:42:27,67.4,4256.37,43,34.0
2025-12-28,16:42:37,66.8,4303.44,43,34.0
2025-12-28,16:42:47,66.8,4547.78,43,34.0
2025-12-28,16:42:57,67.8,4424.66,43,35.0
2025-12-28,16:43:07,66.9,4375.16,43,35.0
2025-12-28,16:43:17,67.2,4615.46,43,35.0
2025-12-28,16:43:28,63.1,4744.33,43,34.0
2025-12-28,16:43:38,63.6,4204.04,43,35.0
2025-12-28,16:43:48,65.6,4032.93,43,35.0
2025-12-28,16:43:58,66.6,4217.06,43,34.0
2025-12-28,16:44:08,64.6,3896.10,43,34.0
2025-12-28,16:44:18,64.4,4422.82,43,34.0
2025-12-28,16:44:29,64.9,3928.70,43,35.0
2025-12-28,16:44:39,64.4,4220.96,43,34.0
2025-12-28,16:44:49,64.2,4047.06,43,35.0
2025-12-28,16:44:59,65.5,4052.68,43,34.0
2025-12-28,16:45:09,64.2,3861.99,43,34.0
2025-12-28,16:45:19,64.5,3484.44,43,35.0
2025-12-28,16:45:30,65.0,4142.86,43,35.0
2025-12-28,16:45:40,64.6,3904.48,43,35.0
2025-12-28,16:45:50,63.9,3806.00,43,34.0
2025-12-28,16:46:00,65.1,3730.94,43,35.0
2025-12-28,16:46:10,64.5,3952.17,43,35.0
2025-12-28,16:46:20,64.2,3847.99,43,34.0
2025-12-28,16:46:31,64.4,3594.65,43,34.0
2025-12-28,16:46:41,64.2,3892.22,43,35.0
2025-12-28,16:46:51,64.1,4130.97,43,35.0
2025-12-28,16:47:01,61.8,3791.54,43,35.0
2025-12-28,16:47:11,60.0,4432.49,43,35.0
2025-12-28,16:47:21,70.9,3738.47,43,35.0
2025-12-28,16:47:32,64.9,3640.49,43,35.0
2025-12-28,16:47:42,65.6,4232.72,43,35.0
2025-12-28,16:47:52,66.8,3897.83,43,35.0
2025-12-28,16:48:02,66.8,3605.00,43,35.0
2025-12-28,16:48:12,65.9,4127.15,43,35.0
2025-12-28,16:48:22,65.9,4228.08,43,35.0
2025-12-28,16:48:33,66.6,3701.50,43,35.0
2025-12-28,16:48:43,66.5,4506.78,43,35.0
2025-12-28,16:48:53,66.4,3892.58,43,35.0
2025-12-28,16:49:03,66.2,4062.43,43,35.0
2025-12-28,16:49:13,65.4,3708.83,43,35.0
2025-12-28,16:49:23,66.8,3963.56,43,34.0
2025-12-28,16:49:34,66.1,4336.78,43,35.0
2025-12-28,16:49:44,65.8,3669.81,43,34.0
2025-12-28,16:49:54,66.4,3921.57,43,35.0
2025-12-28,16:50:04,66.0,3957.15,43,35.0
2025-12-28,16:50:14,66.2,4237.12,43,35.0
2025-12-28,16:50:24,67.2,3925.16,43,35.0
2025-12-28,16:50:35,66.5,3847.42,43,35.0
2025-12-28,16:50:45,65.9,3861.23,43,35.0
2025-12-28,16:50:55,60.9,4010.46,43,35.0
2025-12-28,16:51:05,67.2,3710.90,43,35.0
2025-12-28,16:51:15,65.4,3637.87,43,35.0
2025-12-28,16:51:25,64.6,4557.03,43,35.0
2025-12-28,16:51:36,66.0,4058.79,43,35.0
2025-12-28,16:51:46,64.9,4123.59,43,35.0
2025-12-28,16:51:56,65.9,3793.26,43,35.0
2025-12-28,16:52:06,65.8,3884.83,43,35.0
2025-12-28,16:52:16,65.1,4022.63,43,35.0
2025-12-28,16:52:26,65.8,4990.68,43,35.0
2025-12-28,16:52:37,64.5,4139.54,43,35.0
2025-12-28,16:52:47,64.5,3883.88,43,35.0
2025-12-28,16:52:57,64.8,4199.31,43,35.0
2025-12-28,16:53:07,64.9,3922.97,43,35.0
2025-12-28,16:53:17,64.6,4116.63,43,35.0
2025-12-28,16:53:27,65.4,4051.13,43,35.0
2025-12-28,16:53:38,65.5,4056.02,43,35.0
2025-12-28,16:53:48,64.8,4184.68,43,35.0
2025-12-28,16:53:58,65.8,3944.19,43,35.0
2025-12-28,16:54:08,64.9,3927.16,43,34.0
2025-12-28,16:54:18,64.6,3848.62,43,35.0
2025-12-28,16:54:28,60.8,3936.00,43,35.0
2025-12-28,16:54:39,62.5,3794.71,43,35.0
2025-12-28,16:54:49,67.2,3862.62,43,35.0
2025-12-28,16:54:59,65.2,3741.93,44,35.0
2025-12-28,16:55:09,64.9,3585.53,43,35.0
2025-12-28,16:55:19,64.8,3823.01,43,35.0
2025-12-28,16:55:30,64.6,4362.28,43,35.0
2025-12-28,16:55:40,64.4,3805.00,44,35.0
2025-12-28,16:55:50,65.2,4180.99,44,35.0
2025-12-28,16:56:00,64.5,3915.15,44,35.0
2025-12-28,16:56:10,64.8,4052.34,43,35.0
2025-12-28,16:56:20,64.6,4014.88,44,35.0
2025-12-28,16:56:31,64.4,3926.44,44,35.0
2025-12-28,16:56:41,65.1,3858.59,44,35.0
2025-12-28,16:56:51,64.6,3962.49,44,35.0
2025-12-28,16:57:01,64.8,3988.17,44,35.0
2025-12-28,16:57:11,65.1,4161.65,44,35.0
2025-12-28,16:57:21,64.2,3884.75,44,35.0
2025-12-28,16:57:32,64.6,4237.01,44,35.0
2025-12-28,16:57:42,64.0,3810.96,44,35.0
2025-12-28,16:57:52,64.8,3674.24,44,35.0
2025-12-28,16:58:02,62.6,3967.32,44,35.0
2025-12-28,16:58:12,62.2,4119.34,44,35.0
2025-12-28,16:58:22,66.1,4009.66,44,35.0
2025-12-28,16:58:33,68.0,4069.80,44,35.0
2025-12-28,16:58:43,66.2,4144.12,44,35.0
2025-12-28,16:58:53,66.0,4187.67,44,35.0
2025-12-28,16:59:03,66.4,3720.86,44,35.0
2025-12-28,16:59:13,65.8,3919.24,44,35.0
2025-12-28,16:59:23,66.0,4233.84,44,35.0
2025-12-28,16:59:34,67.1,4073.29,44,35.0
2025-12-28,16:59:44,65.9,4076.26,44,35.0
2025-12-28,16:59:54,65.9,3972.41,44,35.0
2025-12-28,17:00:04,66.5,4618.50,44,35.0
2025-12-28,17:00:14,67.1,3928.26,44,35.0
2025-12-28,17:00:24,66.8,3946.37,44,35.0
2025-12-28,17:00:35,66.2,3925.78,44,35.0
2025-12-28,17:00:45,65.5,3792.72,44,35.0
2025-12-28,17:00:55,66.5,4237.85,44,35.0
2025-12-28,17:01:05,66.9,4491.98,44,35.0
2025-12-28,17:01:15,65.9,4232.46,44,35.0
2025-12-28,17:01:25,66.0,4154.94,44,35.0
2025-12-28,17:01:36,65.6,4314.45,44,35.0
2025-12-28,17:01:46,65.6,3922.94,44,35.0
2025-12-28,17:01:56,61.8,4842.58,44,35.0
2025-12-28,17:02:06,67.4,3702.12,44,35.0
2025-12-28,17:02:16,66.1,3815.94,44,35.0
2025-12-28,17:02:26,64.8,3903.12,44,35.0
2025-12-28,17:02:37,65.4,4227.40,44,35.0
2025-12-28,17:02:47,65.6,4103.09,44,35.0
2025-12-28,17:02:57,64.9,3906.47,44,35.0
2025-12-28,17:03:07,65.5,4188.76,44,35.0
2025-12-28,17:03:17,65.5,3969.89,44,35.0
2025-12-28,17:03:27,65.4,4255.74,44,35.0
2025-12-28,17:03:38,65.5,3996.04,44,35.0
2025-12-28,17:03:48,65.4,3780.47,44,35.0
2025-12-28,17:03:58,65.6,3837.65,44,35.0
2025-12-28,17:04:08,65.2,3718.12,44,35.0
2025-12-28,17:04:18,65.1,3521.21,44,35.0
2025-12-28,17:04:28,64.8,3792.36,44,35.0
2025-12-28,17:04:39,65.5,4071.69,44,35.0
2025-12-28,17:04:49,65.5,3737.98,44,35.0
2025-12-28,17:04:59,65.4,3952.06,44,35.0
2025-12-28,17:05:09,65.0,3968.95,44,34.0
2025-12-28,17:05:19,62.9,4414.59,44,35.0
2025-12-28,17:05:29,59.4,3794.92,44,35.0
2025-12-28,17:05:40,62.6,3652.29,44,35.0
2025-12-28,17:05:50,64.9,3893.89,44,35.0
2025-12-28,17:06:00,64.9,4114.89,44,35.0
2025-12-28,17:06:10,64.4,3892.28,44,35.0
2025-12-28,17:06:20,65.2,3915.52,44,35.0
2025-12-28,17:06:30,64.9,3914.76,44,35.0
2025-12-28,17:06:41,64.5,4012.73,44,35.0
2025-12-28,17:06:51,64.8,4227.82,44,35.0
2025-12-28,17:07:01,64.2,4119.56,44,35.0
2025-12-28,17:07:11,65.0,4232.60,44,35.0
2025-12-28,17:07:21,64.8,4047.98,44,35.0
2025-12-28,17:07:31,64.4,3539.34,44,35.0
2025-12-28,17:07:42,64.6,3835.83,44,35.0
2025-12-28,17:07:52,64.9,3816.11,44,35.0
2025-12-28,17:08:02,65.1,3993.09,44,35.0
2025-12-28,17:08:12,64.6,3861.61,44,35.0
2025-12-28,17:08:22,64.8,3974.77,44,35.0
2025-12-28,17:08:32,64.1,3895.23,44,35.0
2025-12-28,17:08:43,64.5,4350.68,44,35.0
2025-12-28,17:08:53,62.8,3881.14,44,35.0
2025-12-28,17:09:03,61.6,3802.86,44,35.0
2025-12-28,17:09:13,65.5,3819.01,44,35.0
2025-12-28,17:09:23,66.0,4218.32,44,35.0
2025-12-28,17:09:34,66.0,3789.64,44,35.0
2025-12-28,17:09:44,65.8,4335.13,44,35.0
2025-12-28,17:09:54,67.2,4374.77,44,35.0
2025-12-28,17:10:04,66.9,3648.30,44,35.0
2025-12-28,17:10:14,66.2,4022.96,44,35.0
2025-12-28,17:10:24,66.1,3810.32,44,35.0
2025-12-28,17:10:35,67.1,4001.65,44,35.0
2025-12-28,17:10:45,66.9,4018.62,44,35.0
2025-12-28,17:10:55,66.8,3786.18,44,35.0
2025-12-28,17:11:05,66.0,3908.86,44,35.0
2025-12-28,17:11:15,66.1,4677.84,44,35.0
2025-12-28,17:11:25,67.1,3731.99,44,35.0
2025-12-28,17:11:36,66.6,3555.21,44,35.0
2025-12-28,17:11:46,66.5,4050.92,44,35.0
2025-12-28,17:11:56,67.1,4667.23,44,34.0
2025-12-28,17:12:06,66.5,4267.32,44,35.0
2025-12-28,17:12:16,67.1,4456.66,44,35.0
2025-12-28,17:12:26,67.4,3907.53,44,35.0
2025-12-28,17:12:36,64.2,3864.50,44,35.0
2025-12-28,17:12:47,60.8,4112.24,44,35.0
2025-12-28,17:12:57,69.5,3932.38,44,35.0
2025-12-28,17:13:07,64.4,4120.09,44,35.0
2025-12-28,17:13:17,65.1,4162.59,44,35.0
2025-12-28,17:13:27,64.6,3986.95,44,35.0
2025-12-28,17:13:38,65.6,3688.62,44,35.0
2025-12-28,17:13:48,65.1,4639.28,44,35.0
2025-12-28,17:13:58,65.5,3952.91,44,35.0
2025-12-28,17:14:08,65.1,3897.57,44,35.0
2025-12-28,17:14:18,65.2,3725.61,44,35.0
2025-12-28,17:14:28,65.8,4283.35,44,35.0
2025-12-28,17:14:39,65.2,4284.88,44,35.0
2025-12-28,17:14:49,64.8,4859.20,44,35.0
2025-12-28,17:14:59,65.6,3904.97,44,35.0
2025-12-28,17:15:09,65.8,4248.20,44,34.0
2025-12-28,17:15:19,65.2,4077.84,44,35.0
2025-12-28,17:15:29,65.4,4448.56,44,35.0
2025-12-28,17:15:40,65.4,4111.40,44,35.0
2025-12-28,17:15:50,64.8,4197.89,44,35.0
2025-12-28,17:16:00,65.1,3879.62,44,35.0
2025-12-28,17:16:10,65.1,4003.70,44,35.0
2025-12-28,17:16:20,60.9,3958.73,44,35.0
2025-12-28,17:16:30,69.8,4317.19,44,35.0
2025-12-28,17:16:41,64.9,4498.35,44,35.0
2025-12-28,17:16:51,64.6,4196.13,44,35.0
2025-12-28,17:17:01,65.2,3941.77,44,35.0
2025-12-28,17:17:11,65.0,3576.27,44,35.0
2025-12-28,17:17:21,65.0,3721.66,44,35.0
2025-12-28,17:17:31,65.0,4470.93,44,35.0
2025-12-28,17:17:42,65.6,4376.30,44,35.0
2025-12-28,17:17:52,65.1,3948.19,44,35.0
2025-12-28,17:18:02,65.1,3729.25,44,35.0
2025-12-28,17:18:12,64.9,3879.75,44,35.0
2025-12-28,17:18:22,65.0,4113.79,44,35.0
2025-12-28,17:18:32,64.6,3444.60,44,35.0
2025-12-28,17:18:43,64.6,3641.55,44,35.0
2025-12-28,17:18:53,64.8,3549.81,44,35.0
2025-12-28,17:19:03,65.0,3730.58,44,35.0
2025-12-28,17:19:13,64.9,4336.98,44,35.0
2025-12-28,17:19:23,65.5,3826.89,44,35.0
2025-12-28,17:19:33,64.9,3603.15,44,35.0
2025-12-28,17:19:44,64.9,3866.48,44,35.0
2025-12-28,17:19:54,61.8,3701.32,44,35.0
2025-12-28,17:20:04,63.2,3987.09,44,35.0
2025-12-28,17:20:14,65.4,4017.65,44,35.0
2025-12-28,17:20:24,67.0,4135.17,44,35.0
2025-12-28,17:20:34,66.6,4340.04,44,35.0
2025-12-28,17:20:45,66.9,4296.76,44,35.0
2025-12-28,17:20:55,65.8,3945.37,44,35.0
2025-12-28,17:21:05,67.1,4272.47,44,35.0
2025-12-28,17:21:15,66.9,4253.47,44,35.0
2025-12-28,17:21:25,66.1,3782.23,44,35.0
2025-12-28,17:21:35,67.0,4382.17,44,35.0
2025-12-28,17:21:46,67.2,3863.01,44,35.0
2025-12-28,17:21:56,66.4,3832.56,44,35.0
2025-12-28,17:22:06,66.0,3950.76,44,35.0
2025-12-28,17:22:16,66.8,4264.64,44,35.0
2025-12-28,17:22:26,66.5,3629.55,44,35.0
2025-12-28,17:22:37,66.4,3599.07,44,35.0
2025-12-28,17:22:47,66.4,4133.05,44,35.0
2025-12-28,17:22:57,67.2,3701.23,44,35.0
2025-12-28,17:23:07,66.9,3579.74,44,35.0
2025-12-28,17:23:17,66.0,3888.67,44,35.0
2025-12-28,17:23:27,66.6,4344.65,44,35.0
2025-12-28,17:23:38,59.5,3855.71,44,35.0
2025-12-28,17:23:48,68.5,3861.69,44,35.0
2025-12-28,17:23:58,64.6,3796.07,44,35.0
2025-12-28,17:24:08,65.0,4208.77,44,35.0
2025-12-28,17:24:18,65.1,4180.74,44,35.0
2025-12-28,17:24:28,65.6,4388.91,44,35.0
2025-12-28,17:24:39,64.9,3967.31,44,35.0
2025-12-28,17:24:49,64.8,3800.64,44,35.0
2025-12-28,17:24:59,65.0,3963.58,44,35.0
2025-12-28,17:25:09,65.0,4582.41,44,35.0
2025-12-28,17:25:19,65.6,4023.86,44,35.0
2025-12-28,17:25:29,64.9,3691.72,44,35.0
2025-12-28,17:25:40,65.8,4140.99,44,35.0
2025-12-28,17:25:50,65.0,3933.26,44,35.0
2025-12-28,17:26:00,65.1,4157.37,44,35.0
2025-12-28,17:26:10,65.0,4159.72,44,35.0
2025-12-28,17:26:20,64.4,3570.97,44,35.0
2025-12-28,17:26:30,65.5,3824.65,44,35.0
2025-12-28,17:26:41,65.4,3928.56,44,34.0
2025-12-28,17:26:51,64.9,4261.32,44,35.0
2025-12-28,17:27:01,65.8,4247.67,44,35.0
2025-12-28,17:27:11,59.6,4211.91,44,35.0
2025-12-28,17:27:21,59.1,3947.02,44,35.0
2025-12-28,17:27:31,64.9,3888.34,44,35.0
2025-12-28,17:27:42,64.8,4193.21,44,35.0
2025-12-28,17:27:52,65.2,3701.88,44,35.0
2025-12-28,17:28:02,64.6,3892.62,44,35.0
2025-12-28,17:28:12,64.5,3704.94,44,35.0
2025-12-28,17:28:22,64.8,4189.70,44,35.0
2025-12-28,17:28:32,64.6,4851.03,44,35.0
2025-12-28,17:28:43,64.6,4591.90,44,35.0
2025-12-28,17:28:53,64.6,4212.80,44,35.0
2025-12-28,17:29:03,64.5,3871.80,44,35.0
2025-12-28,17:29:13,64.2,4532.01,44,35.0
2025-12-28,17:29:23,64.8,3768.88,44,35.0
2025-12-28,17:29:33,64.6,4059.36,44,35.0
2025-12-28,17:29:44,65.6,3734.26,44,35.0
2025-12-28,17:29:54,64.8,4238.79,44,35.0
2025-12-28,17:30:04,64.4,4667.09,44,35.0
2025-12-28,17:30:14,64.9,4373.80,44,35.0
2025-12-28,17:30:24,64.1,3874.72,44,35.0
2025-12-28,17:30:34,64.6,3812.44,44,35.0
2025-12-28,17:30:45,62.6,3996.78,44,35.0
2025-12-28,17:30:55,61.0,4019.98,44,35.0
2025-12-28,17:31:05,61.8,3648.02,44,35.0
2025-12-28,17:31:15,67.1,3707.47,44,35.0
2025-12-28,17:31:25,66.6,3860.27,44,35.0
2025-12-28,17:31:36,67.5,3702.74,44,35.0
2025-12-28,17:31:46,67.0,3810.04,44,35.0
2025-12-28,17:31:56,66.5,3911.00,44,35.0
2025-12-28,17:32:06,67.2,3782.70,44,35.0
2025-12-28,17:32:16,67.4,4217.83,44,35.0
2025-12-28,17:32:26,66.2,4148.03,44,35.0
2025-12-28,17:32:37,67.9,4537.60,44,35.0
2025-12-28,17:32:47,67.1,4101.52,44,35.0
2025-12-28,17:32:57,66.8,3690.03,44,35.0
2025-12-28,17:33:07,67.2,3844.08,44,35.0
2025-12-28,17:33:17,66.8,4198.34,44,35.0
2025-12-28,17:33:27,66.6,3777.85,44,35.0
2025-12-28,17:33:38,66.4,4055.56,44,35.0
2025-12-28,17:33:48,67.0,4067.41,44,35.0
2025-12-28,17:33:58,66.1,3957.34,44,35.0
2025-12-28,17:34:08,66.5,4290.57,44,35.0
2025-12-28,17:34:18,66.9,3842.47,44,35.0
2025-12-28,17:34:28,61.6,3766.55,44,35.0
2025-12-28,17:34:39,64.5,3583.80,44,35.0
2025-12-28,17:34:49,66.0,4170.98,44,35.0
2025-12-28,17:34:59,65.4,3990.13,44,35.0
2025-12-28,17:35:09,66.4,3838.05,44,35.0
2025-12-28,17:35:19,65.4,4039.58,44,35.0
2025-12-28,17:35:29,65.0,4030.75,44,35.0
2025-12-28,17:35:40,64.8,4237.75,44,35.0
2025-12-28,17:35:50,65.1,3998.10,44,35.0
2025-12-28,17:36:00,65.2,4057.25,44,35.0
2025-12-28,17:36:10,65.6,3805.50,44,35.0
2025-12-28,17:36:20,65.5,4128.11,44,35.0
2025-12-28,17:36:30,65.0,4014.89,44,35.0
2025-12-28,17:36:41,65.0,3829.27,44,35.0
2025-12-28,17:36:51,65.2,4070.78,44,35.0
2025-12-28,17:37:01,65.0,3698.21,44,35.0
2025-12-28,17:37:11,65.5,3763.81,44,35.0
2025-12-28,17:37:21,65.0,4180.87,44,35.0
2025-12-28,17:37:31,65.6,4020.67,44,35.0
2025-12-28,17:37:42,65.4,4141.21,44,35.0
2025-12-28,17:37:52,64.8,3864.45,44,35.0
2025-12-28,17:38:02,58.4,3930.06,44,35.0
2025-12-28,17:38:12,68.5,4024.88,44,35.0
2025-12-28,17:38:22,66.0,3616.27,44,35.0
2025-12-28,17:38:33,64.9,3899.94,44,35.0
2025-12-28,17:38:43,65.0,4058.33,44,35.0
2025-12-28,17:38:53,64.6,4122.29,44,35.0
2025-12-28,17:39:03,64.2,3904.14,44,35.0
2025-12-28,17:39:13,64.6,4418.89,44,35.0
2025-12-28,17:39:23,64.2,3931.86,44,35.0
2025-12-28,17:39:34,65.1,3767.95,44,35.0
2025-12-28,17:39:44,64.6,4335.30,44,35.0
2025-12-28,17:39:54,64.8,4013.04,44,35.0
2025-12-28,17:40:04,65.0,3761.42,44,35.0
2025-12-28,17:40:14,64.4,4515.98,44,35.0
2025-12-28,17:40:24,65.1,3656.21,44,35.0
2025-12-28,17:40:35,65.0,3821.02,44,35.0
2025-12-28,17:40:45,64.9,4084.56,44,35.0
2025-12-28,17:40:55,64.5,3831.87,44,35.0
2025-12-28,17:41:05,66.1,3897.74,44,35.0
2025-12-28,17:41:15,65.0,4337.25,44,35.0
2025-12-28,17:41:25,62.6,4175.02,44,35.0
2025-12-28,17:41:36,60.4,4358.47,44,35.0
2025-12-28,17:41:46,68.6,4082.37,44,35.0
2025-12-28,17:41:56,65.0,3925.42,44,35.0
2025-12-28,17:42:06,66.4,3993.78,44,35.0
2025-12-28,17:42:16,67.5,4439.85,44,35.0
2025-12-28,17:42:26,66.2,3832.94,44,35.0
2025-12-28,17:42:37,65.9,3615.72,44,35.0
2025-12-28,17:42:47,67.5,3728.56,44,35.0
2025-12-28,17:42:57,66.6,3776.14,44,35.0
2025-12-28,17:43:07,66.1,3679.33,44,34.0
2025-12-28,17:43:17,66.9,3561.92,44,35.0
2025-12-28,17:43:27,66.6,3689.44,44,35.0
2025-12-28,17:43:38,66.6,3597.09,44,35.0
2025-12-28,17:43:48,67.2,3889.38,44,35.0
2025-12-28,17:43:58,66.6,3814.56,44,35.0
2025-12-28,17:44:08,66.8,3764.19,44,35.0
2025-12-28,17:44:18,66.9,3623.05,44,35.0
2025-12-28,17:44:28,66.6,4244.26,44,35.0
2025-12-28,17:44:39,66.8,3850.72,44,35.0
2025-12-28,17:44:49,67.2,3617.75,44,35.0
2025-12-28,17:44:59,66.2,4216.74,44,35.0
2025-12-28,17:45:09,64.1,3799.18,44,35.0
2025-12-28,17:45:19,59.8,3991.05,44,35.0
2025-12-28,17:45:29,69.1,4025.18,44,35.0
2025-12-28,17:45:40,65.1,3553.35,44,35.0
2025-12-28,17:45:50,65.8,4167.44,44,35.0
2025-12-28,17:46:00,65.1,4081.98,44,35.0
2025-12-28,17:46:10,64.9,3753.70,44,35.0
2025-12-28,17:46:20,66.0,3775.39,44,35.0
2025-12-28,17:46:30,65.4,4139.84,44,35.0
2025-12-28,17:46:41,65.1,3912.89,44,35.0
2025-12-28,17:46:51,65.6,4244.48,44,35.0
2025-12-28,17:47:01,65.2,3688.57,44,35.0
2025-12-28,17:47:11,65.5,3690.18,44,35.0
2025-12-28,17:47:21,65.4,3982.19,44,35.0
2025-12-28,17:47:31,65.4,3841.91,44,35.0
2025-12-28,17:47:42,66.0,4221.12,44,35.0
2025-12-28,17:47:52,65.4,3712.53,44,35.0
2025-12-28,17:48:02,65.6,3981.80,44,35.0
2025-12-28,17:48:12,66.1,3916.81,44,35.0
2025-12-28,17:48:22,65.0,3857.78,44,35.0
2025-12-28,17:48:32,65.6,4990.31,44,35.0
2025-12-28,17:48:43,63.4,4083.98,44,35.0
2025-12-28,17:48:53,59.6,3756.46,44,35.0
2025-12-28,17:49:03,66.5,3993.41,44,35.0
2025-12-28,17:49:13,65.0,4188.10,44,35.0
2025-12-28,17:49:23,65.0,3623.69,44,35.0
2025-12-28,17:49:34,65.0,3837.73,44,35.0
2025-12-28,17:49:44,64.8,3781.66,44,35.0
2025-12-28,17:49:54,65.4,3721.30,44,35.0
2025-12-28,17:50:04,64.9,3663.95,44,35.0
2025-12-28,17:50:14,65.6,3743.19,44,35.0
2025-12-28,17:50:24,65.0,4182.63,44,35.0
2025-12-28,17:50:35,65.1,3787.93,44,35.0
2025-12-28,17:50:45,64.9,3927.78,44,35.0
2025-12-28,17:50:55,65.2,4113.74,44,34.0
2025-12-28,17:51:05,65.1,3843.77,44,35.0
2025-12-28,17:51:15,64.6,3836.58,44,35.0
2025-12-28,17:51:25,65.0,4150.73,44,35.0
2025-12-28,17:51:36,65.1,3797.44,44,35.0
2025-12-28,17:51:46,64.8,4035.08,44,35.0
2025-12-28,17:51:56,64.9,4045.13,44,35.0
2025-12-28,17:52:06,64.6,3745.20,44,35.0
2025-12-28,17:52:16,63.0,3978.96,44,35.0
2025-12-28,17:52:26,62.4,3776.81,44,35.0
2025-12-28,17:52:37,66.0,4044.05,44,35.0
2025-12-28,17:52:47,67.0,3824.85,44,35.0
2025-12-28,17:52:57,67.1,4137.28,44,35.0
2025-12-28,17:53:07,66.5,3660.40,44,35.0
2025-12-28,17:53:17,66.1,3644.43,44,35.0
2025-12-28,17:53:27,66.6,4164.59,44,35.0
2025-12-28,17:53:38,66.4,4030.43,44,35.0
2025-12-28,17:53:48,65.9,3947.26,44,35.0
2025-12-28,17:53:58,67.0,3761.07,44,35.0
2025-12-28,17:54:08,67.1,4425.09,44,35.0
2025-12-28,17:54:18,66.4,3832.24,44,35.0
2025-12-28,17:54:28,67.4,4025.59,44,35.0
2025-12-28,17:54:39,66.2,3942.42,44,35.0
2025-12-28,17:54:49,66.1,4213.06,44,35.0
2025-12-28,17:54:59,67.1,3903.69,44,34.0
2025-12-28,17:55:09,66.9,3780.06,44,35.0
2025-12-28,17:55:19,66.2,4399.87,44,35.0
2025-12-28,17:55:29,66.5,4208.31,44,35.0
2025-12-28,17:55:40,67.0,4059.97,44,35.0
2025-12-28,17:55:50,66.9,3990.58,44,35.0
2025-12-28,17:56:00,60.0,4514.27,44,35.0
2025-12-28,17:56:10,62.8,4120.00,44,35.0
2025-12-28,17:56:20,65.5,4090.84,44,35.0
2025-12-28,17:56:30,65.8,3961.64,44,35.0
2025-12-28,17:56:41,66.0,4115.92,44,35.0
2025-12-28,17:56:51,65.9,4115.04,44,35.0
2025-12-28,17:57:01,65.5,4244.85,44,35.0
2025-12-28,17:57:11,65.2,3817.39,44,35.0
2025-12-28,17:57:21,65.6,3998.00,44,35.0
2025-12-28,17:57:31,65.4,3725.71,44,35.0
2025-12-28,17:57:42,66.8,4837.66,44,35.0
2025-12-28,17:57:52,65.4,4230.16,44,35.0
2025-12-28,17:58:02,65.5,3786.40,44,35.0
2025-12-28,17:58:12,65.1,4053.57,44,35.0
2025-12-28,17:58:22,65.6,3984.41,44,35.0
2025-12-28,17:58:32,65.6,4364.97,44,35.0
2025-12-28,17:58:43,65.2,4053.95,44,35.0
2025-12-28,17:58:53,65.6,3757.34,44,35.0
2025-12-28,17:59:03,66.2,3822.40,44,35.0
2025-12-28,17:59:13,65.8,4006.68,44,35.0
2025-12-28,17:59:23,63.0,3990.27,44,35.0
2025-12-28,17:59:34,60.4,4265.87,44,35.0
2025-12-28,17:59:44,70.6,3614.14,44,35.0
2025-12-28,17:59:54,64.9,3661.41,44,35.0
2025-12-28,18:00:04,64.8,3919.06,44,35.0
2025-12-28,18:00:14,65.1,3873.51,44,35.0
2025-12-28,18:00:24,64.8,3848.58,44,35.0
2025-12-28,18:00:35,64.5,4207.32,44,35.0
2025-12-28,18:00:45,65.0,3887.75,44,35.0
2025-12-28,18:00:55,65.8,3612.36,44,35.0
2025-12-28,18:01:05,65.1,3758.27,44,35.0
2025-12-28,18:01:15,64.9,4230.57,44,35.0
2025-12-28,18:01:25,64.6,3984.95,44,35.0
2025-12-28,18:01:36,65.4,3980.43,44,35.0
2025-12-28,18:01:46,65.0,4073.36,44,35.0
2025-12-28,18:01:56,65.4,4024.62,44,35.0
2025-12-28,18:02:06,64.6,3914.22,44,35.0
2025-12-28,18:02:16,65.1,3750.88,44,35.0
2025-12-28,18:02:26,65.0,3743.24,44,35.0
2025-12-28,18:02:37,65.4,3990.64,44,35.0
2025-12-28,18:02:47,64.6,3823.92,44,35.0
2025-12-28,18:02:57,65.0,3620.99,44,35.0
2025-12-28,18:03:07,61.9,4033.27,44,35.0
2025-12-28,18:03:17,62.8,4020.37,44,35.0
2025-12-28,18:03:27,66.0,3668.20,44,35.0
2025-12-28,18:03:38,66.6,4068.87,44,35.0
2025-12-28,18:03:48,67.5,3975.48,44,35.0
2025-12-28,18:03:58,66.9,3988.84,44,35.0
2025-12-28,18:04:08,66.8,3783.06,44,35.0
2025-12-28,18:04:18,67.0,4082.95,44,35.0
2025-12-28,18:04:29,67.2,4130.80,44,35.0
2025-12-28,18:04:39,66.5,4181.28,44,35.0
2025-12-28,18:04:49,66.8,4220.76,44,35.0
2025-12-28,18:04:59,66.6,4106.13,44,35.0
2025-12-28,18:05:09,67.4,3774.03,44,35.0
2025-12-28,18:05:19,67.4,3897.16,44,35.0
2025-12-28,18:05:30,66.6,4230.69,44,35.0
2025-12-28,18:05:40,66.5,4278.28,44,35.0
2025-12-28,18:05:50,66.6,4090.77,44,35.0
2025-12-28,18:06:00,67.4,3935.62,44,35.0
2025-12-28,18:06:10,66.8,3507.90,44,35.0
2025-12-28,18:06:20,66.2,3981.20,44,35.0
2025-12-28,18:06:31,67.2,4456.70,43,35.0
2025-12-28,18:06:41,67.1,4080.39,44,34.0
2025-12-28,18:06:51,61.2,4076.66,44,35.0
2025-12-28,18:07:01,63.1,3652.65,44,35.0
2025-12-28,18:07:11,66.5,3854.87,44,35.0
2025-12-28,18:07:21,65.1,3688.50,44,35.0
2025-12-28,18:07:32,65.4,4446.66,44,35.0
2025-12-28,18:07:42,65.5,4179.57,44,35.0
2025-12-28,18:07:52,65.4,3906.00,44,35.0
2025-12-28,18:08:02,65.8,3948.55,44,35.0
2025-12-28,18:08:12,65.1,3600.49,44,35.0
2025-12-28,18:08:22,66.1,4018.76,44,35.0
2025-12-28,18:08:33,65.5,3939.03,44,35.0
2025-12-28,18:08:43,65.5,3888.57,44,35.0
2025-12-28,18:08:53,65.1,3525.51,44,35.0
2025-12-28,18:09:03,65.4,3636.60,44,35.0
2025-12-28,18:09:13,65.9,3806.35,44,35.0
2025-12-28,18:09:23,65.2,3913.78,44,35.0
2025-12-28,18:09:34,65.6,4643.95,44,35.0
2025-12-28,18:09:44,65.6,3933.53,44,35.0
2025-12-28,18:09:54,65.4,4195.55,44,35.0
2025-12-28,18:10:04,65.9,3901.28,44,35.0
2025-12-28,18:10:14,65.5,4474.86,44,35.0
2025-12-28,18:10:24,61.9,4166.90,44,35.0
2025-12-28,18:10:35,63.1,3778.47,44,35.0
2025-12-28,18:10:45,63.5,4047.72,44,35.0
2025-12-28,18:10:55,65.1,3723.48,44,35.0
2025-12-28,18:11:05,65.8,3484.18,44,35.0
2025-12-28,18:11:15,65.2,3896.25,44,35.0
2025-12-28,18:11:26,64.6,3653.31,44,35.0
2025-12-28,18:11:36,65.0,3728.69,44,35.0
2025-12-28,18:11:46,64.9,4048.49,44,35.0
2025-12-28,18:11:56,64.8,3674.93,44,35.0
2025-12-28,18:12:06,64.9,3809.22,44,35.0
2025-12-28,18:12:16,64.4,3698.37,44,35.0
2025-12-28,18:12:27,65.0,3603.40,44,35.0
2025-12-28,18:12:37,64.8,3567.78,44,35.0
2025-12-28,18:12:47,65.1,4030.49,44,35.0
2025-12-28,18:12:57,64.6,4016.39,44,35.0
2025-12-28,18:13:07,65.1,3386.55,44,35.0
2025-12-28,18:13:17,65.8,4105.09,44,35.0
2025-12-28,18:13:28,65.0,4043.35,44,35.0
2025-12-28,18:13:38,65.0,4265.01,44,35.0
2025-12-28,18:13:48,64.8,4247.88,44,35.0
2025-12-28,18:13:58,62.6,4321.82,44,35.0
2025-12-28,18:14:08,62.4,3750.42,44,35.0
2025-12-28,18:14:18,65.6,3844.94,44,35.0
2025-12-28,18:14:29,66.1,3798.21,44,35.0
2025-12-28,18:14:39,66.9,3972.13,44,35.0
2025-12-28,18:14:49,66.8,3753.57,44,35.0
2025-12-28,18:14:59,66.1,3730.07,44,35.0
2025-12-28,18:15:09,67.2,4069.05,44,35.0
2025-12-28,18:15:19,67.1,3453.88,44,35.0
2025-12-28,18:15:30,66.6,3542.13,44,35.0
2025-12-28,18:15:40,66.5,4038.14,44,35.0
2025-12-28,18:15:50,66.8,4290.36,44,35.0
2025-12-28,18:16:00,67.2,3659.97,44,35.0
2025-12-28,18:16:10,67.0,4065.00,44,35.0
2025-12-28,18:16:20,66.2,3840.46,44,35.0
2025-12-28,18:16:31,66.4,4565.58,44,35.0
2025-12-28,18:16:41,66.9,3804.62,44,35.0
2025-12-28,18:16:51,67.0,4563.46,44,35.0
2025-12-28,18:17:01,66.9,3548.81,44,35.0
2025-12-28,18:17:11,65.6,3978.42,44,35.0
2025-12-28,18:17:21,66.5,4311.68,44,35.0
2025-12-28,18:17:32,66.9,4360.06,44,35.0
2025-12-28,18:17:42,64.9,4223.95,44,35.0
2025-12-28,18:17:52,60.4,4076.90,44,35.0
2025-12-28,18:18:02,69.4,3868.77,44,35.0
2025-12-28,18:18:12,65.2,4087.93,44,35.0
2025-12-28,18:18:22,65.2,3942.75,44,35.0
2025-12-28,18:18:33,65.1,4189.50,44,35.0
2025-12-28,18:18:43,65.5,3919.16,44,35.0
2025-12-28,18:18:53,65.0,4228.41,44,35.0
2025-12-28,18:19:03,65.4,4103.37,44,35.0
2025-12-28,18:19:13,65.4,4123.08,44,35.0
2025-12-28,18:19:24,65.6,3861.53,44,35.0
2025-12-28,18:19:34,65.6,3988.00,44,35.0
2025-12-28,18:19:44,65.5,3757.62,44,35.0
2025-12-28,18:19:54,65.0,4029.32,44,35.0
2025-12-28,18:20:04,65.1,3868.61,44,35.0
2025-12-28,18:20:14,65.0,3906.60,44,35.0
2025-12-28,18:20:25,65.5,4431.90,44,35.0
2025-12-28,18:20:35,65.1,3799.00,44,35.0
2025-12-28,18:20:45,65.5,4452.45,44,35.0
2025-12-28,18:20:55,65.0,4022.18,44,35.0
2025-12-28,18:21:05,65.4,3991.91,44,35.0
2025-12-28,18:21:15,62.1,4236.56,44,35.0
2025-12-28,18:21:26,58.8,3939.68,44,35.0
2025-12-28,18:21:36,69.9,3624.89,44,35.0
2025-12-28,18:21:46,65.5,3919.67,44,35.0
2025-12-28,18:21:56,64.5,3968.13,44,35.0
2025-12-28,18:22:06,64.9,3580.96,44,35.0
2025-12-28,18:22:16,64.2,3850.56,44,35.0
2025-12-28,18:22:27,64.6,3861.40,44,35.0
2025-12-28,18:22:37,65.2,3860.98,44,35.0
2025-12-28,18:22:47,65.1,3746.17,44,35.0
2025-12-28,18:22:57,65.0,3817.64,44,35.0
2025-12-28,18:23:07,64.9,4973.10,44,35.0
2025-12-28,18:23:17,65.1,3858.59,44,35.0
2025-12-28,18:23:28,65.8,3758.91,44,35.0
2025-12-28,18:23:38,65.2,4083.22,44,35.0
2025-12-28,18:23:48,65.2,4135.72,44,35.0
2025-12-28,18:23:58,65.8,3991.45,44,35.0
2025-12-28,18:24:08,64.6,3896.06,44,35.0
2025-12-28,18:24:18,64.4,3679.72,44,35.0
2025-12-28,18:24:29,64.6,4115.33,44,35.0
2025-12-28,18:24:39,65.4,4377.16,44,35.0
2025-12-28,18:24:49,65.4,4991.48,44,35.0
2025-12-28,18:24:59,64.2,4073.03,44,35.0
2025-12-28,18:25:09,61.8,3726.86,44,35.0
2025-12-28,18:25:20,64.4,4071.35,44,35.0
2025-12-28,18:25:30,66.9,4275.54,44,35.0
2025-12-28,18:25:40,66.6,4139.34,44,35.0
2025-12-28,18:25:50,66.8,4028.93,44,35.0
2025-12-28,18:26:00,66.6,3897.04,44,35.0
2025-12-28,18:26:10,67.2,3851.15,44,34.0
2025-12-28,18:26:21,66.4,3955.15,44,35.0
2025-12-28,18:26:31,65.9,4619.32,44,35.0
2025-12-28,18:26:41,66.5,4134.59,44,35.0
2025-12-28,18:26:51,66.1,4190.64,44,35.0
2025-12-28,18:27:01,65.4,4222.38,44,35.0
2025-12-28,18:27:11,67.0,4202.53,44,35.0
2025-12-28,18:27:22,66.9,4066.92,44,35.0
2025-12-28,18:27:32,66.2,3918.88,44,35.0
2025-12-28,18:27:42,66.4,4106.43,44,35.0
2025-12-28,18:27:52,67.2,4199.40,43,35.0
2025-12-28,18:28:02,66.0,3823.21,44,35.0
2025-12-28,18:28:12,66.2,3999.21,43,35.0
2025-12-28,18:28:23,67.0,4395.10,43,35.0
2025-12-28,18:28:33,67.1,3819.20,43,34.0
2025-12-28,18:28:43,60.8,3812.57,43,35.0
2025-12-28,18:28:53,62.9,4131.21,43,35.0
2025-12-28,18:29:03,65.6,3927.30,43,34.0
2025-12-28,18:29:13,64.9,3901.08,43,35.0
2025-12-28,18:29:24,64.5,3437.32,43,35.0
2025-12-28,18:29:34,65.4,3577.15,43,35.0
2025-12-28,18:29:44,64.6,3986.18,43,35.0
2025-12-28,18:29:54,65.1,3691.90,44,35.0
2025-12-28,18:30:04,65.4,4128.79,43,35.0
2025-12-28,18:30:15,65.1,3860.08,43,35.0
2025-12-28,18:30:25,65.1,3903.04,43,35.0
2025-12-28,18:30:35,64.5,4046.96,43,35.0
2025-12-28,18:30:45,65.9,3946.69,44,35.0
2025-12-28,18:30:55,65.8,3892.47,43,34.0
2025-12-28,18:31:05,65.2,4146.05,43,35.0
2025-12-28,18:31:16,64.8,3969.88,43,35.0
2025-12-28,18:31:26,65.1,4011.04,43,35.0
2025-12-28,18:31:36,64.9,4166.45,43,35.0
2025-12-28,18:31:46,65.2,3990.15,43,34.0
2025-12-28,18:31:56,65.1,4321.88,43,35.0
2025-12-28,18:32:06,64.9,4154.01,43,35.0
2025-12-28,18:32:17,59.6,3572.86,44,35.0
2025-12-28,18:32:27,59.5,3822.45,44,35.0
2025-12-28,18:32:37,66.0,3994.42,44,35.0
2025-12-28,18:32:47,64.9,4285.88,44,35.0
2025-12-28,18:32:57,64.8,3477.47,43,35.0
2025-12-28,18:33:07,65.2,3733.27,44,35.0
2025-12-28,18:33:18,64.4,3811.56,44,35.0
2025-12-28,18:33:28,64.8,3826.26,44,35.0
2025-12-28,18:33:38,64.8,4426.34,44,35.0
2025-12-28,18:33:48,64.2,4326.88,43,35.0
2025-12-28,18:33:58,64.9,4183.70,44,35.0
2025-12-28,18:34:08,64.1,3895.51,44,35.0
2025-12-28,18:34:19,64.8,4070.47,43,35.0
2025-12-28,18:34:29,64.5,3887.49,44,35.0
2025-12-28,18:34:39,64.9,3696.67,44,35.0
2025-12-28,18:34:49,65.5,3756.53,43,35.0
2025-12-28,18:34:59,64.9,3814.44,44,34.0
2025-12-28,18:35:09,65.0,3799.10,44,34.0
2025-12-28,18:35:20,64.9,3848.69,44,35.0
2025-12-28,18:35:30,64.4,4175.40,44,35.0
2025-12-28,18:35:40,65.2,3995.79,44,35.0
2025-12-28,18:35:50,63.4,4004.45,44,35.0
2025-12-28,18:36:00,60.9,3960.67,44,35.0
2025-12-28,18:36:10,66.2,3938.42,44,35.0
2025-12-28,18:36:21,67.4,3848.52,44,35.0
2025-12-28,18:36:31,66.1,4088.21,44,35.0
2025-12-28,18:36:41,66.4,3976.48,44,35.0
2025-12-28,18:36:51,67.0,3808.36,44,35.0
2025-12-28,18:37:01,67.0,3639.21,44,34.0
2025-12-28,18:37:12,67.1,3932.70,43,35.0
2025-12-28,18:37:22,66.0,3713.05,43,35.0
2025-12-28,18:37:32,66.6,3984.57,43,35.0
2025-12-28,18:37:42,66.6,4069.67,43,35.0
2025-12-28,18:37:52,66.5,4061.92,43,35.0
2025-12-28,18:38:02,67.2,4000.09,43,35.0
2025-12-28,18:38:13,66.9,3850.87,43,35.0
2025-12-28,18:38:23,66.2,4006.53,43,35.0
2025-12-28,18:38:33,66.8,3913.35,43,34.0
2025-12-28,18:38:43,67.0,3861.66,43,35.0
2025-12-28,18:38:53,66.5,3976.41,43,35.0
2025-12-28,18:39:03,66.1,3732.04,43,35.0
2025-12-28,18:39:14,67.1,4235.44,43,35.0
2025-12-28,18:39:24,67.0,3795.07,43,35.0
2025-12-28,18:39:34,60.2,4074.54,43,34.0
2025-12-28,18:39:44,59.6,3869.25,43,35.0
2025-12-28,18:39:54,63.6,3908.78,43,35.0
2025-12-28,18:40:04,65.4,3937.21,43,35.0
2025-12-28,18:40:15,64.9,3937.69,43,35.0
2025-12-28,18:40:25,65.1,3809.49,43,35.0
2025-12-28,18:40:35,65.4,4048.64,43,35.0
2025-12-28,18:40:45,65.4,4073.44,44,35.0
2025-12-28,18:40:55,65.4,4129.64,43,35.0
2025-12-28,18:41:05,65.6,3519.50,43,34.0
2025-12-28,18:41:16,65.1,3594.50,43,35.0
2025-12-28,18:41:26,64.8,3643.91,43,35.0
2025-12-28,18:41:36,65.5,3783.81,44,35.0
2025-12-28,18:41:46,64.9,3654.38,43,35.0
2025-12-28,18:41:56,66.0,3713.91,43,35.0
2025-12-28,18:42:06,65.5,3933.00,44,35.0
2025-12-28,18:42:17,64.8,3773.50,44,35.0
2025-12-28,18:42:27,65.0,4049.40,44,35.0
2025-12-28,18:42:37,65.0,4583.73,44,35.0
2025-12-28,18:42:47,65.0,4537.04,44,35.0
2025-12-28,18:42:57,65.6,4008.87,43,35.0
2025-12-28,18:43:07,61.1,3680.49,44,35.0
2025-12-28,18:43:18,62.1,3597.82,44,35.0
2025-12-28,18:43:28,66.4,3886.41,44,35.0
2025-12-28,18:43:38,64.5,3617.26,44,35.0
2025-12-28,18:43:48,65.6,3866.49,44,35.0
2025-12-28,18:43:58,65.9,4610.33,44,35.0
2025-12-28,18:44:08,65.1,3720.36,44,35.0
2025-12-28,18:44:19,65.2,3916.99,44,35.0
2025-12-28,18:44:29,64.4,3899.39,44,35.0
2025-12-28,18:44:39,65.5,3867.36,44,35.0
2025-12-28,18:44:49,65.1,4050.91,44,35.0
2025-12-28,18:44:59,65.4,3716.31,44,35.0
2025-12-28,18:45:10,65.6,3822.96,44,35.0
2025-12-28,18:45:20,65.1,3986.04,44,35.0
2025-12-28,18:45:30,65.0,3927.62,44,35.0
2025-12-28,18:45:40,65.4,3629.42,44,35.0
2025-12-28,18:45:50,65.0,4031.65,44,35.0
2025-12-28,18:46:00,65.0,3751.28,44,35.0
2025-12-28,18:46:11,65.5,4359.30,44,35.0
2025-12-28,18:46:21,64.9,3682.72,44,35.0
2025-12-28,18:46:31,65.2,3705.79,44,35.0
2025-12-28,18:46:41,62.9,4406.92,44,35.0
2025-12-28,18:46:51,63.4,3926.69,44,35.0
2025-12-28,18:47:01,64.9,3830.10,44,35.0
2025-12-28,18:47:12,66.8,3782.03,44,35.0
2025-12-28,18:47:22,67.0,3877.31,44,35.0
2025-12-28,18:47:32,66.1,3879.33,44,35.0
2025-12-28,18:47:42,67.1,3784.00,44,35.0
2025-12-28,18:47:52,67.4,4210.20,44,35.0
2025-12-28,18:48:02,66.4,3846.62,44,35.0
2025-12-28,18:48:13,67.5,3937.46,44,35.0
2025-12-28,18:48:23,67.0,4142.32,44,35.0
2025-12-28,18:48:33,66.4,3914.04,44,35.0
2025-12-28,18:48:43,67.4,3561.73,44,35.0
2025-12-28,18:48:53,67.5,4099.91,44,35.0
2025-12-28,18:49:03,66.4,3498.14,44,35.0
2025-12-28,18:49:14,67.5,3972.19,44,35.0
2025-12-28,18:49:24,67.2,4000.52,44,35.0
2025-12-28,18:49:34,66.5,3527.09,44,35.0
2025-12-28,18:49:44,66.5,4040.53,44,35.0
2025-12-28,18:49:54,67.0,3885.48,44,35.0
2025-12-28,18:50:04,66.9,3976.36,44,35.0
2025-12-28,18:50:15,66.5,3972.47,44,35.0
2025-12-28,18:50:25,63.6,4233.61,44,35.0
2025-12-28,18:50:35,60.2,3602.25,44,35.0
2025-12-28,18:50:45,67.1,4137.46,44,35.0
2025-12-28,18:50:55,65.2,4124.18,44,35.0
2025-12-28,18:51:05,65.5,4036.79,44,35.0
2025-12-28,18:51:16,64.9,4502.60,44,35.0
2025-12-28,18:51:26,64.9,3889.09,44,35.0
2025-12-28,18:51:36,64.8,4177.67,44,35.0
2025-12-28,18:51:46,64.9,4929.30,43,35.0
2025-12-28,18:51:56,65.1,4148.06,43,34.0
2025-12-28,18:52:06,64.4,3837.24,43,35.0
2025-12-28,18:52:17,64.8,3839.70,44,35.0
2025-12-28,18:52:27,65.4,3735.98,43,34.0
2025-12-28,18:52:37,65.2,3775.83,44,34.0
2025-12-28,18:52:47,65.4,3590.53,43,34.0
2025-12-28,18:52:57,65.1,4322.80,43,35.0
2025-12-28,18:53:07,65.5,3715.88,43,34.0
2025-12-28,18:53:18,65.8,4118.52,44,35.0
2025-12-28,18:53:28,65.4,4031.59,43,35.0
2025-12-28,18:53:38,64.6,3777.12,43,34.0
2025-12-28,18:53:48,65.2,4201.41,43,34.0
2025-12-28,18:53:58,62.2,4283.03,43,35.0
2025-12-28,18:54:09,64.4,3786.96,44,34.0
2025-12-28,18:54:19,65.8,4096.44,43,35.0
2025-12-28,18:54:29,65.1,4504.29,44,35.0
2025-12-28,18:54:39,64.5,4394.22,43,35.0
2025-12-28,18:54:49,64.8,4100.70,43,35.0
2025-12-28,18:54:59,64.8,4130.87,43,35.0
2025-12-28,18:55:10,64.8,3960.82,44,35.0
2025-12-28,18:55:20,64.9,4989.94,43,35.0
2025-12-28,18:55:30,65.2,3904.39,43,34.0
2025-12-28,18:55:40,64.9,3817.91,43,34.0
2025-12-28,18:55:50,65.4,3864.67,43,35.0
2025-12-28,18:56:00,64.8,3578.33,44,34.0
2025-12-28,18:56:11,65.1,3884.97,44,35.0
2025-12-28,18:56:21,65.1,4439.01,44,35.0
2025-12-28,18:56:31,65.1,4179.24,43,35.0
2025-12-28,18:56:41,65.9,4385.59,43,35.0
2025-12-28,18:56:51,65.1,4089.74,44,34.0
2025-12-28,18:57:01,64.6,3462.52,44,35.0
2025-12-28,18:57:12,65.1,3903.76,44,35.0
2025-12-28,18:57:22,65.4,4035.15,44,35.0
2025-12-28,18:57:32,62.6,4096.75,44,35.0
2025-12-28,18:57:42,63.5,3947.63,44,35.0
2025-12-28,18:57:52,68.5,3785.54,44,35.0
2025-12-28,18:58:03,67.1,3593.40,44,34.0
2025-12-28,18:58:13,66.4,3918.69,44,35.0
2025-12-28,18:58:23,66.9,4411.90,44,35.0
2025-12-28,18:58:33,66.8,4097.09,43,35.0
2025-12-28,18:58:43,67.2,3750.80,44,35.0
2025-12-28,18:58:53,66.2,4241.93,44,34.0
2025-12-28,18:59:04,67.2,4099.03,43,34.0
2025-12-28,18:59:14,66.9,3651.53,43,35.0
2025-12-28,18:59:24,66.0,3625.23,43,35.0
2025-12-28,18:59:34,65.9,3763.14,43,34.0
2025-12-28,18:59:44,66.9,4415.50,43,35.0
2025-12-28,18:59:54,67.0,4103.42,43,34.0
2025-12-28,19:00:05,66.5,3638.95,43,35.0
2025-12-28,19:00:15,66.2,3970.84,43,35.0
2025-12-28,19:00:25,66.5,4208.38,43,35.0
2025-12-28,19:00:35,66.8,3914.91,43,34.0
2025-12-28,19:00:45,66.9,3777.40,43,34.0
2025-12-28,19:00:55,66.2,4440.87,43,35.0
2025-12-28,19:01:06,66.6,4357.34,43,35.0
2025-12-28,19:01:16,61.5,3879.18,43,35.0
2025-12-28,19:01:26,59.6,3850.38,43,34.0
2025-12-28,19:01:36,65.8,3886.66,43,34.0
2025-12-28,19:01:46,65.8,3888.54,43,34.0
2025-12-28,19:01:56,65.1,3730.61,43,34.0
2025-12-28,19:02:07,65.2,3808.02,43,34.0
2025-12-28,19:02:17,65.5,3827.86,43,35.0
2025-12-28,19:02:27,65.6,3818.46,43,35.0
2025-12-28,19:02:37,65.1,3984.82,43,35.0
2025-12-28,19:02:47,65.2,4064.06,43,35.0
2025-12-28,19:02:57,65.6,3967.53,43,35.0
2025-12-28,19:03:08,64.9,3801.39,43,34.0
2025-12-28,19:03:18,65.5,4197.44,43,35.0
2025-12-28,19:03:28,65.8,4078.80,43,34.0
2025-12-28,19:03:38,65.1,3591.46,43,35.0
2025-12-28,19:03:48,65.8,3986.08,43,35.0
2025-12-28,19:03:58,65.0,4019.24,43,35.0
2025-12-28,19:04:09,65.4,3459.11,43,35.0
2025-12-28,19:04:19,66.2,3932.66,43,35.0
2025-12-28,19:04:29,65.6,3743.43,43,34.0
2025-12-28,19:04:39,66.0,4233.63,43,35.0
2025-12-28,19:04:49,62.2,3921.90,43,35.0
2025-12-28,19:04:59,59.9,4127.04,43,35.0
2025-12-28,19:05:10,63.5,3838.05,43,34.0
2025-12-28,19:05:20,65.1,3933.32,43,35.0
2025-12-28,19:05:30,64.4,4090.33,44,35.0
2025-12-28,19:05:40,64.6,4152.54,44,35.0
2025-12-28,19:05:50,64.9,4143.95,44,35.0
2025-12-28,19:06:01,65.1,4043.48,44,35.0
2025-12-28,19:06:11,64.5,4136.87,44,34.0
2025-12-28,19:06:21,64.8,3785.46,44,35.0
2025-12-28,19:06:31,65.2,4306.93,44,35.0
2025-12-28,19:06:41,64.8,3778.72,44,35.0
2025-12-28,19:06:51,64.9,3841.67,44,35.0
2025-12-28,19:07:02,65.1,3913.70,44,35.0
2025-12-28,19:07:12,65.1,4833.62,44,34.0
2025-12-28,19:07:22,65.0,4083.96,44,35.0
2025-12-28,19:07:32,65.8,4042.93,44,34.0
2025-12-28,19:07:42,64.8,3904.10,44,35.0
2025-12-28,19:07:52,65.2,4138.85,44,35.0
2025-12-28,19:08:03,64.9,3786.02,44,34.0
2025-12-28,19:08:13,65.8,3882.35,44,35.0
2025-12-28,19:08:23,62.5,3739.48,44,35.0
2025-12-28,19:08:33,62.0,4989.04,44,35.0
2025-12-28,19:08:43,69.9,3784.80,44,35.0
2025-12-28,19:08:53,66.2,4147.48,44,35.0
2025-12-28,19:09:04,66.5,3858.41,44,35.0
2025-12-28,19:09:14,67.1,4203.05,44,35.0
2025-12-28,19:09:24,66.2,3774.27,44,35.0
2025-12-28,19:09:34,66.6,4536.27,44,35.0
2025-12-28,19:09:44,66.4,3773.62,44,34.0
2025-12-28,19:09:55,66.1,3769.68,44,35.0
2025-12-28,19:10:05,67.0,4382.48,44,35.0
2025-12-28,19:10:15,66.8,3608.95,43,35.0
2025-12-28,19:10:25,66.0,3914.35,43,35.0
2025-12-28,19:10:35,66.5,4051.26,44,35.0
2025-12-28,19:10:45,66.2,4209.62,43,35.0
2025-12-28,19:10:56,67.4,4414.44,43,34.0
2025-12-28,19:11:06,66.6,3859.72,44,35.0
2025-12-28,19:11:16,66.1,4436.17,43,35.0
2025-12-28,19:11:26,66.9,4217.99,44,34.0
2025-12-28,19:11:36,67.2,3392.80,43,35.0
2025-12-28,19:11:46,66.4,3732.30,43,35.0
2025-12-28,19:11:57,66.1,3647.52,43,35.0
2025-12-28,19:12:07,65.6,3998.17,43,34.0
2025-12-28,19:12:17,61.6,3792.50,43,35.0
2025-12-28,19:12:27,69.6,3979.99,43,35.0
2025-12-28,19:12:37,64.1,4227.34,43,35.0
2025-12-28,19:12:47,65.1,4410.57,43,35.0
2025-12-28,19:12:58,65.6,3721.10,43,35.0
2025-12-28,19:13:08,65.2,4290.24,43,35.0
2025-12-28,19:13:18,64.8,3836.69,43,35.0
2025-12-28,19:13:28,65.9,4072.20,43,35.0
2025-12-28,19:13:38,66.0,4286.51,43,34.0
2025-12-28,19:13:48,65.4,3715.27,43,34.0
2025-12-28,19:13:59,65.2,3701.03,43,35.0
2025-12-28,19:14:09,65.2,3737.93,43,34.0
2025-12-28,19:14:19,65.2,4137.44,44,35.0
2025-12-28,19:14:29,65.9,3739.22,43,35.0
2025-12-28,19:14:39,65.0,4019.94,43,35.0
2025-12-28,19:14:49,65.4,3592.42,43,34.0
2025-12-28,19:15:00,65.1,3922.17,44,35.0
2025-12-28,19:15:10,65.4,4094.61,43,35.0
2025-12-28,19:15:20,64.8,4094.70,44,35.0
2025-12-28,19:15:30,65.2,4017.82,43,34.0
2025-12-28,19:15:40,63.5,4060.14,43,35.0
2025-12-28,19:15:50,58.2,3885.44,44,35.0
2025-12-28,19:16:01,67.8,3765.27,44,35.0
2025-12-28,19:16:11,65.8,4383.97,44,35.0
2025-12-28,19:16:21,64.6,4017.59,44,35.0
2025-12-28,19:16:31,64.2,3761.74,43,35.0
2025-12-28,19:16:41,64.5,3959.00,44,35.0
2025-12-28,19:16:52,64.4,3624.22,44,35.0
2025-12-28,19:17:02,64.2,3614.16,44,35.0
2025-12-28,19:17:12,64.6,4565.06,44,35.0
2025-12-28,19:17:22,64.5,4082.38,44,34.0
2025-12-28,19:17:32,65.0,3847.04,44,35.0
2025-12-28,19:17:42,64.5,3764.45,44,35.0
2025-12-28,19:17:53,64.5,4149.14,44,35.0
2025-12-28,19:18:03,64.4,3687.61,44,35.0
2025-12-28,19:18:13,64.4,3729.84,44,35.0
2025-12-28,19:18:23,65.0,3955.00,44,35.0
2025-12-28,19:18:33,64.8,3791.09,44,35.0
2025-12-28,19:18:43,64.5,3830.43,44,35.0
2025-12-28,19:18:54,64.5,4024.53,44,35.0
2025-12-28,19:19:04,64.4,4135.78,44,35.0
2025-12-28,19:19:14,65.0,4011.91,44,35.0
2025-12-28,19:19:24,64.5,4742.73,44,35.0
2025-12-28,19:19:34,61.6,3750.56,44,35.0
2025-12-28,19:19:44,66.2,3954.00,44,35.0
2025-12-28,19:19:55,66.8,4314.09,44,35.0
2025-12-28,19:20:05,66.9,3795.57,44,34.0
2025-12-28,19:20:15,66.4,3689.89,44,35.0
2025-12-28,19:20:25,65.9,3988.28,44,35.0
2025-12-28,19:20:35,67.0,3922.20,44,35.0
2025-12-28,19:20:45,66.5,3752.02,44,35.0
2025-12-28,19:20:56,66.2,3893.39,43,35.0
2025-12-28,19:21:06,67.1,4004.82,43,35.0
2025-12-28,19:21:16,67.9,3771.98,43,35.0
2025-12-28,19:21:26,66.8,4134.70,44,35.0
2025-12-28,19:21:36,66.6,4039.94,43,35.0
2025-12-28,19:21:46,67.2,4167.08,43,35.0
2025-12-28,19:21:57,66.8,4103.71,43,35.0
2025-12-28,19:22:07,66.6,3762.61,43,34.0
2025-12-28,19:22:17,66.1,3845.60,43,35.0
2025-12-28,19:22:27,66.8,4184.93,43,35.0
2025-12-28,19:22:37,66.2,3959.23,43,35.0
2025-12-28,19:22:47,66.5,3803.30,43,35.0
2025-12-28,19:22:58,66.4,4190.35,43,35.0
2025-12-28,19:23:08,62.8,4038.93,43,35.0
2025-12-28,19:23:18,61.5,3844.36,43,35.0
2025-12-28,19:23:28,61.5,4124.14,43,35.0
2025-12-28,19:23:38,65.1,3817.19,43,35.0
2025-12-28,19:23:48,65.4,4140.75,43,35.0
2025-12-28,19:23:59,65.2,3927.62,43,35.0
2025-12-28,19:24:09,65.2,4493.33,43,35.0
2025-12-28,19:24:19,65.1,3881.82,43,34.0
2025-12-28,19:24:29,65.4,3831.49,43,35.0
2025-12-28,19:24:39,64.9,4058.94,43,35.0
2025-12-28,19:24:49,65.5,4320.26,43,35.0
2025-12-28,19:25:00,64.8,3806.84,43,35.0
2025-12-28,19:25:10,65.8,3920.39,43,35.0
2025-12-28,19:25:20,65.0,3983.41,43,35.0
2025-12-28,19:25:30,65.1,4106.59,43,35.0
2025-12-28,19:25:40,65.6,4053.63,43,34.0
2025-12-28,19:25:51,65.0,3745.55,43,35.0
2025-12-28,19:26:01,65.2,3943.53,43,34.0
2025-12-28,19:26:11,65.0,3945.89,43,34.0
2025-12-28,19:26:21,65.0,3962.44,43,35.0
2025-12-28,19:26:31,65.5,4140.37,43,35.0
2025-12-28,19:26:41,63.2,3841.16,43,35.0
2025-12-28,19:26:52,57.8,4245.09,44,34.0
2025-12-28,19:27:02,66.1,3946.21,44,35.0
2025-12-28,19:27:12,64.5,3812.42,43,35.0
2025-12-28,19:27:22,64.6,3858.36,43,35.0
2025-12-28,19:27:32,65.1,3830.40,44,35.0
2025-12-28,19:27:42,64.6,3728.06,44,35.0
2025-12-28,19:27:53,65.0,3896.06,43,34.0
2025-12-28,19:28:03,64.4,3787.32,43,35.0
2025-12-28,19:28:13,64.8,4266.14,43,35.0
2025-12-28,19:28:23,65.1,4946.87,43,35.0
2025-12-28,19:28:33,64.6,4178.11,44,34.0
2025-12-28,19:28:43,64.9,4110.62,44,35.0
2025-12-28,19:28:54,64.8,4142.40,44,35.0
2025-12-28,19:29:04,64.4,3775.32,44,34.0
2025-12-28,19:29:14,64.5,4166.18,44,35.0
2025-12-28,19:29:24,64.2,3909.21,44,35.0
2025-12-28,19:29:34,65.0,3950.12,44,35.0
2025-12-28,19:29:45,65.0,4012.00,44,35.0
2025-12-28,19:29:55,64.5,3963.34,44,34.0
2025-12-28,19:30:05,64.6,3813.04,44,34.0
2025-12-28,19:30:15,61.9,4315.74,44,35.0
2025-12-28,19:30:25,61.2,4318.08,44,35.0
2025-12-28,19:30:35,70.0,3907.77,44,35.0
2025-12-28,19:30:46,66.8,4041.11,44,35.0
2025-12-28,19:30:56,66.6,3758.94,44,35.0
2025-12-28,19:31:06,67.4,3937.33,44,34.0
2025-12-28,19:31:16,67.2,3874.19,44,35.0
2025-12-28,19:31:26,66.5,4561.12,44,35.0
2025-12-28,19:31:36,66.5,4127.03,43,35.0
2025-12-28,19:31:47,66.9,3930.96,43,35.0
2025-12-28,19:31:57,66.6,3821.99,43,35.0
2025-12-28,19:32:07,66.1,4312.69,43,34.0
2025-12-28,19:32:17,67.1,4159.06,43,35.0
2025-12-28,19:32:27,67.2,3841.57,43,35.0
2025-12-28,19:32:37,66.2,3927.48,43,35.0
2025-12-28,19:32:48,67.2,3975.52,43,35.0
2025-12-28,19:32:58,66.9,4421.86,43,35.0
2025-12-28,19:33:08,66.1,3699.28,43,34.0
2025-12-28,19:33:18,67.1,3774.37,43,35.0
2025-12-28,19:33:28,66.6,3870.82,43,35.0
2025-12-28,19:33:39,66.6,3887.03,43,34.0
2025-12-28,19:33:49,66.6,3883.44,43,35.0
2025-12-28,19:33:59,62.6,4031.34,43,35.0
2025-12-28,19:34:09,62.5,3698.75,43,35.0
2025-12-28,19:34:19,70.5,3572.86,43,34.0
2025-12-28,19:34:29,64.9,3958.91,43,34.0
2025-12-28,19:34:40,66.0,4023.54,43,35.0
2025-12-28,19:34:50,65.1,4048.15,43,34.0
2025-12-28,19:35:00,65.0,4068.44,43,35.0
2025-12-28,19:35:10,64.8,3942.87,43,35.0
2025-12-28,19:35:20,64.9,3943.79,43,35.0
2025-12-28,19:35:30,65.4,3907.56,43,35.0
2025-12-28,19:35:41,65.2,4806.70,43,35.0
2025-12-28,19:35:51,65.4,4350.66,43,35.0
2025-12-28,19:36:01,66.6,3632.38,43,35.0
2025-12-28,19:36:11,65.4,3766.94,43,35.0
2025-12-28,19:36:21,65.1,3918.22,43,35.0
2025-12-28,19:36:31,65.6,3802.45,43,35.0
2025-12-28,19:36:42,65.5,3968.25,43,35.0
2025-12-28,19:36:52,65.4,3865.63,43,35.0
2025-12-28,19:37:02,65.5,3952.65,43,34.0
2025-12-28,19:37:12,65.2,4471.07,43,35.0
2025-12-28,19:37:22,65.1,4437.13,43,35.0
2025-12-28,19:37:33,62.4,3646.66,43,35.0
2025-12-28,19:37:43,59.8,3806.43,44,35.0
2025-12-28,19:37:53,66.9,3917.92,43,35.0
2025-12-28,19:38:03,65.2,4034.46,43,35.0
2025-12-28,19:38:13,65.2,3958.65,43,35.0
2025-12-28,19:38:23,65.4,3910.83,43,35.0
2025-12-28,19:38:34,65.0,4106.18,43,35.0
2025-12-28,19:38:44,64.8,3494.25,43,35.0
2025-12-28,19:38:54,65.1,3621.97,44,35.0
2025-12-28,19:39:04,64.6,3929.67,43,35.0
2025-12-28,19:39:14,65.4,4154.78,43,35.0
2025-12-28,19:39:24,64.8,3816.12,43,35.0
2025-12-28,19:39:35,65.1,3888.60,44,35.0
2025-12-28,19:39:45,64.9,3816.66,44,35.0
2025-12-28,19:39:55,64.8,3777.82,43,35.0
2025-12-28,19:40:05,64.8,3747.27,43,35.0
2025-12-28,19:40:15,65.0,3596.70,44,35.0
2025-12-28,19:40:25,64.6,3656.93,44,35.0
2025-12-28,19:40:36,64.9,3796.96,43,34.0
2025-12-28,19:40:46,64.2,3847.02,43,34.0
2025-12-28,19:40:56,65.8,3922.20,44,35.0
2025-12-28,19:41:06,62.8,4458.92,43,35.0
2025-12-28,19:41:16,59.5,3823.18,44,35.0
2025-12-28,19:41:26,61.1,3906.55,44,35.0
2025-12-28,19:41:37,65.8,4178.87,44,35.0
2025-12-28,19:41:47,67.1,3722.89,44,35.0
2025-12-28,19:41:57,66.4,3968.74,44,35.0
2025-12-28,19:42:07,66.6,4024.88,44,35.0
2025-12-28,19:42:17,66.5,4043.50,44,35.0
2025-12-28,19:42:27,66.6,3728.37,43,35.0
2025-12-28,19:42:38,66.0,3739.76,43,35.0
2025-12-28,19:42:48,66.5,3825.07,43,35.0
2025-12-28,19:42:58,66.9,3702.78,43,35.0
2025-12-28,19:43:08,66.5,4000.32,43,34.0
2025-12-28,19:43:18,66.5,3897.71,43,34.0
2025-12-28,19:43:29,66.9,3896.11,43,35.0
2025-12-28,19:43:39,67.1,3823.77,43,35.0
2025-12-28,19:43:49,66.8,4172.21,43,34.0
2025-12-28,19:43:59,66.0,3905.43,43,35.0
2025-12-28,19:44:09,67.2,4198.69,43,34.0
2025-12-28,19:44:19,66.8,3921.48,43,35.0
2025-12-28,19:44:30,65.6,4020.02,43,34.0
2025-12-28,19:44:40,67.4,3955.80,43,35.0
2025-12-28,19:44:50,63.8,3737.77,43,35.0
2025-12-28,19:45:00,62.5,3797.02,43,35.0
2025-12-28,19:45:10,69.6,3710.02,43,35.0
2025-12-28,19:45:20,65.1,3754.83,43,35.0
2025-12-28,19:45:31,65.2,3667.29,43,34.0
2025-12-28,19:45:41,64.5,3798.04,43,35.0
2025-12-28,19:45:51,65.0,3746.41,43,35.0
2025-12-28,19:46:01,64.8,3768.44,43,34.0
2025-12-28,19:46:11,65.1,4130.40,43,35.0
2025-12-28,19:46:21,64.2,4740.54,43,35.0
2025-12-28,19:46:32,64.6,3837.23,43,35.0
2025-12-28,19:46:42,64.8,4245.22,43,35.0
2025-12-28,19:46:52,65.2,3918.29,43,35.0
2025-12-28,19:47:02,64.4,3958.87,43,35.0
2025-12-28,19:47:12,65.1,3741.17,43,35.0
2025-12-28,19:47:22,64.6,3738.40,43,34.0
2025-12-28,19:47:33,65.4,3886.80,43,35.0
2025-12-28,19:47:43,64.6,3726.26,43,35.0
2025-12-28,19:47:53,65.5,3605.44,43,35.0
2025-12-28,19:48:03,64.8,3558.14,43,34.0
2025-12-28,19:48:13,64.9,3639.26,43,35.0
2025-12-28,19:48:23,62.9,3619.50,43,35.0
2025-12-28,19:48:34,59.9,3763.84,43,35.0
2025-12-28,19:48:44,68.1,3966.58,43,35.0
2025-12-28,19:48:54,65.0,3962.47,43,35.0
2025-12-28,19:49:04,64.5,3863.40,43,35.0
2025-12-28,19:49:14,64.5,4363.04,43,35.0
2025-12-28,19:49:24,64.9,3986.22,43,35.0
2025-12-28,19:49:35,64.6,4087.30,44,35.0
2025-12-28,19:49:45,64.6,4013.40,43,35.0
2025-12-28,19:49:55,64.1,3638.53,43,35.0
2025-12-28,19:50:05,64.8,3942.09,43,35.0
2025-12-28,19:50:15,65.4,3547.61,44,35.0
2025-12-28,19:50:25,64.8,3997.46,44,35.0
2025-12-28,19:50:36,64.6,3977.36,43,35.0
2025-12-28,19:50:46,64.9,4279.93,44,35.0
2025-12-28,19:50:56,64.5,3659.67,43,35.0
2025-12-28,19:51:06,65.2,3817.47,43,35.0
2025-12-28,19:51:16,64.8,4081.39,44,35.0
2025-12-28,19:51:27,64.9,3951.31,44,34.0
2025-12-28,19:51:37,65.2,3789.66,44,35.0
2025-12-28,19:51:47,64.8,3923.34,43,35.0
2025-12-28,19:51:57,62.5,4663.85,44,35.0
2025-12-28,19:52:07,62.6,3968.80,44,35.0
2025-12-28,19:52:17,69.8,4004.93,44,35.0
2025-12-28,19:52:28,65.9,4326.93,44,35.0
2025-12-28,19:52:38,67.1,3976.88,44,35.0
2025-12-28,19:52:48,66.8,3697.42,44,35.0
2025-12-28,19:52:58,66.2,3701.11,43,35.0
2025-12-28,19:53:08,66.2,3886.02,43,35.0
2025-12-28,19:53:18,66.9,3797.67,44,35.0
2025-12-28,19:53:29,66.4,3836.88,43,35.0
2025-12-28,19:53:39,66.5,4201.19,43,35.0
2025-12-28,19:53:49,66.6,4076.75,43,35.0
2025-12-28,19:53:59,66.4,4001.04,43,35.0
2025-12-28,19:54:09,67.5,3733.48,43,35.0
2025-12-28,19:54:19,66.0,3954.46,43,35.0
2025-12-28,19:54:30,66.5,4026.41,43,35.0
2025-12-28,19:54:40,66.4,4272.13,43,35.0
2025-12-28,19:54:50,66.5,3700.66,43,35.0
2025-12-28,19:55:00,66.5,4275.64,43,35.0
2025-12-28,19:55:10,66.4,3968.64,43,35.0
2025-12-28,19:55:20,66.2,3545.30,43,35.0
2025-12-28,19:55:31,66.0,4813.85,43,35.0
2025-12-28,19:55:41,65.1,4131.63,43,34.0
2025-12-28,19:55:51,58.4,4146.92,43,35.0
2025-12-28,19:56:01,61.9,4015.20,43,35.0
2025-12-28,19:56:11,64.9,4027.95,43,35.0
2025-12-28,19:56:21,65.4,4308.40,43,35.0
2025-12-28,19:56:32,65.0,4164.15,43,34.0
2025-12-28,19:56:42,65.0,4072.88,43,35.0
2025-12-28,19:56:52,64.8,4017.70,43,35.0
2025-12-28,19:57:02,65.2,3477.20,43,34.0
2025-12-28,19:57:12,64.9,4219.92,43,35.0
2025-12-28,19:57:22,65.8,3759.98,43,35.0
2025-12-28,19:57:33,65.0,3795.54,43,35.0
2025-12-28,19:57:43,65.2,4200.12,43,34.0
2025-12-28,19:57:53,65.5,4371.18,43,34.0
2025-12-28,19:58:03,65.0,3872.45,43,34.0
2025-12-28,19:58:13,65.0,3946.76,43,35.0
2025-12-28,19:58:24,65.6,3825.23,43,35.0
2025-12-28,19:58:34,64.8,4039.21,43,35.0
2025-12-28,19:58:44,65.5,4008.21,43,34.0
2025-12-28,19:58:54,65.2,4074.87,43,35.0
2025-12-28,19:59:04,65.2,3905.27,43,34.0
2025-12-28,19:59:14,64.0,3714.28,43,34.0
2025-12-28,19:59:25,60.9,4131.49,43,34.0
2025-12-28,19:59:35,63.4,3615.63,44,35.0
2025-12-28,19:59:45,66.1,4121.03,43,35.0
2025-12-28,19:59:55,65.0,3663.02,43,35.0
2025-12-28,20:00:05,65.0,3811.32,43,34.0
2025-12-28,20:00:15,64.9,4318.99,43,35.0
2025-12-28,20:00:26,64.9,4038.68,44,34.0
2025-12-28,20:00:36,65.9,3696.32,43,35.0
2025-12-28,20:00:46,65.1,4127.85,44,35.0
2025-12-28,20:00:56,65.2,4378.35,43,35.0
2025-12-28,20:01:06,65.0,3427.71,43,35.0
2025-12-28,20:01:16,64.9,4235.08,43,34.0
2025-12-28,20:01:27,65.4,3883.76,43,34.0
2025-12-28,20:01:37,65.4,3852.73,43,35.0
2025-12-28,20:01:47,65.0,3581.10,43,34.0
2025-12-28,20:01:57,64.6,3603.63,43,35.0
2025-12-28,20:02:07,64.8,3832.92,43,35.0
2025-12-28,20:02:17,65.9,3627.83,43,35.0
2025-12-28,20:02:28,65.1,4024.29,43,35.0
2025-12-28,20:02:38,64.9,3883.02,44,35.0
2025-12-28,20:02:48,65.8,3996.05,43,35.0
2025-12-28,20:02:58,63.2,3551.23,44,35.0
2025-12-28,20:03:08,61.2,3758.93,44,35.0
2025-12-28,20:03:18,65.5,3832.10,44,35.0
2025-12-28,20:03:29,67.2,4001.21,44,35.0
2025-12-28,20:03:39,66.6,3945.85,43,35.0
2025-12-28,20:03:49,66.6,3908.52,44,35.0
2025-12-28,20:03:59,66.2,3999.64,44,34.0
2025-12-28,20:04:09,67.0,4009.51,44,35.0
2025-12-28,20:04:20,67.1,3903.24,43,35.0
2025-12-28,20:04:30,66.0,4614.28,43,35.0
2025-12-28,20:04:40,66.4,4001.36,43,35.0
2025-12-28,20:04:50,66.1,4537.72,43,35.0
2025-12-28,20:05:00,67.1,3923.16,43,35.0
2025-12-28,20:05:10,66.9,4071.05,43,35.0
2025-12-28,20:05:21,66.4,3853.90,43,35.0
2025-12-28,20:05:31,66.1,3641.65,43,35.0
2025-12-28,20:05:41,66.6,4890.47,43,35.0
2025-12-28,20:05:51,66.6,3552.26,43,35.0
2025-12-28,20:06:01,67.2,3911.08,43,35.0
2025-12-28,20:06:11,66.5,3983.57,43,35.0
2025-12-28,20:06:22,66.9,3963.22,43,35.0
2025-12-28,20:06:32,66.4,3991.86,43,35.0
2025-12-28,20:06:42,63.4,4027.51,43,35.0
2025-12-28,20:06:52,62.5,3698.45,43,35.0
2025-12-28,20:07:02,70.4,3787.13,43,35.0
2025-12-28,20:07:12,65.4,3989.53,43,35.0
2025-12-28,20:07:23,64.6,4023.07,43,35.0
2025-12-28,20:07:33,65.0,3833.44,43,34.0
2025-12-28,20:07:43,64.6,3695.92,43,35.0
2025-12-28,20:07:53,65.9,3700.88,43,35.0
2025-12-28,20:08:03,65.6,3973.54,43,35.0
2025-12-28,20:08:13,65.4,3712.84,43,35.0
2025-12-28,20:08:24,65.5,3878.74,44,35.0
2025-12-28,20:08:34,65.8,4378.60,44,35.0
2025-12-28,20:08:44,65.2,3621.18,44,35.0
2025-12-28,20:08:54,65.8,4085.44,44,35.0
2025-12-28,20:09:04,65.8,3874.39,43,35.0
2025-12-28,20:09:14,65.0,3792.94,44,35.0
2025-12-28,20:09:25,65.1,3887.93,44,35.0
2025-12-28,20:09:35,65.8,4166.28,44,35.0
2025-12-28,20:09:45,65.5,3770.07,44,35.0
2025-12-28,20:09:55,65.1,3866.16,44,35.0
2025-12-28,20:10:05,64.9,3967.62,44,35.0
2025-12-28,20:10:15,62.1,3646.38,44,35.0
2025-12-28,20:10:26,64.2,4152.10,44,35.0
2025-12-28,20:10:36,69.8,3780.02,44,35.0
2025-12-28,20:10:46,64.1,4517.94,44,35.0
2025-12-28,20:10:56,64.8,4071.56,44,35.0
2025-12-28,20:11:06,65.1,3700.17,44,35.0
2025-12-28,20:11:17,64.9,3511.10,44,35.0
2025-12-28,20:11:27,65.6,4329.69,44,35.0
2025-12-28,20:11:37,65.1,3867.11,44,35.0
2025-12-28,20:11:47,64.6,4439.54,44,35.0
2025-12-28,20:11:57,65.0,3990.73,44,35.0
2025-12-28,20:12:07,65.0,3948.42,44,35.0
2025-12-28,20:12:18,65.1,3927.10,44,35.0
2025-12-28,20:12:28,65.2,3890.65,44,35.0
2025-12-28,20:12:38,65.4,3679.46,44,35.0
2025-12-28,20:12:48,65.2,4063.74,44,35.0
2025-12-28,20:12:58,65.6,3514.75,44,35.0
2025-12-28,20:13:08,64.8,4003.88,44,35.0
2025-12-28,20:13:19,65.1,4671.65,44,35.0
2025-12-28,20:13:29,65.0,4447.41,44,35.0
2025-12-28,20:13:39,65.1,3960.98,44,35.0
2025-12-28,20:13:49,65.6,4547.93,44,35.0
2025-12-28,20:13:59,63.9,4503.75,44,35.0
2025-12-28,20:14:09,63.1,4004.08,44,35.0
2025-12-28,20:14:20,66.2,4049.70,44,35.0
2025-12-28,20:14:30,66.8,3796.94,44,35.0
2025-12-28,20:14:40,66.6,3602.87,44,35.0
2025-12-28,20:14:50,66.5,3761.08,44,35.0
2025-12-28,20:15:00,67.2,3828.69,44,35.0
2025-12-28,20:15:11,66.8,3510.56,44,35.0
2025-12-28,20:15:21,66.0,3990.24,44,35.0
2025-12-28,20:15:31,66.0,4564.23,44,35.0
2025-12-28,20:15:41,67.8,4147.05,44,35.0
2025-12-28,20:15:51,66.2,3908.35,44,35.0
2025-12-28,20:16:01,66.0,3842.59,44,35.0
2025-12-28,20:16:12,67.2,3965.23,44,35.0
2025-12-28,20:16:22,67.1,3920.89,44,35.0
2025-12-28,20:16:32,67.2,4067.22,44,35.0
2025-12-28,20:16:42,66.6,3993.50,44,35.0
2025-12-28,20:16:52,66.6,3861.90,44,35.0
2025-12-28,20:17:02,67.1,3691.06,44,35.0
2025-12-28,20:17:13,66.8,3927.42,44,35.0
2025-12-28,20:17:23,66.1,3910.94,44,35.0
2025-12-28,20:17:33,67.5,3979.25,44,35.0
2025-12-28,20:17:43,62.2,4365.65,44,35.0
2025-12-28,20:17:53,60.0,3814.61,44,35.0
2025-12-28,20:18:03,66.4,3629.00,44,35.0
2025-12-28,20:18:14,65.2,3850.02,44,35.0
2025-12-28,20:18:24,64.6,3886.56,44,35.0
2025-12-28,20:18:34,65.2,3822.13,44,35.0
2025-12-28,20:18:44,65.4,4103.20,44,35.0
2025-12-28,20:18:54,65.9,4205.78,44,35.0
2025-12-28,20:19:04,65.8,3710.54,44,35.0
2025-12-28,20:19:15,65.0,4088.02,44,35.0
2025-12-28,20:19:25,65.1,4174.17,44,35.0
2025-12-28,20:19:35,64.8,3972.27,44,35.0
2025-12-28,20:19:45,66.2,3969.51,44,35.0
2025-12-28,20:19:55,65.0,3841.82,44,35.0
2025-12-28,20:20:05,65.4,3924.27,44,35.0
2025-12-28,20:20:16,65.1,4073.95,44,35.0
2025-12-28,20:20:26,65.6,4660.54,44,35.0
2025-12-28,20:20:36,65.1,4132.88,44,35.0
2025-12-28,20:20:46,65.6,3948.12,44,35.0
2025-12-28,20:20:56,65.1,3654.33,44,35.0
2025-12-28,20:21:07,65.9,3555.30,44,35.0
2025-12-28,20:21:17,64.1,3758.53,44,35.0
2025-12-28,20:21:27,63.6,4245.89,44,35.0
2025-12-28,20:21:37,66.9,3742.08,44,35.0
2025-12-28,20:21:47,64.8,4011.59,44,35.0
2025-12-28,20:21:57,65.1,3739.85,44,35.0
2025-12-28,20:22:08,64.8,3773.50,44,35.0
2025-12-28,20:22:18,64.2,3910.93,44,35.0
2025-12-28,20:22:28,65.0,4683.72,44,35.0
2025-12-28,20:22:38,65.6,4073.66,44,35.0
2025-12-28,20:22:48,64.9,3752.24,44,35.0
2025-12-28,20:22:58,65.6,3931.21,44,35.0
2025-12-28,20:23:09,64.5,3837.46,44,35.0
2025-12-28,20:23:19,64.9,3569.72,44,35.0
2025-12-28,20:23:29,64.9,3873.99,44,35.0
2025-12-28,20:23:39,64.5,3985.93,44,35.0
2025-12-28,20:23:49,64.6,4170.55,44,35.0
2025-12-28,20:23:59,64.6,3931.87,44,35.0
2025-12-28,20:24:10,65.2,4194.51,44,35.0
2025-12-28,20:24:20,65.0,3921.15,44,35.0
2025-12-28,20:24:30,64.9,3888.82,44,35.0
2025-12-28,20:24:40,65.6,4036.05,44,35.0
2025-12-28,20:24:50,65.8,4284.29,44,35.0
2025-12-28,20:25:01,63.6,3900.67,44,35.0
2025-12-28,20:25:11,68.5,4060.83,44,35.0
2025-12-28,20:25:21,65.4,3718.66,44,35.0
2025-12-28,20:25:31,67.2,3923.55,44,35.0
2025-12-28,20:25:41,66.8,4020.62,44,35.0
2025-12-28,20:25:51,66.2,4093.14,44,35.0
2025-12-28,20:26:02,67.6,4848.25,44,35.0
2025-12-28,20:26:12,66.4,4241.93,44,35.0
2025-12-28,20:26:22,67.1,4063.16,44,35.0
2025-12-28,20:26:32,66.6,3637.22,44,35.0
2025-12-28,20:26:42,66.0,4015.23,44,35.0
2025-12-28,20:26:52,66.6,3993.05,44,35.0
2025-12-28,20:27:03,66.6,4198.84,44,35.0
2025-12-28,20:27:13,66.5,4240.94,44,35.0
2025-12-28,20:27:23,66.2,3963.87,44,35.0
2025-12-28,20:27:33,67.8,3845.28,44,35.0
2025-12-28,20:27:43,67.0,3896.34,44,35.0
2025-12-28,20:27:53,66.8,3883.30,44,35.0
2025-12-28,20:28:04,66.6,4066.30,44,35.0
2025-12-28,20:28:14,67.2,4014.88,44,35.0
2025-12-28,20:28:24,67.5,3757.91,44,35.0
2025-12-28,20:28:34,66.4,3986.16,44,35.0
2025-12-28,20:28:44,60.5,3619.03,44,35.0
2025-12-28,20:28:54,58.8,4074.17,44,35.0
2025-12-28,20:29:05,60.2,4416.06,44,35.0
2025-12-28,20:29:15,65.6,3879.07,44,35.0
2025-12-28,20:29:25,66.0,4100.54,44,35.0
2025-12-28,20:29:35,65.0,4353.71,44,35.0
2025-12-28,20:29:45,65.6,4487.10,44,35.0
2025-12-28,20:29:56,64.8,4069.55,44,35.0
2025-12-28,20:30:06,65.5,4097.68,44,35.0
2025-12-28,20:30:16,65.9,4046.26,44,35.0
2025-12-28,20:30:26,65.0,3772.48,44,35.0
2025-12-28,20:30:36,65.6,3687.59,44,35.0
2025-12-28,20:30:46,65.2,4048.41,44,35.0
2025-12-28,20:30:57,65.5,4389.36,44,35.0
2025-12-28,20:31:07,65.4,3842.36,44,35.0
2025-12-28,20:31:17,64.9,4238.14,44,35.0
2025-12-28,20:31:27,65.4,4097.19,44,35.0
2025-12-28,20:31:37,65.4,4646.55,44,35.0
2025-12-28,20:31:47,65.4,4064.24,44,35.0
2025-12-28,20:31:58,64.6,4284.52,44,35.0
2025-12-28,20:32:08,65.4,3903.25,44,35.0
2025-12-28,20:32:18,63.8,3950.81,44,35.0
2025-12-28,20:32:28,59.0,3799.45,44,35.0
2025-12-28,20:32:38,66.6,3785.41,44,35.0
2025-12-28,20:32:48,65.1,3763.33,44,35.0
2025-12-28,20:32:59,65.4,3858.12,44,35.0
2025-12-28,20:33:09,65.2,3940.31,44,35.0
2025-12-28,20:33:19,64.8,3913.67,44,35.0
2025-12-28,20:33:29,64.9,3859.40,44,35.0
2025-12-28,20:33:39,66.0,3989.08,44,35.0
2025-12-28,20:33:49,65.2,4022.95,44,35.0
2025-12-28,20:34:00,65.1,3757.03,44,35.0
2025-12-28,20:34:10,65.4,4382.02,44,35.0
2025-12-28,20:34:20,65.5,4060.31,44,35.0
2025-12-28,20:34:30,65.2,3738.01,44,35.0
2025-12-28,20:34:40,64.8,3901.78,44,35.0
2025-12-28,20:34:51,65.1,3994.11,44,35.0
2025-12-28,20:35:01,65.2,4138.96,44,35.0
2025-12-28,20:35:11,65.4,4514.11,44,35.0
2025-12-28,20:35:21,65.1,4095.96,44,35.0
2025-12-28,20:35:31,64.8,3671.16,44,35.0
2025-12-28,20:35:41,64.9,3740.63,44,35.0
2025-12-28,20:35:51,63.0,4832.75,44,35.0
2025-12-28,20:36:02,62.9,4140.63,44,35.0
2025-12-28,20:36:12,70.5,3983.61,44,35.0
2025-12-28,20:36:22,64.8,3942.43,44,35.0
2025-12-28,20:36:32,67.4,4040.57,44,35.0
2025-12-28,20:36:42,67.4,3834.65,44,35.0
2025-12-28,20:36:52,66.8,3966.39,44,35.0
2025-12-28,20:37:03,66.5,3809.64,44,35.0
2025-12-28,20:37:13,67.4,4551.75,44,35.0
2025-12-28,20:37:23,67.4,4003.16,44,35.0
2025-12-28,20:37:33,66.6,3868.67,44,35.0
2025-12-28,20:37:43,66.2,3712.45,44,35.0
2025-12-28,20:37:53,67.0,4211.89,44,35.0
2025-12-28,20:38:04,67.9,3724.58,44,34.0
2025-12-28,20:38:14,67.4,4530.27,44,35.0
2025-12-28,20:38:24,66.9,4627.96,44,35.0
2025-12-28,20:38:34,66.5,3648.48,44,35.0
2025-12-28,20:38:44,67.2,4294.25,44,35.0
2025-12-28,20:38:54,67.1,3671.25,44,35.0
2025-12-28,20:39:05,66.8,4656.25,44,35.0
2025-12-28,20:39:15,67.4,4208.81,44,35.0
2025-12-28,20:39:25,66.2,4096.07,44,35.0
2025-12-28,20:39:35,67.6,3416.79,44,35.0
2025-12-28,20:39:45,60.5,4207.22,44,35.0
2025-12-28,20:39:56,69.5,3984.17,44,35.0
2025-12-28,20:40:06,65.4,3703.28,44,35.0
2025-12-28,20:40:16,65.6,3856.44,44,35.0
2025-12-28,20:40:26,65.5,3883.53,44,35.0
2025-12-28,20:40:36,64.8,3541.18,44,35.0
2025-12-28,20:40:46,66.1,3596.74,44,35.0
2025-12-28,20:40:57,65.0,4100.74,44,35.0
2025-12-28,20:41:07,65.8,4811.31,44,35.0
2025-12-28,20:41:17,65.9,4003.16,44,35.0
2025-12-28,20:41:27,65.5,3925.98,44,35.0
2025-12-28,20:41:37,65.1,3872.26,44,35.0
2025-12-28,20:41:47,65.9,3759.56,44,35.0
2025-12-28,20:41:58,65.1,3623.19,44,35.0
2025-12-28,20:42:08,65.8,4389.18,44,35.0
2025-12-28,20:42:18,65.5,4277.22,44,35.0
2025-12-28,20:42:28,66.0,4109.62,44,35.0
2025-12-28,20:42:38,65.5,3883.00,44,35.0
2025-12-28,20:42:48,64.8,4110.21,44,35.0
2025-12-28,20:42:59,65.2,4418.73,44,35.0
2025-12-28,20:43:09,65.6,4117.80,44,35.0
2025-12-28,20:43:19,62.9,4070.45,44,35.0
2025-12-28,20:43:29,62.1,4017.34,44,35.0
2025-12-28,20:43:39,62.0,4136.29,44,35.0
2025-12-28,20:43:49,65.2,3755.34,44,35.0
2025-12-28,20:44:00,64.9,3912.57,44,35.0
2025-12-28,20:44:10,65.1,3665.91,44,35.0
2025-12-28,20:44:20,64.9,4088.58,44,35.0
2025-12-28,20:44:30,65.6,3766.15,44,35.0
2025-12-28,20:44:40,65.0,4172.19,44,35.0
2025-12-28,20:44:50,65.2,4122.63,44,35.0
2025-12-28,20:45:01,65.0,4311.64,44,35.0
2025-12-28,20:45:11,65.5,3877.19,44,36.0
2025-12-28,20:45:21,65.1,4476.63,44,35.0
2025-12-28,20:45:31,66.0,4139.91,44,36.0
2025-12-28,20:45:41,66.5,3922.13,44,36.0
2025-12-28,20:45:51,65.6,4241.12,44,36.0
2025-12-28,20:46:02,65.1,3853.03,44,36.0
2025-12-28,20:46:12,65.5,3907.90,44,36.0
2025-12-28,20:46:22,65.8,3750.75,44,36.0
2025-12-28,20:46:32,65.1,4673.29,44,36.0
2025-12-28,20:46:42,66.2,4680.16,44,36.0
2025-12-28,20:46:52,67.2,4542.29,44,36.0
2025-12-28,20:47:03,66.1,4966.41,44,37.0
2025-12-28,20:47:13,66.4,4546.06,44,37.0
2025-12-28,20:47:23,71.0,4375.39,44,37.0
2025-12-28,20:47:33,70.4,4513.06,44,37.0
2025-12-28,20:47:43,70.9,4048.60,44,37.0
2025-12-28,20:47:54,70.9,4548.90,44,37.0
2025-12-28,20:48:04,70.0,4732.95,44,37.0
2025-12-28,20:48:14,71.0,3720.41,44,37.0
2025-12-28,20:48:24,70.2,4408.34,43,37.0
2025-12-28,20:48:34,70.1,4031.06,43,37.0
2025-12-28,20:48:44,71.0,3773.91,43,37.0
2025-12-28,20:48:55,71.0,4650.98,43,37.0
2025-12-28,20:49:05,71.6,4593.75,43,37.0
2025-12-28,20:49:15,71.1,4134.43,43,37.0
2025-12-28,20:49:25,70.8,4369.12,43,37.0
2025-12-28,20:49:35,70.1,4310.69,43,37.0
2025-12-28,20:49:45,70.0,4235.81,43,37.0
2025-12-28,20:49:56,70.4,4662.02,43,37.0
2025-12-28,20:50:06,70.0,4388.53,43,37.0
2025-12-28,20:50:16,70.1,4212.11,43,37.0
2025-12-28,20:50:26,70.8,4464.67,43,37.0
2025-12-28,20:50:36,70.4,4215.95,43,37.0
2025-12-28,20:50:46,70.8,3968.00,43,37.0
2025-12-28,20:50:57,67.1,3860.13,43,37.0
2025-12-28,20:51:07,66.6,3831.22,43,37.0
2025-12-28,20:51:17,72.9,4148.95,43,36.0
2025-12-28,20:51:27,69.2,4460.85,43,37.0
2025-12-28,20:51:37,68.6,3573.24,43,37.0
2025-12-28,20:51:48,69.5,4333.87,43,37.0
2025-12-28,20:51:58,68.9,4445.73,43,37.0
2025-12-28,20:52:08,69.9,4471.55,43,37.0
2025-12-28,20:52:18,68.5,4370.36,43,37.0
2025-12-28,20:52:28,69.4,4223.79,43,36.0
2025-12-28,20:52:38,69.6,3897.66,43,36.0
2025-12-28,20:52:49,69.2,4416.19,43,37.0
2025-12-28,20:52:59,70.0,4024.41,43,37.0
2025-12-28,20:53:09,70.1,4003.92,43,37.0
2025-12-28,20:53:19,69.1,4434.52,43,37.0
2025-12-28,20:53:29,69.6,4805.31,43,36.0
2025-12-28,20:53:39,69.9,4110.21,43,37.0
2025-12-28,20:53:50,68.6,3984.66,43,37.0
2025-12-28,20:54:00,67.6,4078.53,43,36.0
2025-12-28,20:54:10,67.0,3941.20,43,36.0
2025-12-28,20:54:20,66.8,3715.36,43,36.0
2025-12-28,20:54:30,67.4,4219.52,43,35.0
2025-12-28,20:54:40,65.5,3586.84,43,35.0
2025-12-28,20:54:51,63.6,3458.40,43,35.0
2025-12-28,20:55:01,71.6,3802.08,43,35.0
2025-12-28,20:55:11,66.2,4036.85,43,35.0
2025-12-28,20:55:21,66.0,3876.20,43,34.0
2025-12-28,20:55:31,66.5,3391.14,43,34.0
2025-12-28,20:55:41,66.1,3451.01,43,34.0
2025-12-28,20:55:52,66.4,3562.46,43,34.0
2025-12-28,20:56:02,66.0,3604.38,43,34.0
2025-12-28,20:56:12,66.1,3520.62,43,34.0
2025-12-28,20:56:22,67.0,3992.72,43,34.0
2025-12-28,20:56:32,67.4,4429.35,43,34.0
2025-12-28,20:56:42,65.2,4062.43,43,33.0
2025-12-28,20:56:53,66.2,3785.84,43,34.0
2025-12-28,20:57:03,66.5,3859.99,43,34.0
2025-12-28,20:57:13,65.5,3903.15,43,34.0
2025-12-28,20:57:23,66.4,3844.95,43,34.0
2025-12-28,20:57:33,66.1,3929.27,43,33.0
2025-12-28,20:57:43,66.5,3994.69,43,34.0
2025-12-28,20:57:54,67.2,4067.67,43,33.0
2025-12-28,20:58:04,66.4,3509.20,43,33.0
2025-12-28,20:58:14,65.9,3655.28,43,33.0
2025-12-28,20:58:24,64.8,3420.69,43,33.0
2025-12-28,20:58:34,62.5,3756.05,43,33.0
2025-12-28,20:58:44,67.2,3925.83,43,33.0
2025-12-28,20:58:55,66.8,4247.71,43,33.0
2025-12-28,20:59:05,68.0,3988.14,43,33.0
2025-12-28,20:59:15,68.2,3763.57,43,33.0
2025-12-28,20:59:25,68.0,3931.43,43,33.0
2025-12-28,20:59:35,67.5,4990.26,43,33.0
2025-12-28,20:59:45,67.0,3512.99,43,33.0
2025-12-28,20:59:56,68.5,3454.71,43,34.0
2025-12-28,21:00:06,67.9,3848.15,43,33.0
2025-12-28,21:00:16,68.5,4000.69,43,33.0
2025-12-28,21:00:26,68.5,3846.00,43,33.0
2025-12-28,21:00:36,67.5,4056.12,43,33.0
2025-12-28,21:00:46,67.1,3906.10,43,33.0
2025-12-28,21:00:56,68.5,4305.66,43,33.0
2025-12-28,21:01:07,67.0,3683.29,43,33.0
2025-12-28,21:01:17,67.6,3759.78,43,33.0
2025-12-28,21:01:27,67.9,3955.15,43,33.0
2025-12-28,21:01:37,68.5,3706.59,43,33.0
2025-12-28,21:01:47,68.2,3696.08,43,33.0
2025-12-28,21:01:57,67.6,3636.37,43,33.0
2025-12-28,21:02:08,66.1,4002.71,43,33.0
2025-12-28,21:02:18,63.2,3496.21,43,33.0
2025-12-28,21:02:28,70.9,3819.46,43,33.0
2025-12-28,21:02:38,66.0,4840.23,43,33.0
2025-12-28,21:02:48,66.2,3614.63,43,33.0
2025-12-28,21:02:58,66.5,4211.36,43,33.0
2025-12-28,21:03:09,66.1,3912.68,43,33.0
2025-12-28,21:03:19,66.5,3612.43,43,33.0
2025-12-28,21:03:29,66.0,3773.22,43,33.0
2025-12-28,21:03:39,66.6,4111.89,43,33.0
2025-12-28,21:03:49,66.5,4292.05,43,33.0
2025-12-28,21:04:00,65.9,3699.60,43,33.0
2025-12-28,21:04:10,66.6,3615.22,43,33.0
2025-12-28,21:04:20,66.1,3902.18,43,33.0
2025-12-28,21:04:30,66.1,3985.04,43,33.0
2025-12-28,21:04:40,66.4,4010.62,43,33.0
2025-12-28,21:04:50,66.5,3552.02,43,34.0
2025-12-28,21:05:00,66.4,3995.41,43,33.0
2025-12-28,21:05:11,66.0,3728.87,43,33.0
2025-12-28,21:05:21,65.8,3727.95,43,33.0
2025-12-28,21:05:31,66.1,3961.56,43,33.0
2025-12-28,21:05:41,66.9,3811.84,43,33.0
2025-12-28,21:05:51,61.8,4331.60,43,33.0
2025-12-28,21:06:01,60.5,4078.73,43,33.0
2025-12-28,21:06:12,65.8,3553.28,43,33.0
2025-12-28,21:06:22,65.1,3890.24,43,33.0
2025-12-28,21:06:32,65.9,3931.02,43,34.0
2025-12-28,21:06:42,66.1,3703.32,43,34.0
2025-12-28,21:06:52,65.5,4092.22,43,34.0
2025-12-28,21:07:02,67.5,3978.53,43,33.0
2025-12-28,21:07:13,66.1,4236.19,43,34.0
2025-12-28,21:07:23,66.2,3620.63,43,33.0
2025-12-28,21:07:33,66.2,3356.41,43,34.0
2025-12-28,21:07:43,66.1,3711.93,43,34.0
2025-12-28,21:07:53,66.5,3472.93,43,33.0
2025-12-28,21:08:03,66.8,3521.47,43,33.0
2025-12-28,21:08:14,66.8,3539.50,43,33.0
2025-12-28,21:08:24,66.6,3594.80,43,34.0
2025-12-28,21:08:34,65.5,3600.01,43,34.0
2025-12-28,21:08:44,66.9,3666.48,43,33.0
2025-12-28,21:08:54,66.5,3734.45,43,34.0
2025-12-28,21:09:04,66.2,3645.18,43,34.0
2025-12-28,21:09:15,65.8,3670.93,43,34.0
2025-12-28,21:09:25,66.5,4229.13,43,34.0
2025-12-28,21:09:35,63.6,3830.47,43,33.0
2025-12-28,21:09:45,65.8,3481.30,43,34.0
2025-12-28,21:09:55,67.2,3713.80,43,34.0
2025-12-28,21:10:05,67.4,3954.98,43,33.0
2025-12-28,21:10:16,67.1,3930.44,43,34.0
2025-12-28,21:10:26,68.2,3670.23,43,34.0
2025-12-28,21:10:36,68.4,3429.44,43,34.0
2025-12-28,21:10:46,67.6,3389.43,43,33.0
2025-12-28,21:10:56,67.6,3575.90,43,34.0
2025-12-28,21:11:06,67.5,3679.75,43,34.0
2025-12-28,21:11:17,67.6,3654.23,43,33.0
2025-12-28,21:11:27,67.2,3848.28,43,34.0
2025-12-28,21:11:37,68.1,3625.92,43,33.0
2025-12-28,21:11:47,68.2,3661.51,43,33.0
2025-12-28,21:11:57,67.9,3661.44,43,34.0
2025-12-28,21:12:07,68.2,3492.01,43,34.0
2025-12-28,21:12:18,67.9,3795.28,43,34.0
2025-12-28,21:12:28,67.4,3784.60,43,33.0
2025-12-28,21:12:38,67.4,4215.71,43,33.0
2025-12-28,21:12:48,68.5,4101.47,43,33.0
2025-12-28,21:12:58,68.1,3875.41,43,33.0
2025-12-28,21:13:08,67.8,3564.22,43,33.0
2025-12-28,21:13:19,64.4,3535.75,43,33.0
2025-12-28,21:13:29,60.1,3467.83,43,34.0
2025-12-28,21:13:39,71.5,3305.57,43,33.0
2025-12-28,21:13:49,66.5,4571.23,43,33.0
2025-12-28,21:13:59,66.2,3885.03,43,33.0
2025-12-28,21:14:09,65.6,4181.56,43,33.0
2025-12-28,21:14:20,66.9,3337.64,43,34.0
2025-12-28,21:14:30,66.1,4087.81,43,33.0
2025-12-28,21:14:40,66.2,3470.86,43,33.0
2025-12-28,21:14:50,66.5,3711.18,43,33.0
2025-12-28,21:15:00,66.5,3870.88,43,34.0
2025-12-28,21:15:11,67.0,3839.66,43,34.0
2025-12-28,21:15:21,66.0,3834.82,43,33.0
2025-12-28,21:15:31,66.2,3600.01,43,34.0
2025-12-28,21:15:41,66.6,3532.57,43,34.0
2025-12-28,21:15:51,65.8,3966.23,43,33.0
2025-12-28,21:16:01,66.9,3924.38,43,34.0
2025-12-28,21:16:12,66.8,3517.30,43,34.0
2025-12-28,21:16:22,66.6,3603.58,43,34.0
2025-12-28,21:16:32,66.8,4125.42,43,34.0
2025-12-28,21:16:42,66.2,3807.63,43,34.0
2025-12-28,21:16:52,66.2,3980.76,43,34.0
2025-12-28,21:17:02,61.0,3510.54,43,34.0
2025-12-28,21:17:13,61.0,4627.54,43,34.0
2025-12-28,21:17:23,67.0,3641.99,43,34.0
2025-12-28,21:17:33,66.5,3859.51,43,34.0
2025-12-28,21:17:43,67.0,3734.93,43,34.0
2025-12-28,21:17:53,66.9,4016.26,43,34.0
2025-12-28,21:18:03,66.2,3679.92,43,34.0
2025-12-28,21:18:14,66.1,3512.51,43,34.0
2025-12-28,21:18:24,66.2,3589.61,43,34.0
2025-12-28,21:18:34,66.5,3720.44,43,34.0
2025-12-28,21:18:44,66.9,4198.21,43,34.0
2025-12-28,21:18:54,67.1,3453.81,43,34.0
2025-12-28,21:19:04,66.6,3425.99,43,34.0
2025-12-28,21:19:15,66.4,4247.84,43,34.0
2025-12-28,21:19:25,66.0,4071.45,43,34.0
2025-12-28,21:19:35,65.9,4163.42,43,34.0
2025-12-28,21:19:45,66.6,3783.31,43,34.0
2025-12-28,21:19:55,66.4,3801.24,43,34.0
2025-12-28,21:20:05,66.1,3616.48,43,34.0
2025-12-28,21:20:16,66.5,3546.11,43,34.0
2025-12-28,21:20:26,66.5,3627.63,43,34.0
2025-12-28,21:20:36,64.0,4228.97,43,34.0
2025-12-28,21:20:46,64.0,4031.78,43,34.0
2025-12-28,21:20:56,71.2,3492.52,43,34.0
2025-12-28,21:21:06,66.5,3639.17,43,34.0
2025-12-28,21:21:17,67.2,4549.10,43,34.0
2025-12-28,21:21:27,68.5,3567.41,43,34.0
2025-12-28,21:21:37,69.5,3881.15,43,34.0
2025-12-28,21:21:47,68.5,3748.40,43,34.0
2025-12-28,21:21:57,67.6,3979.51,43,34.0
2025-12-28,21:22:08,68.1,3618.94,43,34.0
2025-12-28,21:22:18,67.6,3633.52,43,34.0
2025-12-28,21:22:28,67.2,3740.26,43,34.0
2025-12-28,21:22:38,68.9,3782.36,43,33.0
2025-12-28,21:22:48,67.8,3374.08,43,33.0
2025-12-28,21:22:58,68.1,3600.64,43,34.0
2025-12-28,21:23:08,68.2,3799.31,43,34.0
2025-12-28,21:23:19,67.4,3984.57,43,34.0
2025-12-28,21:23:29,68.5,3575.84,43,34.0
2025-12-28,21:23:39,66.9,3825.07,43,34.0
2025-12-28,21:23:49,67.8,4158.52,43,34.0
2025-12-28,21:23:59,68.5,3526.27,43,34.0
2025-12-28,21:24:09,68.2,4033.65,43,34.0
2025-12-28,21:24:20,68.5,3900.35,43,34.0
2025-12-28,21:24:30,64.2,4145.63,43,34.0
2025-12-28,21:24:40,62.0,3773.74,43,34.0
2025-12-28,21:24:50,69.9,3749.22,43,34.0
2025-12-28,21:25:00,66.1,3518.92,43,34.0
2025-12-28,21:25:11,66.0,3643.65,43,34.0
2025-12-28,21:25:21,66.1,3591.34,43,34.0
2025-12-28,21:25:31,67.4,3630.70,43,34.0
2025-12-28,21:25:41,66.5,3600.68,43,34.0
2025-12-28,21:25:51,66.6,3643.68,43,34.0
2025-12-28,21:26:01,65.6,4062.59,43,34.0
2025-12-28,21:26:12,66.6,3276.58,43,34.0
2025-12-28,21:26:22,66.1,3721.95,43,34.0
2025-12-28,21:26:32,66.1,4220.01,43,34.0
2025-12-28,21:26:42,66.8,3646.96,43,34.0
2025-12-28,21:26:52,66.4,3548.46,43,34.0
2025-12-28,21:27:02,66.5,3802.83,43,34.0
2025-12-28,21:27:12,67.4,3935.39,43,34.0
2025-12-28,21:27:23,66.4,3602.88,43,34.0
2025-12-28,21:27:33,66.1,3736.97,43,34.0
2025-12-28,21:27:43,66.9,3441.87,43,34.0
2025-12-28,21:27:53,66.9,3778.25,43,34.0
2025-12-28,21:28:03,67.0,3783.29,43,34.0
2025-12-28,21:28:13,61.9,4060.65,43,34.0
2025-12-28,21:28:24,61.5,3812.92,43,34.0
2025-12-28,21:28:34,63.5,4079.04,43,34.0
2025-12-28,21:28:44,66.5,3756.33,43,34.0
2025-12-28,21:28:54,65.8,3787.14,43,34.0
2025-12-28,21:29:04,66.1,3663.14,43,34.0
2025-12-28,21:29:15,66.4,3807.89,43,34.0
2025-12-28,21:29:25,66.1,3836.49,43,34.0
2025-12-28,21:29:35,65.6,3486.93,43,34.0
2025-12-28,21:29:45,66.5,3732.35,43,34.0
2025-12-28,21:29:55,66.4,3829.10,43,34.0
2025-12-28,21:30:05,65.9,4904.59,44,34.0
2025-12-28,21:30:16,66.2,3965.02,43,34.0
2025-12-28,21:30:26,66.1,3557.47,43,34.0
2025-12-28,21:30:36,66.2,3813.70,44,34.0
2025-12-28,21:30:46,66.8,3775.96,44,34.0
2025-12-28,21:30:56,66.4,3852.14,44,34.0
2025-12-28,21:31:06,66.4,3924.90,44,34.0
2025-12-28,21:31:17,66.8,4207.41,44,34.0
2025-12-28,21:31:27,66.8,3666.45,44,34.0
2025-12-28,21:31:37,65.8,4231.74,44,34.0
2025-12-28,21:31:47,66.8,3653.01,44,34.0
2025-12-28,21:31:57,65.9,3653.48,44,34.0
2025-12-28,21:32:07,65.9,3508.19,44,34.0
2025-12-28,21:32:18,69.1,3489.25,44,34.0
2025-12-28,21:32:28,68.4,3584.00,44,34.0
2025-12-28,21:32:38,67.8,3637.39,44,34.0
2025-12-28,21:32:48,67.8,3628.69,44,34.0
2025-12-28,21:32:58,67.8,3827.93,44,34.0
2025-12-28,21:33:08,68.0,3821.13,43,34.0
2025-12-28,21:33:19,68.5,4242.34,43,34.0
2025-12-28,21:33:29,68.0,3645.47,44,34.0
2025-12-28,21:33:39,68.0,3756.40,43,34.0
2025-12-28,21:33:49,68.6,3581.08,43,34.0
2025-12-28,21:33:59,67.6,4650.75,43,34.0
2025-12-28,21:34:09,69.4,3706.99,43,34.0
2025-12-28,21:34:20,68.8,4063.18,43,34.0
2025-12-28,21:34:30,68.4,4247.83,43,34.0
2025-12-28,21:34:40,67.9,3528.45,43,34.0
2025-12-28,21:34:50,67.5,3646.71,43,34.0
2025-12-28,21:35:00,68.5,3675.83,43,34.0
2025-12-28,21:35:10,68.6,3699.69,43,33.0
2025-12-28,21:35:21,68.4,4049.49,43,33.0
2025-12-28,21:35:31,68.5,3820.09,43,34.0
2025-12-28,21:35:41,66.6,3832.13,43,34.0
2025-12-28,21:35:51,64.6,4135.55,43,34.0
2025-12-28,21:36:01,70.2,3815.71,43,33.0
2025-12-28,21:36:11,66.5,3817.99,43,33.0
2025-12-28,21:36:22,66.8,3658.81,43,34.0
2025-12-28,21:36:32,66.4,3739.01,43,34.0
2025-12-28,21:36:42,67.4,4433.61,43,34.0
2025-12-28,21:36:52,67.4,4146.73,43,33.0
2025-12-28,21:37:02,67.2,3835.22,43,34.0
2025-12-28,21:37:12,67.8,4808.66,43,33.0
2025-12-28,21:37:23,67.2,4951.70,43,34.0
2025-12-28,21:37:33,68.1,3635.95,43,34.0
2025-12-28,21:37:43,67.8,4017.18,43,34.0
2025-12-28,21:37:53,68.8,4121.94,43,34.0
2025-12-28,21:38:03,68.1,4582.34,43,34.0
2025-12-28,21:38:13,68.2,3918.09,43,34.0
2025-12-28,21:38:24,67.6,4098.92,43,34.0
2025-12-28,21:38:34,67.6,4140.14,43,34.0
2025-12-28,21:38:44,67.6,4105.17,43,34.0
2025-12-28,21:38:54,67.8,3772.89,43,34.0
2025-12-28,21:39:04,68.0,4518.21,43,33.0
2025-12-28,21:39:14,67.8,4145.73,43,33.0
2025-12-28,21:39:25,65.9,4415.36,43,33.0
2025-12-28,21:39:35,63.8,4083.12,43,34.0
2025-12-28,21:39:45,69.2,3810.17,43,34.0
2025-12-28,21:39:55,67.5,4241.69,43,33.0
2025-12-28,21:40:05,67.0,4201.45,43,34.0
2025-12-28,21:40:15,67.2,4298.68,43,34.0
2025-12-28,21:40:26,67.1,4101.43,43,33.0
2025-12-28,21:40:36,68.0,4001.33,43,33.0
2025-12-28,21:40:46,67.5,4133.80,43,33.0
2025-12-28,21:40:56,68.1,3877.32,43,33.0
2025-12-28,21:41:06,67.2,4655.60,43,33.0
2025-12-28,21:41:16,67.5,4158.63,43,33.0
2025-12-28,21:41:27,68.1,4251.06,43,34.0
2025-12-28,21:41:37,68.8,4137.34,43,33.0
2025-12-28,21:41:47,67.4,4179.65,43,33.0
2025-12-28,21:41:57,67.8,4035.71,43,33.0
2025-12-28,21:42:07,67.1,3986.80,43,33.0
2025-12-28,21:42:17,67.5,4301.71,43,33.0
2025-12-28,21:42:28,67.4,3927.77,43,33.0
2025-12-28,21:42:38,68.0,3777.96,43,33.0
2025-12-28,21:42:48,67.4,4359.34,43,33.0
2025-12-28,21:42:58,67.1,4638.14,43,33.0
2025-12-28,21:43:08,65.4,4053.35,43,33.0
2025-12-28,21:43:18,62.9,4576.44,43,33.0
2025-12-28,21:43:29,67.2,4180.23,43,34.0
2025-12-28,21:43:39,68.8,4109.21,43,33.0
2025-12-28,21:43:49,68.8,3886.76,43,33.0
2025-12-28,21:43:59,68.9,3961.57,43,33.0
2025-12-28,21:44:09,68.6,4324.35,43,33.0
2025-12-28,21:44:19,68.9,4103.38,43,33.0
2025-12-28,21:44:30,69.4,4349.12,43,33.0
2025-12-28,21:44:40,70.6,3947.86,43,33.0
2025-12-28,21:44:50,69.4,4204.41,43,33.0
2025-12-28,21:45:00,69.8,3654.49,43,33.0
2025-12-28,21:45:10,69.0,4233.56,43,33.0
2025-12-28,21:45:20,68.9,4534.70,43,33.0
2025-12-28,21:45:31,68.5,4077.22,43,33.0
2025-12-28,21:45:41,68.9,4218.70,43,33.0
2025-12-28,21:45:51,69.5,4057.11,43,33.0
2025-12-28,21:46:01,69.9,4180.99,43,33.0
2025-12-28,21:46:11,70.5,4404.21,43,33.0
2025-12-28,21:46:21,69.9,4183.15,43,33.0
2025-12-28,21:46:32,70.0,4391.19,43,33.0
2025-12-28,21:46:42,69.2,4137.33,43,33.0
2025-12-28,21:46:52,67.8,4241.58,43,33.0
2025-12-28,21:47:02,64.2,3654.87,43,33.0
2025-12-28,21:47:12,72.0,4399.95,43,33.0
2025-12-28,21:47:22,68.5,3888.68,43,33.0
2025-12-28,21:47:33,68.5,4020.73,43,33.0
2025-12-28,21:47:43,67.5,4296.68,43,33.0
2025-12-28,21:47:53,68.0,4461.99,43,33.0
2025-12-28,21:48:03,68.5,4564.15,43,33.0
2025-12-28,21:48:13,67.6,4497.87,43,33.0
2025-12-28,21:48:23,68.6,4035.43,43,33.0
2025-12-28,21:48:34,68.1,4163.01,43,33.0
2025-12-28,21:48:44,68.0,4886.67,43,33.0
2025-12-28,21:48:54,68.0,4694.93,43,33.0
2025-12-28,21:49:04,68.1,3809.53,43,33.0
2025-12-28,21:49:14,67.9,4330.00,43,33.0
2025-12-28,21:49:24,67.6,4508.38,43,33.0
2025-12-28,21:49:35,67.8,4248.96,43,33.0
2025-12-28,21:49:45,67.9,4198.17,43,33.0
2025-12-28,21:49:55,68.1,4243.83,43,33.0
2025-12-28,21:50:05,67.6,4441.54,43,33.0
2025-12-28,21:50:15,68.4,4224.58,43,33.0
2025-12-28,21:50:25,67.9,4648.05,43,33.0
2025-12-28,21:50:36,64.9,3844.56,43,33.0
2025-12-28,21:50:46,64.8,4054.73,43,33.0
2025-12-28,21:50:56,72.5,4266.05,43,33.0
2025-12-28,21:51:06,68.0,4280.78,43,33.0
2025-12-28,21:51:16,68.1,4247.71,43,33.0
2025-12-28,21:51:26,67.4,4509.98,43,33.0
2025-12-28,21:51:37,67.2,4785.27,43,33.0
2025-12-28,21:51:47,68.2,3837.45,43,33.0
2025-12-28,21:51:57,67.9,4211.36,43,33.0
2025-12-28,21:52:07,67.4,4278.80,43,33.0
2025-12-28,21:52:17,68.5,4533.11,43,33.0
2025-12-28,21:52:27,68.1,4286.84,43,33.0
2025-12-28,21:52:38,68.0,4084.65,43,33.0
2025-12-28,21:52:48,68.2,4007.39,43,33.0
2025-12-28,21:52:58,68.2,3869.79,43,33.0
2025-12-28,21:53:08,67.9,4380.28,43,33.0
2025-12-28,21:53:18,68.6,4433.74,43,33.0
2025-12-28,21:53:28,67.6,4279.79,43,33.0
2025-12-28,21:53:39,67.9,4317.01,43,33.0
2025-12-28,21:53:49,68.1,4038.83,43,33.0
2025-12-28,21:53:59,68.1,4186.60,43,33.0
2025-12-28,21:54:09,68.8,4157.94,43,33.0
2025-12-28,21:54:19,65.2,3774.57,43,33.0
2025-12-28,21:54:29,64.8,4293.06,43,33.0
2025-12-28,21:54:40,65.6,4045.86,43,33.0
2025-12-28,21:54:50,69.5,3807.11,43,33.0
2025-12-28,21:55:00,69.8,4274.49,43,33.0
2025-12-28,21:55:10,70.0,4088.25,43,33.0
2025-12-28,21:55:20,69.8,4326.04,43,33.0
2025-12-28,21:55:30,69.2,4058.50,43,33.0
2025-12-28,21:55:41,69.6,4401.47,43,33.0
2025-12-28,21:55:51,69.4,4214.50,43,33.0
2025-12-28,21:56:01,69.0,3874.68,43,33.0
2025-12-28,21:56:11,68.8,4501.66,43,33.0
2025-12-28,21:56:21,69.1,4101.46,43,33.0
2025-12-28,21:56:31,69.0,4383.66,43,33.0
2025-12-28,21:56:42,69.2,4277.99,43,33.0
2025-12-28,21:56:52,70.1,4598.10,43,33.0
2025-12-28,21:57:02,70.0,4282.80,43,33.0
2025-12-28,21:57:12,69.0,4223.71,43,33.0
2025-12-28,21:57:22,68.1,3567.93,43,33.0
2025-12-28,21:57:32,68.2,4383.44,43,33.0
2025-12-28,21:57:43,68.6,4198.69,43,33.0
2025-12-28,21:57:53,69.5,4227.19,43,33.0
2025-12-28,21:58:03,70.2,4328.20,43,33.0
2025-12-28,21:58:13,66.1,4293.83,43,33.0
2025-12-28,21:58:23,63.4,4180.67,43,33.0
2025-12-28,21:58:33,71.0,4285.95,43,33.0
2025-12-28,21:58:44,67.0,4572.05,43,33.0
2025-12-28,21:58:54,67.5,4409.25,43,33.0
2025-12-28,21:59:04,68.8,3773.69,43,33.0
2025-12-28,21:59:14,67.6,4398.22,43,33.0
2025-12-28,21:59:24,67.1,3949.17,43,33.0
2025-12-28,21:59:34,67.6,4045.17,43,33.0
2025-12-28,21:59:45,67.8,4285.46,43,33.0
2025-12-28,21:59:55,67.4,4404.40,43,33.0
2025-12-28,22:00:05,67.8,4106.23,43,33.0
2025-12-28,22:00:15,67.8,4594.87,43,33.0
2025-12-28,22:00:25,68.1,4221.78,43,33.0
2025-12-28,22:00:35,67.5,4594.28,43,33.0
2025-12-28,22:00:45,66.9,4345.74,43,33.0
2025-12-28,22:00:56,68.6,3869.64,43,33.0
2025-12-28,22:01:06,67.9,4445.97,43,33.0
2025-12-28,22:01:16,65.5,3523.22,43,33.0
2025-12-28,22:01:26,70.1,4474.00,43,33.0
2025-12-28,22:01:36,67.4,4323.14,43,33.0
2025-12-28,22:01:46,66.0,3845.92,43,33.0
2025-12-28,22:01:57,64.4,4057.77,43,33.0
2025-12-28,22:02:07,61.2,3745.40,43,33.0
2025-12-28,22:02:17,72.0,3893.85,43,33.0
2025-12-28,22:02:27,66.9,4522.72,43,33.0
2025-12-28,22:02:37,67.2,4649.82,43,33.0
2025-12-28,22:02:47,67.9,4169.69,43,33.0
2025-12-28,22:02:58,67.2,3905.15,43,33.0
2025-12-28,22:03:08,68.1,4182.67,43,33.0
2025-12-28,22:03:18,67.6,4577.50,43,33.0
2025-12-28,22:03:28,68.1,4098.65,43,33.0
2025-12-28,22:03:38,67.1,4734.45,43,33.0
2025-12-28,22:03:48,67.9,4426.13,43,33.0
2025-12-28,22:03:59,68.0,4132.47,43,33.0
2025-12-28,22:04:09,67.4,4214.89,43,33.0
2025-12-28,22:04:19,68.5,4383.17,43,33.0
2025-12-28,22:04:29,67.4,3914.20,43,33.0
2025-12-28,22:04:39,67.0,4085.62,43,33.0
2025-12-28,22:04:49,67.6,4114.64,43,33.0
2025-12-28,22:05:00,67.2,4256.20,43,33.0
2025-12-28,22:05:10,68.0,4730.41,43,33.0
2025-12-28,22:05:20,67.9,3933.85,43,33.0
2025-12-28,22:05:30,68.2,4403.72,43,33.0
2025-12-28,22:05:40,68.9,4239.72,43,33.0
2025-12-28,22:05:50,65.1,4659.63,43,33.0
2025-12-28,22:06:01,63.8,3596.43,43,33.0
2025-12-28,22:06:11,69.5,4165.78,43,33.0
2025-12-28,22:06:21,71.1,4557.65,43,33.0
2025-12-28,22:06:31,70.2,4061.94,43,33.0
2025-12-28,22:06:41,71.6,4791.12,43,33.0
2025-12-28,22:06:51,72.6,4815.48,43,33.0
2025-12-28,22:07:02,70.8,4730.41,43,33.0
2025-12-28,22:07:12,73.6,4726.57,43,33.0
2025-12-28,22:07:22,75.6,4766.02,43,33.0
2025-12-28,22:07:32,75.5,4790.88,43,33.0
2025-12-28,22:07:42,74.8,4766.21,43,33.0
2025-12-28,22:07:53,73.6,4840.53,43,33.0
2025-12-28,22:08:03,74.6,4766.30,43,33.0
2025-12-28,22:08:13,75.0,4790.01,43,33.0
2025-12-28,22:08:23,75.1,4707.06,42,33.0
2025-12-28,22:08:33,73.4,4791.16,43,33.0
2025-12-28,22:08:43,71.4,4779.68,42,33.0
2025-12-28,22:08:54,72.9,4765.83,42,33.0
2025-12-28,22:09:04,75.4,4766.66,42,33.0
2025-12-28,22:09:14,75.5,4729.37,42,33.0
2025-12-28,22:09:24,74.1,4792.14,42,33.0
2025-12-28,22:09:34,72.6,4740.24,42,33.0
2025-12-28,22:09:45,71.9,4615.73,42,33.0
2025-12-28,22:09:55,73.0,4785.08,42,33.0
2025-12-28,22:10:05,75.1,4815.34,42,33.0
2025-12-28,22:10:15,74.0,4788.48,42,33.0
2025-12-28,22:10:25,75.0,4766.66,42,33.0
2025-12-28,22:10:35,72.9,4816.06,42,33.0
2025-12-28,22:10:46,73.5,4470.59,42,33.0
2025-12-28,22:10:56,73.4,4791.62,42,33.0
2025-12-28,22:11:06,73.1,4753.19,42,33.0
2025-12-28,22:11:16,75.4,4727.24,42,33.0
2025-12-28,22:11:26,72.0,4790.68,42,33.0
2025-12-28,22:11:37,74.5,4790.74,42,33.0
2025-12-28,22:11:47,74.2,4765.75,42,33.0
2025-12-28,22:11:57,73.4,4788.99,42,33.0
2025-12-28,22:12:07,72.5,4790.73,42,33.0
2025-12-28,22:12:17,73.4,4766.00,42,33.0
2025-12-28,22:12:27,74.1,4799.91,42,33.0
2025-12-28,22:12:38,74.2,4790.69,42,33.0
2025-12-28,22:12:48,73.4,4765.18,42,33.0
2025-12-28,22:12:58,73.1,4793.14,42,33.0
2025-12-28,22:13:08,72.6,4814.74,42,33.0
2025-12-28,22:13:18,73.8,4791.89,42,33.0
2025-12-28,22:13:29,72.8,4790.07,42,33.0
2025-12-28,22:13:39,73.1,4762.16,42,33.0
2025-12-28,22:13:49,74.1,4790.93,42,33.0
2025-12-28,22:13:59,74.4,4815.21,42,33.0
2025-12-28,22:14:09,73.2,4791.17,42,33.0
2025-12-28,22:14:19,73.1,4720.29,42,33.0
2025-12-28,22:14:30,73.8,4765.57,42,33.0
2025-12-28,22:14:40,72.9,4788.56,42,33.0
2025-12-28,22:14:50,72.1,4790.93,42,32.0
2025-12-28,22:15:00,73.8,4783.26,42,32.0
2025-12-28,22:15:10,73.5,4816.22,42,33.0
2025-12-28,22:15:21,72.8,4789.44,42,32.0
2025-12-28,22:15:31,73.1,4791.31,42,33.0
2025-12-28,22:15:41,73.2,4764.91,42,32.0
2025-12-28,22:15:51,72.2,4815.12,42,32.0
2025-12-28,22:16:01,70.6,4814.77,42,32.0
2025-12-28,22:16:11,70.4,4790.85,42,32.0
2025-12-28,22:16:22,68.4,4790.87,42,32.0
2025-12-28,22:16:32,72.0,4814.66,42,32.0
2025-12-28,22:16:42,73.2,4765.61,42,32.0
2025-12-28,22:16:52,73.6,4801.87,42,32.0
2025-12-28,22:17:02,73.2,4789.15,42,32.0
2025-12-28,22:17:13,73.2,4790.81,42,32.0
2025-12-28,22:17:23,72.8,4790.80,42,32.0
2025-12-28,22:17:33,73.1,4790.93,42,32.0
2025-12-28,22:17:43,74.0,4741.62,42,32.0
2025-12-28,22:17:53,73.0,4662.30,42,32.0
2025-12-28,22:18:04,74.1,4813.27,41,32.0
2025-12-28,22:18:14,73.2,4790.38,41,32.0
2025-12-28,22:18:24,73.6,4765.78,41,32.0
2025-12-28,22:18:34,74.6,4765.98,41,32.0
2025-12-28,22:18:44,72.5,4815.28,41,32.0
2025-12-28,22:18:54,72.2,4814.09,41,32.0
2025-12-28,22:19:05,74.1,4493.41,41,32.0
2025-12-28,22:19:15,74.4,4765.91,41,32.0
2025-12-28,22:19:25,74.6,4697.56,41,32.0
2025-12-28,22:19:35,71.8,4816.06,41,32.0
2025-12-28,22:19:45,73.6,4790.88,41,32.0
2025-12-28,22:19:55,73.9,4791.08,41,32.0
2025-12-28,22:20:06,73.8,4792.34,41,32.0
2025-12-28,22:20:16,74.4,4816.16,41,32.0
2025-12-28,22:20:26,73.8,4790.83,41,32.0
2025-12-28,22:20:36,73.5,4790.23,41,32.0
2025-12-28,22:20:46,74.4,4789.73,41,32.0
2025-12-28,22:20:57,72.9,4816.37,41,32.0
2025-12-28,22:21:07,71.8,4816.75,41,32.0
2025-12-28,22:21:17,72.6,4790.92,41,32.0
2025-12-28,22:21:27,72.5,4790.30,41,32.0
2025-12-28,22:21:37,74.8,4789.56,41,32.0
2025-12-28,22:21:47,73.1,4757.48,41,32.0
2025-12-28,22:21:58,74.2,4790.50,41,32.0
2025-12-28,22:22:08,74.6,4790.68,41,32.0
2025-12-28,22:22:18,74.5,4787.12,41,32.0
2025-12-28,22:22:28,74.4,4766.08,41,32.0
2025-12-28,22:22:38,74.4,4789.99,41,32.0
2025-12-28,22:22:49,72.1,4766.17,41,32.0
2025-12-28,22:22:59,74.2,4791.41,41,32.0
2025-12-28,22:23:09,74.0,4790.46,41,32.0
2025-12-28,22:23:19,74.1,4816.54,41,32.0
2025-12-28,22:23:29,75.2,4766.77,41,32.0
2025-12-28,22:23:39,75.0,4790.05,41,32.0
2025-12-28,22:23:50,75.2,4768.74,41,32.0
2025-12-28,22:24:00,74.9,4738.36,41,32.0
2025-12-28,22:24:10,75.9,4790.90,41,32.0
2025-12-28,22:24:20,73.9,4815.95,41,32.0
2025-12-28,22:24:30,75.5,4716.08,41,32.0
2025-12-28,22:24:41,73.1,4740.93,41,32.0
2025-12-28,22:24:51,72.2,4761.45,41,32.0
2025-12-28,22:25:01,72.9,4740.91,41,32.0
2025-12-28,22:25:11,75.1,4791.40,41,32.0
2025-12-28,22:25:21,75.9,4790.15,41,32.0
2025-12-28,22:25:31,74.5,4722.95,41,33.0
2025-12-28,22:25:42,74.8,4766.98,41,32.0
2025-12-28,22:25:52,76.2,4791.56,41,32.0
2025-12-28,22:26:02,74.5,4817.13,41,32.0
2025-12-28,22:26:12,75.1,4790.87,41,32.0
2025-12-28,22:26:22,73.9,4765.58,41,32.0
2025-12-28,22:26:33,72.8,4791.02,41,32.0
2025-12-28,22:26:43,72.1,4791.45,41,32.0
2025-12-28,22:26:53,72.9,4784.98,41,33.0
2025-12-28,22:27:03,75.4,4783.85,41,33.0
2025-12-28,22:27:13,73.8,4767.04,41,33.0
2025-12-28,22:27:23,73.5,4765.98,41,33.0
2025-12-28,22:27:34,74.1,4814.12,41,32.0
2025-12-28,22:27:44,73.1,4791.54,41,33.0
2025-12-28,22:27:54,74.1,4780.32,41,32.0
2025-12-28,22:28:04,73.5,4814.84,41,32.0
2025-12-28,22:28:14,73.8,4665.68,41,33.0
2025-12-28,22:28:25,73.2,4766.58,41,32.0
2025-12-28,22:28:35,73.5,4788.35,41,33.0
2025-12-28,22:28:45,73.9,4791.26,41,33.0
2025-12-28,22:28:55,73.5,4765.15,41,32.0
2025-12-28,22:29:05,73.8,4790.29,41,32.0
2025-12-28,22:29:15,72.4,4791.75,41,33.0
2025-12-28,22:29:26,71.9,4790.81,41,32.0
2025-12-28,22:29:36,74.0,4766.00,41,33.0
2025-12-28,22:29:46,71.9,4708.65,41,33.0
2025-12-28,22:29:56,72.0,4790.93,41,33.0
2025-12-28,22:30:06,73.8,4790.53,41,33.0
2025-12-28,22:30:17,75.0,4741.90,41,32.0
2025-12-28,22:30:27,75.0,4790.81,41,33.0
2025-12-28,22:30:37,73.4,4791.04,41,33.0
2025-12-28,22:30:47,73.5,4790.67,41,33.0
2025-12-28,22:30:57,74.2,4765.55,42,33.0
2025-12-28,22:31:08,74.4,4769.55,41,33.0
2025-12-28,22:31:18,73.5,4767.39,41,33.0
2025-12-28,22:31:28,73.4,4765.79,41,33.0
2025-12-28,22:31:38,71.4,4791.09,42,33.0
2025-12-28,22:31:48,72.5,4791.51,41,32.0
2025-12-28,22:31:58,70.8,4766.62,41,32.0
2025-12-28,22:32:09,74.6,4764.55,41,32.0
2025-12-28,22:32:19,73.0,4779.77,42,32.0
2025-12-28,22:32:29,72.2,4790.86,41,33.0
2025-12-28,22:32:39,72.1,4791.42,41,33.0
2025-12-28,22:32:49,73.1,4814.19,42,33.0
2025-12-28,22:33:00,73.0,4618.51,41,33.0
2025-12-28,22:33:10,74.1,4726.03,41,33.0
2025-12-28,22:33:20,75.1,4669.73,42,32.0
2025-12-28,22:33:30,73.1,4790.76,42,33.0
2025-12-28,22:33:40,73.4,4766.14,42,33.0
2025-12-28,22:33:50,72.5,4741.27,42,33.0
2025-12-28,22:34:01,73.5,4815.52,42,33.0
2025-12-28,22:34:11,72.6,4588.76,42,32.0
2025-12-28,22:34:21,72.0,4663.15,42,33.0
2025-12-28,22:34:31,73.1,4791.13,42,33.0
2025-12-28,22:34:41,73.8,4814.81,42,32.0
2025-12-28,22:34:51,73.1,4790.90,42,33.0
2025-12-28,22:35:02,72.1,4641.62,42,33.0
2025-12-28,22:35:12,71.2,4783.80,42,33.0
2025-12-28,22:35:22,73.0,4790.66,42,33.0
2025-12-28,22:35:32,72.6,4791.56,42,33.0
2025-12-28,22:35:42,74.4,4789.94,42,32.0
2025-12-28,22:35:53,72.8,4790.47,42,33.0
2025-12-28,22:36:03,73.2,4787.33,42,33.0
2025-12-28,22:36:13,71.6,4865.61,42,33.0
2025-12-28,22:36:23,74.0,3649.42,42,33.0
2025-12-28,22:36:33,73.2,3701.87,42,33.0
2025-12-28,22:36:43,72.9,3920.92,42,33.0
2025-12-28,22:36:54,66.4,3718.73,42,33.0
2025-12-28,22:37:04,67.9,3885.08,42,33.0
2025-12-28,22:37:14,68.5,3517.96,42,33.0
2025-12-28,22:37:24,68.0,4419.69,42,33.0
2025-12-28,22:37:34,68.1,3901.57,42,33.0
2025-12-28,22:37:44,67.6,3587.79,42,33.0
2025-12-28,22:37:55,67.5,3889.70,42,33.0
2025-12-28,22:38:05,67.9,3451.28,42,33.0
2025-12-28,22:38:15,67.9,3671.37,42,33.0
2025-12-28,22:38:25,67.5,3754.64,42,33.0
2025-12-28,22:38:35,67.2,3520.89,42,33.0
2025-12-28,22:38:46,67.5,3410.86,42,33.0
2025-12-28,22:38:56,67.5,4249.54,42,33.0
2025-12-28,22:39:06,67.4,3704.28,42,33.0
2025-12-28,22:39:16,67.6,3628.95,42,33.0
2025-12-28,22:39:26,67.2,3933.62,42,33.0
2025-12-28,22:39:36,67.4,3615.18,42,33.0
2025-12-28,22:39:47,67.4,3589.83,42,33.0
2025-12-28,22:39:57,67.4,3453.32,42,33.0
2025-12-28,22:40:07,67.6,3852.11,42,33.0
2025-12-28,22:40:17,68.2,4539.98,42,33.0
2025-12-28,22:40:27,62.6,3734.77,42,33.0
2025-12-28,22:40:37,59.8,4060.15,42,33.0
2025-12-28,22:40:48,60.9,3994.22,42,33.0
2025-12-28,22:40:58,66.0,4703.60,42,33.0
2025-12-28,22:41:08,66.8,3709.57,42,33.0
2025-12-28,22:41:18,66.0,3902.71,42,33.0
2025-12-28,22:41:28,66.1,3839.49,42,33.0
2025-12-28,22:41:38,65.6,3699.28,42,33.0
2025-12-28,22:41:49,66.0,3513.89,42,33.0
2025-12-28,22:41:59,66.1,4120.60,42,33.0
2025-12-28,22:42:09,66.1,4434.57,42,33.0
2025-12-28,22:42:19,66.2,4019.82,42,33.0
2025-12-28,22:42:29,66.0,3714.20,42,33.0
2025-12-28,22:42:39,66.4,3571.81,42,33.0
2025-12-28,22:42:49,66.4,3817.51,42,33.0
2025-12-28,22:43:00,67.0,3371.78,42,33.0
2025-12-28,22:43:10,66.0,4216.56,42,33.0
2025-12-28,22:43:20,66.8,4025.17,42,33.0
2025-12-28,22:43:30,66.1,3586.18,42,33.0
2025-12-28,22:43:40,65.8,3961.45,42,33.0
2025-12-28,22:43:50,65.8,3647.10,42,33.0
2025-12-28,22:44:01,63.8,3729.78,42,33.0
2025-12-28,22:44:11,61.8,3666.64,43,33.0
2025-12-28,22:44:21,70.9,3506.94,43,33.0
2025-12-28,22:44:31,66.2,3780.56,43,33.0
2025-12-28,22:44:41,65.1,4077.88,43,33.0
2025-12-28,22:44:52,65.8,3555.90,43,33.0
2025-12-28,22:45:02,66.0,3682.14,43,33.0
2025-12-28,22:45:12,65.4,3831.78,43,33.0
2025-12-28,22:45:22,66.0,3798.88,43,33.0
2025-12-28,22:45:32,65.8,3605.75,43,33.0
2025-12-28,22:45:42,66.0,3621.31,43,33.0
2025-12-28,22:45:53,66.1,3751.04,43,34.0
2025-12-28,22:46:03,65.9,3502.96,43,33.0
2025-12-28,22:46:13,66.9,3415.76,43,33.0
2025-12-28,22:46:23,66.5,3658.66,43,33.0
2025-12-28,22:46:33,65.9,3803.15,43,33.0
2025-12-28,22:46:43,66.4,3630.55,43,33.0
2025-12-28,22:46:54,66.2,3570.68,43,33.0
2025-12-28,22:47:04,65.8,3514.39,43,33.0
2025-12-28,22:47:14,66.1,3548.48,43,33.0
2025-12-28,22:47:24,66.0,3677.86,43,33.0
2025-12-28,22:47:34,65.8,3960.97,43,33.0
2025-12-28,22:47:44,63.4,3857.43,43,33.0
2025-12-28,22:47:55,60.6,3761.43,43,33.0
2025-12-28,22:48:05,61.2,3732.45,43,33.0
2025-12-28,22:48:15,67.8,4017.64,43,33.0
2025-12-28,22:48:25,66.8,3793.19,43,33.0
2025-12-28,22:48:35,67.5,4198.00,43,33.0
2025-12-28,22:48:46,67.8,3570.50,43,33.0
2025-12-28,22:48:56,67.5,4025.33,43,33.0
2025-12-28,22:49:06,67.4,3648.30,43,33.0
2025-12-28,22:49:16,67.1,4007.84,43,33.0
2025-12-28,22:49:26,67.5,3576.45,43,33.0
2025-12-28,22:49:36,67.5,4718.10,43,33.0
2025-12-28,22:49:47,68.0,3400.56,43,33.0
2025-12-28,22:49:57,67.6,3791.78,43,33.0
2025-12-28,22:50:07,67.8,4550.55,43,33.0
2025-12-28,22:50:17,66.6,4676.27,43,33.0
2025-12-28,22:50:27,66.9,3737.96,43,33.0
2025-12-28,22:50:37,66.9,3709.11,43,33.0
2025-12-28,22:50:47,68.4,3825.75,43,33.0
2025-12-28,22:50:58,68.1,3688.09,43,33.0
2025-12-28,22:51:08,67.8,3821.44,43,33.0
2025-12-28,22:51:18,67.2,4161.51,43,33.0
2025-12-28,22:51:28,66.9,3712.52,43,33.0
2025-12-28,22:51:38,60.6,3969.22,43,33.0
2025-12-28,22:51:49,63.4,3713.02,43,33.0
2025-12-28,22:51:59,66.9,4039.51,43,33.0
2025-12-28,22:52:09,65.8,3772.58,43,33.0
2025-12-28,22:52:19,65.8,4196.36,43,33.0
2025-12-28,22:52:29,66.1,3916.98,43,33.0
2025-12-28,22:52:39,66.5,4319.74,43,33.0
2025-12-28,22:52:50,66.5,3869.55,43,33.0
2025-12-28,22:53:00,66.0,4075.21,43,33.0
2025-12-28,22:53:10,66.6,3728.92,43,33.0
2025-12-28,22:53:20,66.2,3921.40,43,33.0
2025-12-28,22:53:30,66.2,3710.41,43,33.0
2025-12-28,22:53:40,66.2,3723.21,43,33.0
2025-12-28,22:53:51,66.8,3512.51,43,33.0
2025-12-28,22:54:01,66.0,4221.43,43,33.0
2025-12-28,22:54:11,65.8,3459.82,43,33.0
2025-12-28,22:54:21,66.0,3999.92,43,33.0
2025-12-28,22:54:31,65.9,3801.54,43,33.0
2025-12-28,22:54:41,65.4,3921.15,43,33.0
2025-12-28,22:54:52,66.1,3644.00,43,33.0
2025-12-28,22:55:02,66.2,3597.76,43,33.0
2025-12-28,22:55:12,63.0,3713.19,43,33.0
2025-12-28,22:55:22,62.2,4410.37,43,33.0
2025-12-28,22:55:32,68.6,3819.43,43,33.0
2025-12-28,22:55:42,65.9,3567.85,43,33.0
2025-12-28,22:55:53,66.5,3875.13,43,33.0
2025-12-28,22:56:03,65.9,3451.69,43,33.0
2025-12-28,22:56:13,66.4,3513.99,43,33.0
2025-12-28,22:56:23,65.9,3861.23,43,33.0
2025-12-28,22:56:33,65.9,3801.04,43,33.0
2025-12-28,22:56:43,66.4,4010.47,43,33.0
2025-12-28,22:56:54,65.8,3847.00,43,33.0
2025-12-28,22:57:04,65.6,3834.72,43,33.0
2025-12-28,22:57:14,65.8,3673.68,43,33.0
2025-12-28,22:57:24,66.6,3896.60,43,33.0
2025-12-28,22:57:34,66.0,3891.14,43,33.0
2025-12-28,22:57:44,65.9,3756.83,43,33.0
2025-12-28,22:57:55,66.8,3527.90,43,33.0
2025-12-28,22:58:05,66.2,3577.85,43,33.0
2025-12-28,22:58:15,66.4,3756.77,43,33.0
2025-12-28,22:58:25,65.6,3963.14,43,33.0
2025-12-28,22:58:35,66.0,4338.29,43,33.0
2025-12-28,22:58:45,66.1,3958.52,43,33.0
2025-12-28,22:58:56,64.1,3698.36,43,33.0
2025-12-28,22:59:06,59.9,3678.93,43,33.0
2025-12-28,22:59:16,61.4,3577.19,43,33.0
2025-12-28,22:59:26,66.8,3857.71,43,33.0
2025-12-28,22:59:36,67.5,4081.88,43,33.0
2025-12-28,22:59:47,67.1,3609.65,43,33.0
2025-12-28,22:59:57,67.5,3894.39,43,33.0
2025-12-28,23:00:07,67.9,4109.01,43,33.0
2025-12-28,23:00:17,67.5,3641.33,43,33.0
2025-12-28,23:00:27,67.6,3505.15,43,33.0
2025-12-28,23:00:37,67.2,4599.11,43,33.0
2025-12-28,23:00:47,66.5,3983.67,43,33.0
2025-12-28,23:00:58,67.1,3479.36,43,33.0
2025-12-28,23:01:08,67.4,3655.64,43,33.0
2025-12-28,23:01:18,68.1,3618.39,43,33.0
2025-12-28,23:01:28,67.2,3722.35,43,33.0
2025-12-28,23:01:38,67.2,3645.18,43,33.0
2025-12-28,23:01:48,66.9,3516.29,43,33.0
2025-12-28,23:01:59,67.5,4010.98,43,33.0
2025-12-28,23:02:09,68.0,3799.22,43,33.0
2025-12-28,23:02:19,67.5,3703.80,43,33.0
2025-12-28,23:02:29,67.0,4031.60,43,33.0
2025-12-28,23:02:39,67.0,3855.54,43,33.0
2025-12-28,23:02:49,59.8,3820.23,43,33.0
2025-12-28,23:03:00,66.8,3572.04,43,33.0
2025-12-28,23:03:10,61.5,3797.35,43,33.0
2025-12-28,23:03:20,65.8,3512.99,43,33.0
2025-12-28,23:03:30,66.2,4167.15,43,33.0
2025-12-28,23:03:40,65.9,3626.79,43,33.0
2025-12-28,23:03:50,65.5,3832.94,43,33.0
2025-12-28,23:04:01,66.2,3720.69,43,33.0
2025-12-28,23:04:11,65.4,3474.62,43,33.0
2025-12-28,23:04:21,66.1,4137.74,43,33.0
2025-12-28,23:04:31,66.2,3419.03,43,33.0
2025-12-28,23:04:41,65.5,3917.90,43,33.0
2025-12-28,23:04:51,65.8,3548.08,43,33.0
2025-12-28,23:05:02,65.9,3585.22,43,33.0
2025-12-28,23:05:12,65.9,3762.07,43,33.0
2025-12-28,23:05:22,65.9,3495.11,43,33.0
2025-12-28,23:05:32,65.9,3967.86,43,33.0
2025-12-28,23:05:42,66.0,3733.04,43,33.0
2025-12-28,23:05:52,65.9,3746.64,43,33.0
2025-12-28,23:06:03,66.4,3825.80,43,33.0
2025-12-28,23:06:13,66.4,3775.50,43,33.0
2025-12-28,23:06:23,63.1,4072.80,43,33.0
2025-12-28,23:06:33,63.5,3864.59,43,33.0
2025-12-28,23:06:43,71.4,3510.83,43,33.0
2025-12-28,23:06:54,66.1,3760.51,43,33.0
2025-12-28,23:07:04,66.2,3449.52,43,33.0
2025-12-28,23:07:14,65.6,3509.48,43,33.0
2025-12-28,23:07:24,65.5,4157.60,43,33.0
2025-12-28,23:07:34,65.9,3581.22,43,33.0
2025-12-28,23:07:44,65.1,3754.14,43,33.0
2025-12-28,23:07:55,65.8,3550.94,43,33.0
2025-12-28,23:08:05,65.8,3551.51,43,33.0
2025-12-28,23:08:15,65.2,3760.87,43,33.0
2025-12-28,23:08:25,65.9,4349.00,43,33.0
2025-12-28,23:08:35,66.1,4303.41,43,33.0
2025-12-28,23:08:45,64.9,3627.93,43,33.0
2025-12-28,23:08:56,65.8,3408.34,43,33.0
2025-12-28,23:09:06,65.5,3316.29,43,33.0
2025-12-28,23:09:16,65.6,3530.02,43,33.0
2025-12-28,23:09:26,65.1,3809.64,43,33.0
2025-12-28,23:09:36,65.6,4858.65,43,33.0
2025-12-28,23:09:46,65.2,3940.32,43,33.0
2025-12-28,23:09:57,66.0,4016.28,43,33.0
2025-12-28,23:10:07,63.2,3488.29,43,33.0
2025-12-28,23:10:17,63.5,3572.37,43,33.0
2025-12-28,23:10:27,68.2,3695.56,43,33.0
2025-12-28,23:10:37,68.2,3836.39,43,33.0
2025-12-28,23:10:47,67.9,3591.51,43,33.0
2025-12-28,23:10:58,67.5,3526.99,43,33.0
2025-12-28,23:11:08,67.5,3546.18,43,33.0
2025-12-28,23:11:18,67.4,4332.32,43,33.0
2025-12-28,23:11:28,67.9,3715.66,43,33.0
2025-12-28,23:11:38,67.8,3726.45,43,33.0
2025-12-28,23:11:48,67.6,3369.95,43,33.0
2025-12-28,23:11:59,67.2,3859.46,43,33.0
2025-12-28,23:12:09,67.8,4145.33,43,33.0
2025-12-28,23:12:19,67.4,3593.22,43,33.0
2025-12-28,23:12:29,67.9,3556.32,43,33.0
2025-12-28,23:12:39,68.2,3561.73,43,33.0
2025-12-28,23:12:49,67.4,3523.14,43,33.0
2025-12-28,23:13:00,67.1,3803.39,43,33.0
2025-12-28,23:13:10,66.9,4157.05,43,33.0
2025-12-28,23:13:20,67.8,3658.88,43,33.0
2025-12-28,23:13:30,67.5,3657.65,43,33.0
2025-12-28,23:13:40,67.2,3635.92,43,33.0
2025-12-28,23:13:50,64.8,3388.01,43,33.0
2025-12-28,23:14:01,61.0,3939.95,43,33.0
2025-12-28,23:14:11,71.2,3341.66,43,33.0
2025-12-28,23:14:21,65.0,3558.59,43,33.0
2025-12-28,23:14:31,65.9,3841.20,43,33.0
2025-12-28,23:14:41,66.6,3955.01,43,33.0
2025-12-28,23:14:52,65.9,3652.78,43,33.0
2025-12-28,23:15:02,66.5,3467.83,43,33.0
2025-12-28,23:15:12,65.6,3768.02,43,33.0
2025-12-28,23:15:22,66.1,3771.91,43,33.0
2025-12-28,23:15:32,66.0,3562.48,43,33.0
2025-12-28,23:15:42,66.2,3789.96,43,33.0
2025-12-28,23:15:53,65.6,3613.74,43,33.0
2025-12-28,23:16:03,66.9,3851.88,43,33.0
2025-12-28,23:16:13,66.0,3760.87,43,33.0
2025-12-28,23:16:23,65.9,3424.34,43,33.0
2025-12-28,23:16:33,66.5,3520.49,43,33.0
2025-12-28,23:16:43,65.9,3723.27,43,33.0
2025-12-28,23:16:54,66.0,3326.55,43,33.0
2025-12-28,23:17:04,66.1,4053.05,43,33.0
2025-12-28,23:17:14,66.1,3270.67,43,33.0
2025-12-28,23:17:24,66.4,3722.94,43,33.0
2025-12-28,23:17:34,63.1,3617.49,43,33.0
2025-12-28,23:17:44,63.2,4047.29,43,33.0
2025-12-28,23:17:55,66.8,3513.92,43,33.0
2025-12-28,23:18:05,65.4,3977.24,43,33.0
2025-12-28,23:18:15,65.5,3447.04,43,33.0
2025-12-28,23:18:25,65.6,3523.54,43,33.0
2025-12-28,23:18:35,65.1,4063.23,43,33.0
2025-12-28,23:18:45,65.6,4304.92,43,33.0
2025-12-28,23:18:56,65.9,3675.19,43,33.0
2025-12-28,23:19:06,65.6,3535.98,43,33.0
2025-12-28,23:19:16,65.9,3503.81,43,33.0
2025-12-28,23:19:26,65.8,4068.74,43,33.0
2025-12-28,23:19:36,66.0,3645.07,43,33.0
2025-12-28,23:19:47,66.0,3645.42,43,33.0
2025-12-28,23:19:57,65.9,3681.44,43,34.0
2025-12-28,23:20:07,65.2,3842.47,43,33.0
2025-12-28,23:20:17,66.1,3546.39,43,33.0
2025-12-28,23:20:27,65.8,3865.23,43,33.0
2025-12-28,23:20:37,65.9,3435.24,43,33.0
2025-12-28,23:20:47,66.6,3954.60,43,33.0
2025-12-28,23:20:58,65.8,3529.41,43,33.0
2025-12-28,23:21:08,66.0,3676.27,43,33.0
2025-12-28,23:21:18,64.5,4448.21,43,33.0
2025-12-28,23:21:28,62.6,3509.38,43,33.0
2025-12-28,23:21:38,69.1,3686.27,43,33.0
2025-12-28,23:21:49,67.5,3664.21,43,33.0
2025-12-28,23:21:59,67.4,3662.19,43,33.0
2025-12-28,23:22:09,66.8,4373.10,43,33.0
2025-12-28,23:22:19,67.8,3635.99,43,33.0
2025-12-28,23:22:29,67.6,3718.65,43,33.0
2025-12-28,23:22:39,67.4,3663.76,43,33.0
2025-12-28,23:22:50,67.2,3398.79,43,33.0
2025-12-28,23:23:00,67.5,3376.38,43,33.0
2025-12-28,23:23:10,66.6,3589.35,43,33.0
2025-12-28,23:23:20,69.0,3707.43,43,33.0
2025-12-28,23:23:30,67.1,3711.41,43,33.0
2025-12-28,23:23:40,67.4,3526.91,43,33.0
2025-12-28,23:23:51,67.6,3463.95,43,33.0
2025-12-28,23:24:01,66.9,4070.36,43,33.0
2025-12-28,23:24:11,67.2,3990.60,43,33.0
2025-12-28,23:24:21,68.0,3274.81,43,33.0
2025-12-28,23:24:31,68.0,3885.23,43,33.0
2025-12-28,23:24:41,67.6,4056.61,43,33.0
2025-12-28,23:24:52,67.6,3546.49,43,33.0
2025-12-28,23:25:02,65.4,3672.52,43,33.0
2025-12-28,23:25:12,60.9,3564.39,43,33.0
2025-12-28,23:25:22,65.0,3553.46,43,33.0
2025-12-28,23:25:32,65.4,3524.51,43,33.0
2025-12-28,23:25:42,65.6,3654.89,43,33.0
2025-12-28,23:25:53,66.2,3601.22,43,33.0
2025-12-28,23:26:03,66.1,4063.42,43,33.0
2025-12-28,23:26:13,65.5,3401.83,43,33.0
2025-12-28,23:26:23,65.5,3588.14,43,33.0
2025-12-28,23:26:33,66.5,3444.01,43,33.0
2025-12-28,23:26:43,66.5,3614.98,43,33.0
2025-12-28,23:26:54,66.4,3939.75,43,33.0
2025-12-28,23:27:04,67.0,3547.08,43,33.0
2025-12-28,23:27:14,66.6,3447.11,43,33.0
2025-12-28,23:27:24,66.1,3620.95,43,33.0
2025-12-28,23:27:34,65.6,3784.07,43,33.0
2025-12-28,23:27:44,66.0,3682.75,43,33.0
2025-12-28,23:27:55,66.0,4641.05,43,33.0
2025-12-28,23:28:05,66.2,3828.09,43,33.0
2025-12-28,23:28:15,66.5,3636.30,43,33.0
2025-12-28,23:28:25,65.6,3508.27,43,33.0
2025-12-28,23:28:35,66.8,4480.13,43,33.0
2025-12-28,23:28:45,63.0,3950.55,43,33.0
2025-12-28,23:28:56,64.0,3549.87,43,33.0
2025-12-28,23:29:06,67.6,3493.52,43,33.0
2025-12-28,23:29:16,65.6,3795.29,43,33.0
2025-12-28,23:29:26,65.4,3466.17,43,33.0
2025-12-28,23:29:36,65.8,3994.53,43,33.0
2025-12-28,23:29:46,65.9,3914.06,43,33.0
2025-12-28,23:29:57,65.9,3663.42,43,33.0
2025-12-28,23:30:07,66.0,4032.40,43,33.0
2025-12-28,23:30:17,65.6,3797.09,43,33.0
2025-12-28,23:30:27,65.0,3682.70,43,33.0
2025-12-28,23:30:37,66.2,3702.72,43,33.0
2025-12-28,23:30:47,65.5,3791.21,43,33.0
2025-12-28,23:30:58,65.9,3672.12,43,33.0
2025-12-28,23:31:08,66.1,3875.68,43,33.0
2025-12-28,23:31:18,66.8,3571.26,43,33.0
2025-12-28,23:31:28,65.5,4097.73,43,33.0
2025-12-28,23:31:38,65.8,3929.40,43,33.0
2025-12-28,23:31:48,65.8,3826.32,43,33.0
2025-12-28,23:31:59,66.4,3484.02,43,33.0
2025-12-28,23:32:09,65.6,3926.62,43,33.0
2025-12-28,23:32:19,66.5,4920.80,43,33.0
2025-12-28,23:32:29,64.1,3401.97,43,33.0
2025-12-28,23:32:39,61.2,3944.35,43,33.0
2025-12-28,23:32:49,66.2,4312.32,43,33.0
2025-12-28,23:33:00,68.4,3594.66,43,33.0
2025-12-28,23:33:10,67.8,3916.80,43,33.0
2025-12-28,23:33:20,67.2,4069.98,43,33.0
2025-12-28,23:33:30,67.5,3725.19,43,33.0
2025-12-28,23:33:40,66.8,4016.37,43,33.0
2025-12-28,23:33:50,67.0,3944.70,43,33.0
2025-12-28,23:34:01,69.2,3672.08,43,33.0
2025-12-28,23:34:11,67.8,3771.25,43,33.0
2025-12-28,23:34:21,67.6,3750.34,43,33.0
2025-12-28,23:34:31,67.4,3685.40,43,33.0
2025-12-28,23:34:41,67.4,3709.16,43,33.0
2025-12-28,23:34:51,67.0,3369.18,43,33.0
2025-12-28,23:35:02,66.8,3783.42,43,33.0
2025-12-28,23:35:12,67.6,3757.88,43,33.0
2025-12-28,23:35:22,67.6,3554.12,43,33.0
2025-12-28,23:35:32,67.9,3665.84,43,33.0
2025-12-28,23:35:42,67.1,3737.65,43,33.0
2025-12-28,23:35:52,66.9,3473.66,43,33.0
2025-12-28,23:36:03,66.8,4310.58,43,33.0
2025-12-28,23:36:13,64.5,3895.08,43,33.0
2025-12-28,23:36:23,58.4,4037.37,43,33.0
2025-12-28,23:36:33,70.9,3431.69,43,33.0
2025-12-28,23:36:43,65.4,3615.65,43,33.0
2025-12-28,23:36:53,65.8,3950.77,43,33.0
2025-12-28,23:37:04,66.6,3733.32,43,33.0
2025-12-28,23:37:14,66.1,4462.21,43,33.0
2025-12-28,23:37:24,65.8,3978.92,43,33.0
2025-12-28,23:37:34,66.0,3617.66,43,33.0
2025-12-28,23:37:44,65.5,3768.88,43,33.0
2025-12-28,23:37:54,66.8,3792.06,43,33.0
2025-12-28,23:38:05,66.5,4085.60,43,33.0
2025-12-28,23:38:15,65.5,3796.60,43,33.0
2025-12-28,23:38:25,67.0,4251.48,43,33.0
2025-12-28,23:38:35,66.1,3831.31,43,33.0
2025-12-28,23:38:45,66.5,4204.14,43,33.0
2025-12-28,23:38:55,66.0,4264.65,43,33.0
2025-12-28,23:39:06,65.9,4116.40,43,33.0
2025-12-28,23:39:16,66.9,3912.50,43,33.0
2025-12-28,23:39:26,66.0,3989.92,43,33.0
2025-12-28,23:39:36,65.8,3611.76,43,33.0
2025-12-28,23:39:46,66.2,3626.22,43,33.0
2025-12-28,23:39:56,63.5,3705.23,43,33.0
2025-12-28,23:40:07,60.4,4107.42,43,33.0
2025-12-28,23:40:17,61.5,3702.87,43,33.0
2025-12-28,23:40:27,65.8,4301.47,43,33.0
2025-12-28,23:40:37,66.1,3701.84,43,33.0
2025-12-28,23:40:47,65.5,4088.40,43,33.0
2025-12-28,23:40:57,65.4,3562.50,43,33.0
2025-12-28,23:41:08,67.1,3547.73,43,33.0
2025-12-28,23:41:18,65.9,3631.24,43,33.0
2025-12-28,23:41:28,66.1,3369.92,43,33.0
2025-12-28,23:41:38,65.5,3709.31,43,33.0
2025-12-28,23:41:48,66.0,3445.39,43,33.0
2025-12-28,23:41:59,66.5,3457.01,43,33.0
2025-12-28,23:42:09,66.0,3752.61,43,33.0
2025-12-28,23:42:19,65.9,3481.87,43,33.0
2025-12-28,23:42:29,65.6,3700.09,43,33.0
2025-12-28,23:42:39,66.2,3630.92,43,33.0
2025-12-28,23:42:49,65.6,3601.70,43,33.0
2025-12-28,23:43:00,66.2,4361.73,43,33.0
2025-12-28,23:43:10,65.9,3989.92,43,33.0
2025-12-28,23:43:20,65.8,4046.91,43,33.0
2025-12-28,23:43:30,66.4,4488.01,43,33.0
2025-12-28,23:43:40,64.4,3254.27,43,33.0
2025-12-28,23:43:50,61.8,3495.12,43,34.0
2025-12-28,23:44:01,61.1,3588.57,43,33.0
2025-12-28,23:44:11,67.5,3617.97,43,33.0
2025-12-28,23:44:21,67.8,3647.70,43,33.0
2025-12-28,23:44:31,67.8,3685.34,43,33.0
2025-12-28,23:44:41,67.8,3740.00,43,33.0
2025-12-28,23:44:51,68.1,3703.84,43,33.0
2025-12-28,23:45:02,67.1,3669.71,43,33.0
2025-12-28,23:45:12,67.1,3811.38,43,33.0
2025-12-28,23:45:22,67.2,3508.20,43,34.0
2025-12-28,23:45:32,67.5,3962.73,43,33.0
2025-12-28,23:45:42,68.0,4035.01,43,33.0
2025-12-28,23:45:52,68.5,3836.63,43,33.0
2025-12-28,23:46:03,68.5,4062.52,43,33.0
2025-12-28,23:46:13,67.5,3950.20,43,33.0
2025-12-28,23:46:23,67.9,3392.77,43,33.0
2025-12-28,23:46:33,67.4,4132.33,43,34.0
2025-12-28,23:46:43,66.5,4009.68,43,33.0
2025-12-28,23:46:53,66.4,4155.27,43,33.0
2025-12-28,23:47:04,67.0,3852.75,43,33.0
2025-12-28,23:47:14,66.8,3446.66,43,33.0
2025-12-28,23:47:24,67.9,4103.19,43,33.0
2025-12-28,23:47:34,63.6,4229.94,43,33.0
2025-12-28,23:47:44,63.5,4074.98,43,33.0
2025-12-28,23:47:54,69.2,4062.86,43,33.0
2025-12-28,23:48:05,66.1,3757.26,43,33.0
2025-12-28,23:48:15,66.0,3757.53,43,33.0
2025-12-28,23:48:25,66.2,3716.26,43,33.0
2025-12-28,23:48:35,66.9,4051.63,43,33.0
2025-12-28,23:48:45,67.5,4035.34,43,33.0
2025-12-28,23:48:55,66.5,3611.51,43,33.0
2025-12-28,23:49:06,66.9,3738.36,43,33.0
2025-12-28,23:49:16,66.8,3835.05,43,33.0
2025-12-28,23:49:26,66.6,4034.36,43,33.0
2025-12-28,23:49:36,66.8,3986.07,43,33.0
2025-12-28,23:49:46,67.9,4167.01,43,33.0
2025-12-28,23:49:56,67.6,4463.14,43,33.0
2025-12-28,23:50:07,67.5,4791.10,43,33.0
2025-12-28,23:50:17,67.2,4430.35,43,33.0
2025-12-28,23:50:27,67.2,4696.52,43,33.0
2025-12-28,23:50:37,67.8,4466.25,43,33.0
2025-12-28,23:50:47,67.0,4125.97,43,33.0
2025-12-28,23:50:57,67.0,4216.24,43,33.0
2025-12-28,23:51:08,67.1,4296.14,43,33.0
2025-12-28,23:51:18,66.2,4067.49,43,33.0
2025-12-28,23:51:28,61.2,3970.70,43,33.0
2025-12-28,23:51:38,71.9,3740.52,43,33.0
2025-12-28,23:51:48,68.2,4541.77,43,33.0
2025-12-28,23:51:58,67.4,4186.48,43,33.0
2025-12-28,23:52:09,67.4,3983.78,43,33.0
2025-12-28,23:52:19,67.4,4426.21,43,33.0
2025-12-28,23:52:29,67.0,4138.54,43,33.0
2025-12-28,23:52:39,66.9,4323.30,43,33.0
2025-12-28,23:52:49,67.0,3946.80,43,33.0
2025-12-28,23:52:59,67.1,4184.23,43,33.0
2025-12-28,23:53:10,67.8,3635.59,43,33.0
2025-12-28,23:53:20,67.6,4421.30,43,33.0
2025-12-28,23:53:30,68.0,4183.70,43,33.0
2025-12-28,23:53:40,68.0,4132.58,43,33.0
2025-12-28,23:53:50,67.6,3609.86,43,33.0
2025-12-28,23:54:00,68.2,4162.86,43,33.0
2025-12-28,23:54:11,68.2,4262.35,43,33.0
2025-12-28,23:54:21,68.2,3870.77,43,33.0
2025-12-28,23:54:31,66.5,3993.68,43,33.0
2025-12-28,23:54:41,67.4,4938.24,43,33.0
2025-12-28,23:54:51,67.4,4017.21,43,33.0
2025-12-28,23:55:01,67.5,4230.63,43,33.0
2025-12-28,23:55:11,65.4,3953.31,43,33.0
2025-12-28,23:55:22,62.6,4133.02,43,33.0
2025-12-28,23:55:32,71.6,4187.04,43,33.0
2025-12-28,23:55:42,69.4,3611.58,43,33.0
2025-12-28,23:55:52,69.4,3972.04,43,33.0
2025-12-28,23:56:02,68.6,4582.90,43,33.0
2025-12-28,23:56:13,69.6,4109.37,43,33.0
2025-12-28,23:56:23,69.1,4642.59,43,33.0
2025-12-28,23:56:33,68.4,4222.73,43,33.0
2025-12-28,23:56:43,69.2,4464.59,43,33.0
2025-12-28,23:56:53,69.1,4204.27,43,33.0
2025-12-28,23:57:03,68.4,4727.55,43,33.0
2025-12-28,23:57:13,68.8,4488.93,43,33.0
2025-12-28,23:57:24,68.5,3694.08,43,33.0
2025-12-28,23:57:34,68.9,4624.10,43,33.0
2025-12-28,23:57:44,69.4,4423.74,43,33.0
2025-12-28,23:57:54,69.2,4306.38,43,33.0
2025-12-28,23:58:04,69.1,4231.52,43,33.0
2025-12-28,23:58:14,69.6,4153.01,43,33.0
2025-12-28,23:58:25,68.9,4302.72,43,33.0
2025-12-28,23:58:35,68.5,4301.85,43,33.0
2025-12-28,23:58:45,68.0,4282.90,43,33.0
2025-12-28,23:58:55,68.5,3928.61,43,33.0
2025-12-28,23:59:05,69.8,4835.10,43,33.0
2025-12-28,23:59:15,64.2,4069.40,43,33.0
2025-12-28,23:59:26,62.2,4216.64,43,33.0
2025-12-28,23:59:36,68.9,4185.33,43,33.0
2025-12-28,23:59:46,67.9,4180.94,43,33.0
2025-12-28,23:59:56,67.6,4191.35,43,33.0
2025-12-29,00:00:06,67.4,4252.70,43,33.0
2025-12-29,00:00:16,67.9,4516.02,43,33.0
2025-12-29,00:00:27,67.5,4359.43,43,33.0
2025-12-29,00:00:37,67.8,4475.44,43,33.0
2025-12-29,00:00:47,68.5,3632.22,43,33.0
2025-12-29,00:00:57,67.8,4247.08,43,33.0
2025-12-29,00:01:07,67.8,4256.24,43,33.0
2025-12-29,00:01:17,67.8,4112.69,43,33.0
2025-12-29,00:01:28,67.0,4552.57,43,33.0
2025-12-29,00:01:38,67.8,4460.10,43,33.0
2025-12-29,00:01:48,67.4,4082.37,43,33.0
2025-12-29,00:01:58,67.9,4075.75,43,33.0
2025-12-29,00:02:08,67.8,4210.65,43,33.0
2025-12-29,00:02:18,67.6,4346.17,43,33.0
2025-12-29,00:02:29,67.2,3785.58,43,33.0
2025-12-29,00:02:39,67.2,4547.90,43,33.0
2025-12-29,00:02:49,67.4,4405.19,43,33.0
2025-12-29,00:02:59,66.4,4110.43,43,33.0
2025-12-29,00:03:09,61.5,4957.86,43,33.0
2025-12-29,00:03:19,69.9,3848.54,43,33.0
2025-12-29,00:03:30,68.8,4602.22,43,33.0
2025-12-29,00:03:40,67.2,4287.43,43,33.0
2025-12-29,00:03:50,68.0,4109.44,43,33.0
2025-12-29,00:04:00,66.1,4259.37,43,33.0
2025-12-29,00:04:10,66.8,4464.59,43,33.0
2025-12-29,00:04:20,71.0,4217.38,43,33.0
2025-12-29,00:04:31,70.8,4158.83,43,33.0
2025-12-29,00:04:41,71.4,3611.05,43,33.0
2025-12-29,00:04:51,71.5,3740.06,43,33.0
2025-12-29,00:05:01,71.0,4305.69,43,33.0
2025-12-29,00:05:11,71.5,4128.87,43,33.0
2025-12-29,00:05:21,71.6,3619.73,43,33.0
2025-12-29,00:05:32,71.9,4915.10,43,33.0
2025-12-29,00:05:42,71.6,3987.86,43,33.0
2025-12-29,00:05:52,70.5,4373.93,42,33.0
2025-12-29,00:06:02,71.4,4410.08,42,33.0
2025-12-29,00:06:12,71.6,4574.40,42,33.0
2025-12-29,00:06:22,70.9,3711.77,42,33.0
2025-12-29,00:06:33,71.5,3963.62,42,33.0
2025-12-29,00:06:43,71.6,4291.78,42,33.0
2025-12-29,00:06:53,71.8,4212.23,42,33.0
2025-12-29,00:07:03,69.4,4131.24,42,33.0
2025-12-29,00:07:13,69.4,4413.53,42,33.0
2025-12-29,00:07:23,71.5,4353.00,42,33.0
2025-12-29,00:07:34,73.2,4389.55,42,33.0
2025-12-29,00:07:44,72.4,3890.90,42,33.0
2025-12-29,00:07:54,72.2,4330.26,42,33.0
2025-12-29,00:08:04,72.5,4101.87,42,33.0
2025-12-29,00:08:14,72.6,3603.16,42,33.0
2025-12-29,00:08:24,72.4,3917.82,42,33.0
2025-12-29,00:08:34,72.2,4069.10,42,33.0
2025-12-29,00:08:45,72.5,4368.37,42,33.0
2025-12-29,00:08:55,72.2,4402.29,42,33.0
2025-12-29,00:09:05,72.8,4094.78,42,33.0
2025-12-29,00:09:15,73.4,3947.75,42,33.0
2025-12-29,00:09:25,71.0,4155.03,42,33.0
2025-12-29,00:09:35,70.0,4360.40,42,33.0
2025-12-29,00:09:46,69.1,3646.96,42,33.0
2025-12-29,00:09:56,69.4,4234.94,42,33.0
2025-12-29,00:10:06,68.9,4053.45,42,33.0
2025-12-29,00:10:16,69.0,4380.72,42,33.0
2025-12-29,00:10:26,68.4,4058.61,42,33.0
2025-12-29,00:10:37,69.6,3990.05,42,33.0
2025-12-29,00:10:47,69.9,4180.71,42,33.0
2025-12-29,00:10:57,66.0,4359.65,42,33.0
2025-12-29,00:11:07,63.0,4391.18,42,33.0
2025-12-29,00:11:17,72.8,4015.09,42,33.0
2025-12-29,00:11:27,68.2,4458.11,42,33.0
2025-12-29,00:11:38,68.0,4255.63,42,33.0
2025-12-29,00:11:48,67.8,4390.86,42,33.0
2025-12-29,00:11:58,67.2,3690.95,42,33.0
2025-12-29,00:12:08,68.0,4138.79,42,33.0
2025-12-29,00:12:18,67.4,4092.17,42,33.0
2025-12-29,00:12:28,67.8,4232.69,42,33.0
2025-12-29,00:12:38,68.1,4963.39,42,33.0
2025-12-29,00:12:49,67.8,3873.22,42,33.0
2025-12-29,00:12:59,67.2,3983.16,42,33.0
2025-12-29,00:13:09,67.8,4301.58,42,33.0
2025-12-29,00:13:19,67.8,4652.93,42,33.0
2025-12-29,00:13:29,67.4,4069.95,42,33.0
2025-12-29,00:13:39,68.5,4116.90,42,33.0
2025-12-29,00:13:50,67.2,4617.16,42,33.0
2025-12-29,00:14:00,68.0,4072.66,42,33.0
2025-12-29,00:14:10,67.6,3895.46,42,33.0
2025-12-29,00:14:20,67.6,4492.58,42,33.0
2025-12-29,00:14:30,67.6,4571.34,42,33.0
2025-12-29,00:14:40,67.5,3994.88,42,33.0
2025-12-29,00:14:51,64.4,4397.48,42,33.0
2025-12-29,00:15:01,72.0,4030.19,42,33.0
2025-12-29,00:15:11,67.8,4190.53,42,33.0
2025-12-29,00:15:21,67.4,4467.07,42,33.0
2025-12-29,00:15:31,67.1,4333.58,42,33.0
2025-12-29,00:15:41,66.9,4374.71,42,33.0
2025-12-29,00:15:52,67.4,4380.79,42,33.0
2025-12-29,00:16:02,68.5,4458.07,42,33.0
2025-12-29,00:16:12,67.9,4057.90,42,33.0
2025-12-29,00:16:22,67.8,4260.54,42,33.0
2025-12-29,00:16:32,67.4,4543.27,42,33.0
2025-12-29,00:16:42,67.5,4197.01,42,33.0
2025-12-29,00:16:53,67.4,4542.74,42,33.0
2025-12-29,00:17:03,68.0,4354.58,42,33.0
2025-12-29,00:17:13,67.6,4193.31,42,33.0
2025-12-29,00:17:23,67.6,4317.89,42,33.0
2025-12-29,00:17:33,67.5,4568.41,42,33.0
2025-12-29,00:17:43,67.6,4558.53,42,33.0
2025-12-29,00:17:54,67.6,4281.77,42,33.0
2025-12-29,00:18:04,68.0,4144.62,43,33.0
2025-12-29,00:18:14,67.1,4777.98,42,33.0
2025-12-29,00:18:24,66.6,4743.45,42,33.0
2025-12-29,00:18:34,66.1,4369.70,42,33.0
2025-12-29,00:18:44,66.2,4624.18,43,33.0
2025-12-29,00:18:55,67.0,4366.95,43,33.0
2025-12-29,00:19:05,68.1,4387.16,43,33.0
2025-12-29,00:19:15,68.8,4394.75,42,33.0
2025-12-29,00:19:25,69.0,4506.84,43,33.0
2025-12-29,00:19:35,68.5,4291.15,42,33.0
2025-12-29,00:19:46,68.2,4416.91,42,33.0
2025-12-29,00:19:56,68.6,4184.24,43,33.0
2025-12-29,00:20:06,68.9,4259.82,42,33.0
2025-12-29,00:20:16,68.8,4273.32,42,33.0
2025-12-29,00:20:26,69.1,4256.09,42,33.0
2025-12-29,00:20:36,69.4,4175.94,42,33.0
2025-12-29,00:20:46,68.0,4815.72,42,33.0
2025-12-29,00:20:57,75.0,4756.99,42,33.0
2025-12-29,00:21:07,74.1,4764.80,42,33.0
2025-12-29,00:21:17,74.9,4788.92,42,33.0
2025-12-29,00:21:27,75.1,4740.96,42,33.0
2025-12-29,00:21:37,74.8,4765.61,42,33.0
2025-12-29,00:21:48,74.9,4766.00,42,33.0
2025-12-29,00:21:58,73.4,4790.11,42,33.0
2025-12-29,00:22:08,71.6,4789.94,42,33.0
2025-12-29,00:22:18,71.0,4815.88,42,33.0
2025-12-29,00:22:28,73.4,4765.41,42,33.0
2025-12-29,00:22:38,74.6,4764.99,42,33.0
2025-12-29,00:22:49,75.5,4765.99,42,33.0
2025-12-29,00:22:59,74.9,4740.69,42,33.0
2025-12-29,00:23:09,71.1,4789.76,42,33.0
2025-12-29,00:23:19,71.0,4838.43,42,33.0
2025-12-29,00:23:29,70.8,4790.47,42,33.0
2025-12-29,00:23:40,76.0,4766.51,42,33.0
2025-12-29,00:23:50,73.9,4754.50,42,33.0
2025-12-29,00:24:00,73.0,4701.19,42,33.0
2025-12-29,00:24:10,73.5,4791.44,42,33.0
2025-12-29,00:24:20,74.4,4792.01,42,33.0
2025-12-29,00:24:30,71.6,4815.70,42,32.0
2025-12-29,00:24:41,71.8,4745.40,42,32.0
2025-12-29,00:24:51,71.6,4840.67,42,32.0
2025-12-29,00:25:01,71.1,4790.94,42,33.0
2025-12-29,00:25:11,71.4,4789.07,42,32.0
2025-12-29,00:25:21,72.0,4790.76,42,32.0
2025-12-29,00:25:32,72.6,4789.70,42,32.0
2025-12-29,00:25:42,72.4,4791.73,42,32.0
2025-12-29,00:25:52,73.2,4765.76,42,32.0
2025-12-29,00:26:02,72.1,4790.03,42,32.0
2025-12-29,00:26:12,72.5,4642.68,42,32.0
2025-12-29,00:26:22,72.8,4790.82,42,32.0
2025-12-29,00:26:33,72.8,4493.31,42,32.0
2025-12-29,00:26:43,73.2,4815.58,42,32.0
2025-12-29,00:26:53,72.4,4841.32,42,32.0
2025-12-29,00:27:03,72.6,4769.55,42,33.0
2025-12-29,00:27:13,73.5,4788.96,42,32.0
2025-12-29,00:27:24,72.6,4765.00,42,32.0
2025-12-29,00:27:34,73.6,4791.35,42,32.0
2025-12-29,00:27:44,73.8,4606.58,42,32.0
2025-12-29,00:27:54,72.9,4789.69,42,33.0
2025-12-29,00:28:04,72.6,4763.71,42,32.0
2025-12-29,00:28:14,73.5,4741.03,42,32.0
2025-12-29,00:28:25,69.2,4840.69,42,32.0
2025-12-29,00:28:35,69.9,4789.82,42,32.0
2025-12-29,00:28:45,70.8,4816.41,42,32.0
2025-12-29,00:28:55,75.8,4734.58,42,33.0
2025-12-29,00:29:05,72.1,4822.77,42,32.0
2025-12-29,00:29:16,74.5,4700.81,42,32.0
2025-12-29,00:29:26,74.4,4766.13,42,33.0
2025-12-29,00:29:36,74.2,4740.83,42,32.0
2025-12-29,00:29:46,73.6,4282.83,42,33.0
2025-12-29,00:29:56,68.2,4789.68,42,32.0
2025-12-29,00:30:06,72.8,4753.98,42,33.0
2025-12-29,00:30:17,72.1,4595.74,42,33.0
2025-12-29,00:30:27,73.1,4790.63,42,32.0
2025-12-29,00:30:37,73.1,4766.10,42,33.0
2025-12-29,00:30:47,73.8,4790.97,42,33.0
2025-12-29,00:30:57,72.0,4789.38,42,32.0
2025-12-29,00:31:08,73.2,4791.51,42,32.0
2025-12-29,00:31:18,72.0,4811.05,42,32.0
2025-12-29,00:31:28,71.2,4790.90,41,32.0
2025-12-29,00:31:38,69.8,4816.09,42,32.0
2025-12-29,00:31:48,73.8,4732.10,42,32.0
2025-12-29,00:31:58,74.0,4791.37,42,32.0
2025-12-29,00:32:09,73.8,4680.28,41,32.0
2025-12-29,00:32:19,72.6,4755.61,41,32.0
2025-12-29,00:32:29,73.9,4765.76,42,32.0
2025-12-29,00:32:39,71.1,4815.82,41,32.0
2025-12-29,00:32:49,71.5,4778.57,42,32.0
2025-12-29,00:33:00,72.5,4641.16,41,33.0
2025-12-29,00:33:10,72.9,4791.03,41,33.0
2025-12-29,00:33:20,73.9,4753.17,41,33.0
2025-12-29,00:33:30,73.9,4765.93,41,33.0
2025-12-29,00:33:40,72.6,4765.79,41,32.0
2025-12-29,00:33:50,72.2,4790.32,41,33.0
2025-12-29,00:34:01,73.1,4790.36,41,32.0
2025-12-29,00:34:11,75.2,4765.90,41,33.0
2025-12-29,00:34:21,75.2,4816.05,41,32.0
2025-12-29,00:34:31,72.6,4815.55,41,32.0
2025-12-29,00:34:41,73.9,4815.40,41,33.0
2025-12-29,00:34:52,73.6,4610.36,41,32.0
2025-12-29,00:35:02,72.6,4790.71,41,33.0
2025-12-29,00:35:12,73.8,4762.03,41,33.0
2025-12-29,00:35:22,76.1,4766.60,41,32.0
2025-12-29,00:35:32,76.0,4765.77,41,33.0
2025-12-29,00:35:43,73.5,4732.29,41,33.0
2025-12-29,00:35:53,73.2,4815.32,41,33.0
2025-12-29,00:36:03,74.0,4790.86,41,33.0
2025-12-29,00:36:13,74.2,4765.60,41,33.0
2025-12-29,00:36:23,73.0,4685.62,41,32.0
2025-12-29,00:36:33,72.1,4790.43,41,33.0
2025-12-29,00:36:44,74.4,4790.55,41,33.0
2025-12-29,00:36:54,74.4,4774.88,41,32.0
2025-12-29,00:37:04,74.6,4716.58,41,32.0
2025-12-29,00:37:14,73.9,4789.70,41,33.0
2025-12-29,00:37:24,74.5,4790.66,41,33.0
2025-12-29,00:37:34,73.0,4792.44,41,32.0
2025-12-29,00:37:45,73.1,4815.86,41,33.0
2025-12-29,00:37:55,75.9,4765.72,41,33.0
2025-12-29,00:38:05,75.0,4790.93,41,32.0
2025-12-29,00:38:15,73.8,4815.45,41,33.0
2025-12-29,00:38:25,74.2,4790.32,41,32.0
2025-12-29,00:38:36,74.4,4790.89,41,32.0
2025-12-29,00:38:46,73.0,4815.70,41,32.0
2025-12-29,00:38:56,71.9,4790.93,41,33.0
2025-12-29,00:39:06,72.1,4766.28,41,33.0
2025-12-29,00:39:16,73.8,4765.82,41,33.0
2025-12-29,00:39:27,72.5,4761.87,41,32.0
2025-12-29,00:39:37,73.9,4839.98,41,33.0
2025-12-29,00:39:47,72.8,4728.15,41,32.0
2025-12-29,00:39:57,72.6,4772.05,41,32.0
2025-12-29,00:40:07,72.4,4816.31,41,32.0
2025-12-29,00:40:17,72.2,4790.81,41,33.0
2025-12-29,00:40:28,69.8,4813.87,41,33.0
2025-12-29,00:40:38,71.4,4811.81,41,32.0
2025-12-29,00:40:48,72.5,4765.78,41,33.0
2025-12-29,00:40:58,73.5,4765.24,41,33.0
2025-12-29,00:41:08,72.4,4812.15,41,33.0
2025-12-29,00:41:19,72.2,4735.54,41,32.0
2025-12-29,00:41:29,73.2,4790.28,41,32.0
2025-12-29,00:41:39,73.1,4761.24,41,33.0
2025-12-29,00:41:49,72.9,4737.63,41,33.0
2025-12-29,00:41:59,73.2,4790.51,41,33.0
2025-12-29,00:42:09,72.8,4790.54,41,32.0
2025-12-29,00:42:20,73.6,4788.15,41,32.0
2025-12-29,00:42:30,73.6,4790.74,41,32.0
2025-12-29,00:42:40,72.4,4790.78,41,32.0
2025-12-29,00:42:50,72.6,4783.71,41,32.0
2025-12-29,00:43:00,73.4,4764.08,41,32.0
2025-12-29,00:43:11,72.8,4766.00,41,32.0
2025-12-29,00:43:21,74.0,4735.42,41,32.0
2025-12-29,00:43:31,74.8,4765.64,41,32.0
2025-12-29,00:43:41,73.1,4815.96,41,32.0
2025-12-29,00:43:51,73.4,4815.45,41,32.0
2025-12-29,00:44:01,72.5,4268.21,41,32.0
2025-12-29,00:44:12,72.5,4766.00,41,32.0
2025-12-29,00:44:22,70.2,4242.23,41,32.0
2025-12-29,00:44:32,74.1,4740.91,41,32.0
2025-12-29,00:44:42,73.2,4765.67,41,32.0
2025-12-29,00:44:52,72.5,4789.11,41,32.0
2025-12-29,00:45:03,73.6,4775.96,41,33.0
2025-12-29,00:45:13,73.0,4791.12,41,33.0
2025-12-29,00:45:23,73.9,4790.78,41,32.0
2025-12-29,00:45:33,73.6,4714.17,41,33.0
2025-12-29,00:45:43,74.0,4765.87,41,32.0
2025-12-29,00:45:53,73.9,4765.85,41,32.0
2025-12-29,00:46:04,73.8,4766.67,41,33.0
2025-12-29,00:46:14,73.8,4758.45,41,32.0
2025-12-29,00:46:24,74.0,4765.23,41,32.0
2025-12-29,00:46:34,74.4,4765.50,41,32.0
2025-12-29,00:46:44,69.6,4117.17,41,33.0
2025-12-29,00:46:55,75.6,4766.04,41,32.0
2025-12-29,00:47:05,74.0,4766.02,41,32.0
2025-12-29,00:47:15,68.5,4388.19,41,32.0
2025-12-29,00:47:25,68.0,3561.18,41,33.0
2025-12-29,00:47:35,67.0,4025.98,41,33.0
2025-12-29,00:47:45,67.8,4572.38,41,32.0
2025-12-29,00:47:56,67.4,4103.37,41,32.0
2025-12-29,00:48:06,66.6,3859.42,42,33.0
2025-12-29,00:48:16,67.1,4190.64,42,33.0
2025-12-29,00:48:26,67.5,4373.76,42,33.0
2025-12-29,00:48:36,65.8,4044.61,42,32.0
2025-12-29,00:48:47,65.9,4164.76,42,33.0
2025-12-29,00:48:57,67.4,4069.95,42,33.0
2025-12-29,00:49:07,69.2,3761.24,42,33.0
2025-12-29,00:49:17,69.1,3984.55,42,33.0
2025-12-29,00:49:27,69.8,3904.49,42,33.0
2025-12-29,00:49:37,68.8,4418.65,42,33.0
2025-12-29,00:49:48,68.9,4008.31,42,33.0
2025-12-29,00:49:58,68.8,4346.94,42,33.0
2025-12-29,00:50:08,69.2,4037.24,42,33.0
2025-12-29,00:50:18,69.1,4081.37,42,33.0
2025-12-29,00:50:28,68.5,4488.83,42,32.0
2025-12-29,00:50:38,68.8,4180.40,42,33.0
2025-12-29,00:50:48,68.8,4098.49,42,33.0
2025-12-29,00:50:59,68.2,4635.09,42,33.0
2025-12-29,00:51:09,68.2,4071.14,42,33.0
2025-12-29,00:51:19,68.4,4045.24,42,33.0
2025-12-29,00:51:29,69.0,4077.14,42,33.0
2025-12-29,00:51:39,68.2,4284.77,42,33.0
2025-12-29,00:51:49,68.5,4406.33,42,33.0
2025-12-29,00:52:00,68.9,4319.65,42,33.0
2025-12-29,00:52:10,68.5,4279.72,42,33.0
2025-12-29,00:52:20,68.5,4015.68,42,33.0
2025-12-29,00:52:30,68.8,4256.49,42,33.0
2025-12-29,00:52:40,63.6,4804.05,42,32.0
2025-12-29,00:52:50,62.1,4605.10,42,33.0
2025-12-29,00:53:01,66.0,4185.71,42,33.0
2025-12-29,00:53:11,67.2,4304.96,42,32.0
2025-12-29,00:53:21,67.9,3923.70,42,33.0
2025-12-29,00:53:31,67.5,3824.33,42,33.0
2025-12-29,00:53:41,67.1,4012.14,42,33.0
2025-12-29,00:53:51,67.6,4474.45,42,33.0
2025-12-29,00:54:02,67.5,4201.27,42,32.0
2025-12-29,00:54:12,67.1,3886.61,42,33.0
2025-12-29,00:54:22,67.5,4656.38,42,33.0
2025-12-29,00:54:32,67.5,4248.61,42,33.0
2025-12-29,00:54:42,67.5,4299.58,42,33.0
2025-12-29,00:54:52,66.4,4294.70,42,33.0
2025-12-29,00:55:03,67.2,4267.04,42,33.0
2025-12-29,00:55:13,67.6,3919.73,42,33.0
2025-12-29,00:55:23,67.1,3776.66,42,33.0
2025-12-29,00:55:33,67.2,4617.07,42,33.0
2025-12-29,00:55:43,67.0,4368.43,42,33.0
2025-12-29,00:55:53,67.8,4612.10,42,33.0
2025-12-29,00:56:04,67.6,3955.49,42,33.0
2025-12-29,00:56:14,68.4,4622.35,42,33.0
2025-12-29,00:56:24,65.4,4379.21,42,33.0
2025-12-29,00:56:34,63.9,4305.85,42,33.0
2025-12-29,00:56:44,72.5,4374.77,42,33.0
2025-12-29,00:56:54,67.2,4395.97,42,33.0
2025-12-29,00:57:05,67.0,4965.09,42,33.0
2025-12-29,00:57:15,66.4,4222.41,42,33.0
2025-12-29,00:57:25,66.4,4129.61,42,33.0
2025-12-29,00:57:35,68.1,4195.31,42,33.0
2025-12-29,00:57:45,67.5,4398.76,42,33.0
2025-12-29,00:57:55,66.9,4510.69,42,33.0
2025-12-29,00:58:06,67.2,4432.29,42,33.0
2025-12-29,00:58:16,67.1,4483.34,42,33.0
2025-12-29,00:58:26,66.6,4964.81,42,33.0
2025-12-29,00:58:36,66.1,4811.47,42,33.0
2025-12-29,00:58:46,66.2,4363.72,42,33.0
2025-12-29,00:58:56,66.1,4291.74,42,33.0
2025-12-29,00:59:07,65.9,4551.45,42,33.0
2025-12-29,00:59:17,66.9,4215.20,42,33.0
2025-12-29,00:59:27,66.6,4799.07,42,33.0
2025-12-29,00:59:37,67.4,3928.29,42,33.0
2025-12-29,00:59:47,67.0,4080.63,42,33.0
2025-12-29,00:59:57,66.4,4041.97,42,33.0
2025-12-29,01:00:08,66.6,4031.29,42,33.0
2025-12-29,01:00:18,65.1,4811.82,42,33.0
2025-12-29,01:00:28,64.6,4172.95,42,33.0
2025-12-29,01:00:38,71.5,4262.01,42,33.0
2025-12-29,01:00:48,68.9,4382.76,42,33.0
2025-12-29,01:00:58,68.4,4277.35,42,33.0
2025-12-29,01:01:09,68.9,4024.77,42,33.0
2025-12-29,01:01:19,68.9,4108.90,42,33.0
2025-12-29,01:01:29,68.4,3847.54,42,33.0
2025-12-29,01:01:39,69.1,4097.01,42,33.0
2025-12-29,01:01:49,69.0,4270.41,42,33.0
2025-12-29,01:01:59,69.6,4101.72,42,33.0
2025-12-29,01:02:10,68.4,3764.40,42,32.0
2025-12-29,01:02:20,68.9,4205.67,42,33.0
2025-12-29,01:02:30,68.6,4252.40,42,33.0
2025-12-29,01:02:40,67.5,4274.67,42,33.0
2025-12-29,01:02:50,68.0,4333.61,42,33.0
2025-12-29,01:03:00,67.6,4311.71,42,33.0
2025-12-29,01:03:10,68.2,4298.56,42,33.0
2025-12-29,01:03:21,68.0,4391.48,42,33.0
2025-12-29,01:03:31,67.6,4223.74,42,33.0
2025-12-29,01:03:41,68.4,4358.30,42,33.0
2025-12-29,01:03:51,67.9,4059.78,42,33.0
2025-12-29,01:04:01,68.2,4798.02,42,33.0
2025-12-29,01:04:11,65.6,4596.70,42,33.0
2025-12-29,01:04:22,61.6,3998.27,42,33.0
2025-12-29,01:04:32,67.0,4393.07,42,32.0
2025-12-29,01:04:42,67.1,4192.28,42,33.0
2025-12-29,01:04:52,67.1,4034.70,42,33.0
2025-12-29,01:05:02,67.0,4408.12,42,33.0
2025-12-29,01:05:12,66.0,4221.58,42,33.0
2025-12-29,01:05:23,66.6,4216.09,42,33.0
2025-12-29,01:05:33,67.6,4364.28,42,33.0
2025-12-29,01:05:43,67.2,3704.71,42,33.0
2025-12-29,01:05:53,66.9,4127.94,42,33.0
2025-12-29,01:06:03,66.9,4000.69,42,33.0
2025-12-29,01:06:13,66.9,3887.74,42,33.0
2025-12-29,01:06:24,67.1,3593.60,42,33.0
2025-12-29,01:06:34,67.4,4247.98,42,33.0
2025-12-29,01:06:44,67.2,3945.09,42,33.0
2025-12-29,01:06:54,67.2,4295.50,42,33.0
2025-12-29,01:07:04,66.6,4169.12,42,33.0
2025-12-29,01:07:14,66.8,4040.30,42,33.0
2025-12-29,01:07:25,67.1,4164.62,42,33.0
2025-12-29,01:07:35,67.2,4334.96,42,33.0
2025-12-29,01:07:45,66.6,4020.62,42,33.0
2025-12-29,01:07:55,66.9,4018.36,42,33.0
2025-12-29,01:08:05,62.6,4575.81,43,33.0
2025-12-29,01:08:15,65.6,4499.41,43,32.0
2025-12-29,01:08:26,68.1,4091.42,42,33.0
2025-12-29,01:08:36,66.9,4265.28,43,33.0
2025-12-29,01:08:46,66.9,4470.06,43,33.0
2025-12-29,01:08:56,66.1,4292.53,43,33.0
2025-12-29,01:09:06,66.6,3914.88,42,33.0
2025-12-29,01:09:16,67.5,4009.92,43,33.0
2025-12-29,01:09:27,66.2,3573.46,43,33.0
2025-12-29,01:09:37,66.8,4230.60,42,33.0
2025-12-29,01:09:47,67.1,4329.65,43,33.0
2025-12-29,01:09:57,67.5,4136.93,43,33.0
2025-12-29,01:10:07,66.1,4142.84,43,33.0
2025-12-29,01:10:17,66.9,4395.60,43,33.0
2025-12-29,01:10:28,67.0,3962.61,43,33.0
2025-12-29,01:10:38,66.4,4716.51,43,33.0
2025-12-29,01:10:48,66.2,4138.43,43,33.0
2025-12-29,01:10:58,66.2,3928.72,43,33.0
2025-12-29,01:11:08,66.9,4123.50,43,33.0
2025-12-29,01:11:18,67.0,4196.68,43,33.0
2025-12-29,01:11:29,66.8,4074.00,43,33.0
2025-12-29,01:11:39,67.9,4412.90,43,33.0
2025-12-29,01:11:49,65.4,4512.29,43,33.0
2025-12-29,01:11:59,61.4,3908.55,43,33.0
2025-12-29,01:12:09,73.6,4165.02,43,33.0
2025-12-29,01:12:19,69.8,4550.81,43,33.0
2025-12-29,01:12:30,68.4,3868.50,43,33.0
2025-12-29,01:12:40,72.2,4791.00,43,33.0
2025-12-29,01:12:50,73.4,4815.78,42,33.0
2025-12-29,01:13:00,73.0,4731.83,42,33.0
2025-12-29,01:13:10,73.8,4790.62,42,33.0
2025-12-29,01:13:20,71.6,4771.09,42,33.0
2025-12-29,01:13:31,73.6,4553.71,42,33.0
2025-12-29,01:13:41,73.0,4790.45,42,32.0
2025-12-29,01:13:51,73.9,4790.94,42,32.0
2025-12-29,01:14:01,74.5,4790.81,42,33.0
2025-12-29,01:14:11,72.8,4841.01,42,32.0
2025-12-29,01:14:21,73.0,4751.46,42,33.0
2025-12-29,01:14:32,73.4,4791.04,42,33.0
2025-12-29,01:14:42,74.1,4790.54,42,32.0
2025-12-29,01:14:52,73.2,4557.30,42,32.0
2025-12-29,01:15:02,74.1,4790.72,42,33.0
2025-12-29,01:15:12,74.4,4639.23,42,32.0
2025-12-29,01:15:23,75.2,4765.81,42,32.0
2025-12-29,01:15:33,73.5,4816.02,42,32.0
2025-12-29,01:15:43,73.2,4818.03,42,32.0
2025-12-29,01:15:53,70.1,4824.27,42,32.0
2025-12-29,01:16:03,71.0,4787.87,42,32.0
2025-12-29,01:16:13,70.4,4633.76,42,32.0
2025-12-29,01:16:24,73.4,4790.44,42,32.0
2025-12-29,01:16:34,72.6,4663.88,42,32.0
2025-12-29,01:16:44,72.2,4791.86,42,32.0
2025-12-29,01:16:54,71.5,4757.40,42,32.0
2025-12-29,01:17:04,70.8,4765.73,42,32.0
2025-12-29,01:17:15,75.5,4740.35,42,32.0
2025-12-29,01:17:25,73.4,4815.77,42,32.0
2025-12-29,01:17:35,71.4,4764.74,42,32.0
2025-12-29,01:17:45,73.1,4790.34,42,32.0
2025-12-29,01:17:55,72.8,4814.94,42,32.0
2025-12-29,01:18:05,72.5,4815.46,42,32.0
2025-12-29,01:18:16,73.4,4765.14,42,32.0
2025-12-29,01:18:26,74.5,4800.68,42,32.0
2025-12-29,01:18:36,73.4,4815.09,42,32.0
2025-12-29,01:18:46,72.1,4814.95,42,32.0
2025-12-29,01:18:56,72.2,4699.99,42,32.0
2025-12-29,01:19:07,73.5,4771.11,42,32.0
2025-12-29,01:19:17,73.2,4755.09,42,32.0
2025-12-29,01:19:27,72.2,4642.41,42,32.0
2025-12-29,01:19:37,72.6,4765.58,42,32.0
2025-12-29,01:19:47,72.4,4765.49,42,32.0
2025-12-29,01:19:57,71.5,4815.83,42,32.0
2025-12-29,01:20:08,73.4,4749.43,42,32.0
2025-12-29,01:20:18,71.4,4814.37,42,32.0
2025-12-29,01:20:28,72.6,4766.72,42,32.0
2025-12-29,01:20:38,73.5,4765.36,42,32.0
2025-12-29,01:20:48,72.9,4767.13,42,32.0
2025-12-29,01:20:59,73.0,4787.45,42,32.0
2025-12-29,01:21:09,74.2,4791.85,42,32.0
2025-12-29,01:21:19,72.2,4764.83,42,32.0
2025-12-29,01:21:29,74.2,4642.64,41,32.0
2025-12-29,01:21:39,73.5,4756.71,42,32.0
2025-12-29,01:21:49,70.8,4664.75,41,32.0
2025-12-29,01:22:00,70.4,4815.82,41,33.0
2025-12-29,01:22:10,71.5,4791.16,41,32.0
2025-12-29,01:22:20,70.6,4553.67,41,32.0
2025-12-29,01:22:30,62.1,3936.46,41,33.0
2025-12-29,01:22:40,66.5,4096.35,42,32.0
2025-12-29,01:22:50,65.9,3633.40,42,32.0
2025-12-29,01:23:01,69.6,4522.20,42,33.0
2025-12-29,01:23:11,68.1,3866.39,42,32.0
2025-12-29,01:23:21,68.2,3734.09,42,32.0
2025-12-29,01:23:31,66.1,3397.48,42,33.0
2025-12-29,01:23:41,66.0,4278.94,42,33.0
2025-12-29,01:23:51,68.6,4780.51,42,33.0
2025-12-29,01:24:02,68.5,4493.24,42,32.0
2025-12-29,01:24:12,69.4,4765.30,42,32.0
2025-12-29,01:24:22,66.5,3892.98,42,33.0
2025-12-29,01:24:32,64.9,3698.19,42,33.0
2025-12-29,01:24:42,67.1,4235.69,42,33.0
2025-12-29,01:24:53,68.1,4505.55,42,33.0
2025-12-29,01:25:03,69.8,4474.19,42,33.0
2025-12-29,01:25:13,69.9,4267.60,42,33.0
2025-12-29,01:25:23,66.1,4145.77,42,32.0
2025-12-29,01:25:33,66.4,4827.11,42,33.0
2025-12-29,01:25:43,69.4,4585.14,42,33.0
2025-12-29,01:25:53,69.8,4390.46,42,33.0
2025-12-29,01:26:04,69.5,4158.30,42,33.0
2025-12-29,01:26:14,66.9,3832.76,42,33.0
2025-12-29,01:26:24,65.1,3609.74,42,33.0
2025-12-29,01:26:34,66.6,4814.77,42,33.0
2025-12-29,01:26:44,73.5,4662.67,42,33.0
2025-12-29,01:26:55,71.0,4723.99,42,33.0
2025-12-29,01:27:05,67.6,3866.05,42,33.0
2025-12-29,01:27:15,69.5,4814.20,42,33.0
2025-12-29,01:27:25,71.0,4564.41,42,33.0
2025-12-29,01:27:35,70.9,4840.03,42,33.0
2025-12-29,01:27:45,68.5,3473.51,42,33.0
2025-12-29,01:27:56,66.8,3563.57,42,32.0
2025-12-29,01:28:06,71.0,4368.54,42,33.0
2025-12-29,01:28:16,70.6,4587.44,42,33.0
2025-12-29,01:28:26,70.2,4437.23,42,32.0
2025-12-29,01:28:36,67.4,3317.19,42,32.0
2025-12-29,01:28:46,69.0,4612.87,42,32.0
2025-12-29,01:28:57,70.6,4107.35,42,33.0
2025-12-29,01:29:07,70.9,4134.56,42,33.0
2025-12-29,01:29:17,69.5,4130.91,42,33.0
2025-12-29,01:29:27,67.2,3456.05,42,32.0
2025-12-29,01:29:37,71.0,4358.98,42,33.0
2025-12-29,01:29:47,70.0,4430.49,42,33.0
2025-12-29,01:29:58,71.9,4545.26,42,33.0
2025-12-29,01:30:08,67.6,4072.29,42,33.0
2025-12-29,01:30:18,67.6,4031.60,42,33.0
2025-12-29,01:30:28,70.2,4509.47,42,33.0
2025-12-29,01:30:38,69.6,4684.61,42,32.0
2025-12-29,01:30:48,69.9,3652.03,42,32.0
2025-12-29,01:30:59,62.2,3899.93,42,33.0
2025-12-29,01:31:09,67.1,4483.16,42,33.0
2025-12-29,01:31:19,72.2,4755.44,42,33.0
2025-12-29,01:31:29,70.1,4421.07,42,33.0
2025-12-29,01:31:39,68.1,3529.15,42,32.0
2025-12-29,01:31:50,67.0,4336.86,42,33.0
2025-12-29,01:32:00,68.8,4868.62,42,33.0
2025-12-29,01:32:10,69.0,3918.12,42,33.0
2025-12-29,01:32:20,68.6,3579.50,42,33.0
2025-12-29,01:32:30,65.8,3702.63,42,32.0
2025-12-29,01:32:40,68.9,4530.62,42,33.0
2025-12-29,01:32:51,69.1,4791.40,42,33.0
2025-12-29,01:33:01,73.6,4814.46,42,33.0
2025-12-29,01:33:11,69.4,3844.88,42,33.0
2025-12-29,01:33:21,73.6,4641.28,42,33.0
2025-12-29,01:33:31,73.9,4766.39,42,33.0
2025-12-29,01:33:41,73.8,4791.82,42,32.0
2025-12-29,01:33:52,74.2,4765.70,42,32.0
2025-12-29,01:34:02,71.6,4790.45,42,33.0
2025-12-29,01:34:12,69.8,4665.27,42,32.0
2025-12-29,01:34:22,72.2,4792.19,42,33.0
2025-12-29,01:34:32,73.2,4815.52,42,32.0
2025-12-29,01:34:43,72.9,4791.53,42,32.0
2025-12-29,01:34:53,73.1,4791.26,42,33.0
2025-12-29,01:35:03,73.2,4765.37,42,33.0
2025-12-29,01:35:13,73.5,4755.00,42,32.0
2025-12-29,01:35:23,70.8,4814.00,42,32.0
2025-12-29,01:35:34,71.2,4816.05,42,32.0
2025-12-29,01:35:44,72.8,4765.86,42,33.0
2025-12-29,01:35:54,68.2,4200.65,42,33.0
2025-12-29,01:36:04,73.2,4790.86,42,32.0
2025-12-29,01:36:14,73.6,4705.12,42,33.0
2025-12-29,01:36:24,72.0,4641.84,42,32.0
2025-12-29,01:36:35,72.8,4815.32,42,33.0
2025-12-29,01:36:45,72.1,4791.50,42,32.0
2025-12-29,01:36:55,72.0,4790.46,42,32.0
2025-12-29,01:37:05,73.0,4815.64,42,32.0
2025-12-29,01:37:15,73.6,4790.62,42,32.0
2025-12-29,01:37:25,73.4,4762.96,42,32.0
2025-12-29,01:37:36,70.9,4815.67,42,32.0
2025-12-29,01:37:46,73.0,4814.33,42,32.0
2025-12-29,01:37:56,72.8,4756.03,42,32.0
2025-12-29,01:38:06,71.8,4790.88,42,32.0
2025-12-29,01:38:16,72.0,4590.27,41,32.0
2025-12-29,01:38:27,73.1,4589.26,42,32.0
2025-12-29,01:38:37,72.2,4789.48,42,32.0
2025-12-29,01:38:47,72.1,4814.70,41,32.0
2025-12-29,01:38:57,72.4,4809.86,41,32.0
2025-12-29,01:39:07,72.5,4731.50,41,32.0
2025-12-29,01:39:18,72.5,4724.34,41,32.0
2025-12-29,01:39:28,72.0,4815.83,41,32.0
2025-12-29,01:39:38,72.2,4624.06,41,32.0
2025-12-29,01:39:48,73.0,4789.51,41,32.0
2025-12-29,01:39:58,73.1,4600.94,41,32.0
2025-12-29,01:40:08,71.9,4757.89,41,32.0
2025-12-29,01:40:19,73.1,4789.06,41,32.0
2025-12-29,01:40:29,70.6,4802.67,41,32.0
2025-12-29,01:40:39,69.8,4814.80,41,32.0
2025-12-29,01:40:49,70.4,4815.92,41,32.0
2025-12-29,01:40:59,73.2,4815.29,41,32.0
2025-12-29,01:41:10,73.2,4705.63,41,32.0
2025-12-29,01:41:20,74.9,4789.81,41,32.0
2025-12-29,01:41:30,73.2,4685.71,41,32.0
2025-12-29,01:41:40,72.2,4791.12,41,32.0
2025-12-29,01:41:50,73.8,4791.49,41,32.0
2025-12-29,01:42:00,73.0,4630.66,41,32.0
2025-12-29,01:42:11,74.4,4789.96,41,32.0
2025-12-29,01:42:21,73.4,4790.56,41,32.0
2025-12-29,01:42:31,74.1,4792.06,41,32.0
2025-12-29,01:42:41,74.6,4578.94,41,32.0
2025-12-29,01:42:51,68.5,3845.11,41,32.0
2025-12-29,01:43:02,68.4,3916.55,41,32.0
2025-12-29,01:43:12,68.6,3953.66,41,32.0
2025-12-29,01:43:22,68.9,3818.52,41,32.0
2025-12-29,01:43:32,68.4,3760.87,41,33.0
2025-12-29,01:43:42,68.0,3912.96,41,32.0
2025-12-29,01:43:52,68.2,3585.14,41,32.0
2025-12-29,01:44:03,68.4,3991.90,42,32.0
2025-12-29,01:44:13,68.0,3705.39,42,32.0
2025-12-29,01:44:23,66.9,3983.85,42,33.0
2025-12-29,01:44:33,67.4,3986.30,42,32.0
2025-12-29,01:44:43,66.5,3718.92,42,33.0
2025-12-29,01:44:53,66.8,4178.77,42,33.0
2025-12-29,01:45:03,62.4,3938.54,42,33.0
2025-12-29,01:45:14,69.0,3708.79,42,32.0
2025-12-29,01:45:24,66.8,3747.49,42,33.0
2025-12-29,01:45:34,66.0,4418.68,42,33.0
2025-12-29,01:45:44,65.9,4074.37,42,33.0
2025-12-29,01:45:54,65.6,3874.51,42,32.0
2025-12-29,01:46:05,65.5,3978.46,42,33.0
2025-12-29,01:46:15,66.0,3592.48,42,33.0
2025-12-29,01:46:25,66.1,3632.12,42,32.0
2025-12-29,01:46:35,65.5,3923.65,42,33.0
2025-12-29,01:46:45,65.6,3941.91,42,33.0
2025-12-29,01:46:55,65.5,4200.25,42,33.0
2025-12-29,01:47:06,65.9,4091.86,42,33.0
2025-12-29,01:47:16,66.4,3735.51,42,33.0
2025-12-29,01:47:26,66.0,3427.08,42,33.0
2025-12-29,01:47:36,65.6,4518.96,42,33.0
2025-12-29,01:47:46,65.6,4194.81,42,33.0
2025-12-29,01:47:56,66.0,3746.80,42,33.0
2025-12-29,01:48:07,65.8,3826.85,42,33.0
2025-12-29,01:48:17,66.1,3905.87,42,33.0
2025-12-29,01:48:27,66.0,3927.43,42,33.0
2025-12-29,01:48:37,66.4,3963.77,42,33.0
2025-12-29,01:48:47,64.9,3887.44,42,33.0
2025-12-29,01:48:57,62.4,3865.63,42,33.0
2025-12-29,01:49:08,61.1,3638.38,42,33.0
2025-12-29,01:49:18,65.6,3733.41,42,33.0
2025-12-29,01:49:28,65.5,3770.18,42,33.0
2025-12-29,01:49:38,65.2,3865.34,42,33.0
2025-12-29,01:49:48,65.2,4204.51,42,33.0
2025-12-29,01:49:58,65.5,4427.49,42,33.0
2025-12-29,01:50:09,66.5,3670.36,42,33.0
2025-12-29,01:50:19,66.0,4096.51,42,33.0
2025-12-29,01:50:29,66.0,4273.93,42,33.0
2025-12-29,01:50:39,65.5,4228.02,42,33.0
2025-12-29,01:50:49,65.2,3645.83,42,33.0
2025-12-29,01:50:59,65.9,3980.26,42,33.0
2025-12-29,01:51:10,65.5,3619.38,42,33.0
2025-12-29,01:51:20,65.0,4041.82,42,33.0
2025-12-29,01:51:30,66.2,3572.80,42,33.0
2025-12-29,01:51:40,65.4,3950.24,42,33.0
2025-12-29,01:51:50,65.0,3618.55,43,33.0
2025-12-29,01:52:00,65.6,3999.48,42,33.0
2025-12-29,01:52:11,65.1,3464.46,43,33.0
2025-12-29,01:52:21,65.6,3876.68,43,33.0
2025-12-29,01:52:31,65.2,4220.00,43,33.0
2025-12-29,01:52:41,64.1,3683.72,43,33.0
2025-12-29,01:52:51,60.5,3737.87,43,33.0
2025-12-29,01:53:01,66.4,3815.82,43,33.0
2025-12-29,01:53:12,67.2,3592.77,43,33.0
2025-12-29,01:53:22,67.2,3520.21,43,33.0
2025-12-29,01:53:32,67.2,3815.63,43,33.0
2025-12-29,01:53:42,67.9,4534.00,43,33.0
2025-12-29,01:53:52,67.9,4184.66,43,33.0
2025-12-29,01:54:02,67.9,3951.60,43,33.0
2025-12-29,01:54:13,68.2,4328.32,43,33.0
2025-12-29,01:54:23,66.5,4094.22,43,33.0
2025-12-29,01:54:33,66.8,3817.77,43,33.0
2025-12-29,01:54:43,66.6,3653.32,43,33.0
2025-12-29,01:54:53,67.0,4119.60,43,33.0
2025-12-29,01:55:03,67.4,3843.02,43,33.0
2025-12-29,01:55:14,67.1,3986.76,43,33.0
2025-12-29,01:55:24,67.0,3548.17,43,33.0
2025-12-29,01:55:34,67.6,3908.98,43,33.0
2025-12-29,01:55:44,67.5,3523.78,43,33.0
2025-12-29,01:55:54,66.5,3515.76,43,33.0
2025-12-29,01:56:04,66.9,3957.18,43,33.0
2025-12-29,01:56:15,67.2,4462.26,43,33.0
2025-12-29,01:56:25,67.9,3670.81,43,33.0
2025-12-29,01:56:35,67.4,4173.04,43,33.0
2025-12-29,01:56:45,61.1,3504.22,43,33.0
2025-12-29,01:56:55,61.6,3767.87,43,33.0
2025-12-29,01:57:05,67.2,3845.01,43,33.0
2025-12-29,01:57:16,65.6,3732.34,43,33.0
2025-12-29,01:57:26,65.4,4729.41,43,33.0
2025-12-29,01:57:36,66.2,4111.32,43,33.0
2025-12-29,01:57:46,66.0,3819.08,43,33.0
2025-12-29,01:57:56,66.0,3910.67,43,33.0
2025-12-29,01:58:06,66.6,3773.37,43,33.0
2025-12-29,01:58:17,66.2,3881.10,43,33.0
2025-12-29,01:58:27,66.4,3936.68,43,33.0
2025-12-29,01:58:37,65.8,4125.24,43,33.0
2025-12-29,01:58:47,65.6,4263.87,43,33.0
2025-12-29,01:58:57,66.4,3911.68,43,33.0
2025-12-29,01:59:07,66.2,3953.28,43,33.0
2025-12-29,01:59:18,66.1,3916.69,43,32.0
2025-12-29,01:59:28,66.0,4067.74,43,33.0
2025-12-29,01:59:38,65.9,3712.03,43,33.0
2025-12-29,01:59:48,66.1,4008.46,43,33.0
2025-12-29,01:59:58,66.6,4233.80,43,33.0
2025-12-29,02:00:08,66.0,4379.11,43,33.0
2025-12-29,02:00:18,66.4,4414.08,43,33.0
2025-12-29,02:00:29,63.6,4540.47,43,33.0
2025-12-29,02:00:39,63.4,4610.31,43,33.0
2025-12-29,02:00:49,70.9,4417.13,43,33.0
2025-12-29,02:00:59,65.4,4577.87,43,33.0
2025-12-29,02:01:09,65.4,4444.41,43,33.0
2025-12-29,02:01:20,66.1,4371.37,43,33.0
2025-12-29,02:01:30,70.5,3931.49,43,33.0
2025-12-29,02:01:40,71.2,4110.53,43,33.0
2025-12-29,02:01:50,71.5,4323.09,43,33.0
2025-12-29,02:02:00,66.2,3683.57,43,33.0
2025-12-29,02:02:10,65.1,4179.21,43,33.0
2025-12-29,02:02:21,65.2,4511.26,43,33.0
2025-12-29,02:02:31,66.6,4366.88,43,33.0
2025-12-29,02:02:41,65.6,4408.52,43,33.0
2025-12-29,02:02:51,64.8,4740.90,43,33.0
2025-12-29,02:03:01,66.1,4203.11,43,33.0
2025-12-29,02:03:11,66.1,4712.08,43,33.0
2025-12-29,02:03:22,65.9,3835.95,43,33.0
2025-12-29,02:03:32,66.1,3831.87,43,33.0
2025-12-29,02:03:42,65.5,4156.92,43,33.0
2025-12-29,02:03:52,66.4,3686.55,43,33.0
2025-12-29,02:04:02,66.0,3938.18,43,33.0
2025-12-29,02:04:12,66.0,4012.96,43,33.0
2025-12-29,02:04:22,65.9,4315.50,43,33.0
2025-12-29,02:04:33,65.1,4125.13,43,33.0
2025-12-29,02:04:43,64.0,3966.79,43,33.0
2025-12-29,02:04:53,60.6,3931.09,43,33.0
2025-12-29,02:05:03,67.1,4306.23,43,33.0
2025-12-29,02:05:13,67.6,3794.56,43,33.0
2025-12-29,02:05:23,67.5,4408.31,43,33.0
2025-12-29,02:05:34,68.2,4206.70,43,33.0
2025-12-29,02:05:44,67.5,4356.74,43,33.0
2025-12-29,02:05:54,67.9,4090.61,43,33.0
2025-12-29,02:06:04,67.4,4025.45,43,33.0
2025-12-29,02:06:14,68.2,4288.31,43,33.0
2025-12-29,02:06:24,67.4,4047.62,43,33.0
2025-12-29,02:06:35,68.2,4396.06,43,33.0
2025-12-29,02:06:45,66.5,3776.03,43,32.0
2025-12-29,02:06:55,67.4,4036.49,43,33.0
2025-12-29,02:07:05,67.4,4593.78,43,33.0
2025-12-29,02:07:15,67.5,4307.46,43,33.0
2025-12-29,02:07:25,68.1,4298.70,43,33.0
2025-12-29,02:07:36,67.2,4120.51,43,33.0
2025-12-29,02:07:46,68.6,4537.67,42,33.0
2025-12-29,02:07:56,66.8,4241.46,42,33.0
2025-12-29,02:08:06,68.1,4225.70,43,33.0
2025-12-29,02:08:16,66.5,4610.25,42,32.0
2025-12-29,02:08:26,67.6,3837.91,42,33.0
2025-12-29,02:08:37,67.9,3788.52,42,33.0
2025-12-29,02:08:47,67.4,3750.21,42,33.0
2025-12-29,02:08:57,63.6,4064.10,42,33.0
2025-12-29,02:09:07,62.0,4121.73,43,33.0
2025-12-29,02:09:17,68.6,4014.37,42,33.0
2025-12-29,02:09:27,66.6,4222.66,43,33.0
2025-12-29,02:09:38,66.9,3878.55,42,33.0
2025-12-29,02:09:48,65.9,3987.64,43,33.0
2025-12-29,02:09:58,65.8,4171.93,43,33.0
2025-12-29,02:10:08,66.2,4588.19,43,33.0
2025-12-29,02:10:18,66.4,3841.40,43,33.0
2025-12-29,02:10:28,66.6,4098.39,43,33.0
2025-12-29,02:10:39,66.1,4066.74,43,33.0
2025-12-29,02:10:49,65.9,4134.96,43,33.0
2025-12-29,02:10:59,66.0,4087.97,43,33.0
2025-12-29,02:11:09,66.0,4225.60,43,33.0
2025-12-29,02:11:19,67.0,4188.57,43,33.0
2025-12-29,02:11:29,66.1,4054.97,43,33.0
2025-12-29,02:11:40,66.0,3912.92,43,33.0
2025-12-29,02:11:50,66.4,4707.07,43,33.0
2025-12-29,02:12:00,66.0,4563.25,43,33.0
2025-12-29,02:12:10,66.0,4714.16,43,33.0
2025-12-29,02:12:20,65.9,4224.63,43,33.0
2025-12-29,02:12:30,66.1,4092.48,43,33.0
2025-12-29,02:12:41,67.0,4428.30,43,33.0
2025-12-29,02:12:51,65.8,4426.86,43,33.0
2025-12-29,02:13:01,64.6,3858.17,43,33.0
2025-12-29,02:13:11,61.5,4146.39,43,33.0
2025-12-29,02:13:21,69.2,3991.80,43,33.0
2025-12-29,02:13:31,66.8,3773.45,43,33.0
2025-12-29,02:13:42,66.2,4431.31,43,33.0
2025-12-29,02:13:52,66.4,3930.27,43,33.0
2025-12-29,02:14:02,65.8,3644.59,43,33.0
2025-12-29,02:14:12,66.0,3786.11,43,33.0
2025-12-29,02:14:22,66.8,3957.66,43,33.0
2025-12-29,02:14:33,65.5,4276.30,43,33.0
2025-12-29,02:14:43,66.5,4412.85,43,33.0
2025-12-29,02:14:53,65.9,4074.27,43,33.0
2025-12-29,02:15:03,66.5,4183.33,43,33.0
2025-12-29,02:15:13,66.2,3939.62,43,33.0
2025-12-29,02:15:23,66.2,4257.71,43,33.0
2025-12-29,02:15:33,66.4,3372.84,43,33.0
2025-12-29,02:15:44,64.8,3628.33,43,33.0
2025-12-29,02:15:54,64.5,3834.55,43,33.0
2025-12-29,02:16:04,65.0,3554.33,43,33.0
2025-12-29,02:16:14,64.5,3650.88,43,33.0
2025-12-29,02:16:24,64.8,3705.10,43,33.0
2025-12-29,02:16:34,64.5,3806.20,43,33.0
2025-12-29,02:16:45,65.4,4272.66,43,33.0
2025-12-29,02:16:55,65.1,3940.08,43,33.0
2025-12-29,02:17:05,64.5,3708.26,43,33.0
2025-12-29,02:17:15,65.2,4042.13,43,33.0
2025-12-29,02:17:25,65.8,3885.46,43,33.0
2025-12-29,02:17:35,64.0,3737.21,43,33.0
2025-12-29,02:17:46,68.1,3984.67,43,33.0
2025-12-29,02:17:56,66.2,3724.31,43,33.0
2025-12-29,02:18:06,66.6,3551.79,43,33.0
2025-12-29,02:18:16,66.0,3674.83,43,33.0
2025-12-29,02:18:26,66.1,3706.34,43,33.0
2025-12-29,02:18:36,65.9,3721.67,43,33.0
2025-12-29,02:18:47,65.1,3841.68,43,33.0
2025-12-29,02:18:57,66.9,4027.46,43,33.0
2025-12-29,02:19:07,65.9,3677.79,43,33.0
2025-12-29,02:19:17,67.0,3777.38,43,33.0
2025-12-29,02:19:27,66.0,3911.07,43,33.0
2025-12-29,02:19:37,66.6,3626.56,43,33.0
2025-12-29,02:19:48,66.9,3682.12,43,33.0
2025-12-29,02:19:58,66.6,4298.46,43,33.0
2025-12-29,02:20:08,66.8,4430.93,43,33.0
2025-12-29,02:20:18,67.0,3658.85,43,33.0
2025-12-29,02:20:28,67.4,3970.71,43,33.0
2025-12-29,02:20:38,67.4,4990.57,43,33.0
2025-12-29,02:20:49,65.8,4182.15,43,33.0
2025-12-29,02:20:59,67.4,4282.43,43,33.0
2025-12-29,02:21:09,66.9,3985.25,43,33.0
2025-12-29,02:21:19,67.6,4141.59,43,33.0
2025-12-29,02:21:29,67.0,4391.38,43,33.0
2025-12-29,02:21:39,68.2,4375.07,43,33.0
2025-12-29,02:21:50,63.9,4187.93,43,33.0
2025-12-29,02:22:00,59.0,4510.90,43,33.0
2025-12-29,02:22:10,62.9,3743.70,43,33.0
2025-12-29,02:22:20,65.6,3883.23,43,33.0
2025-12-29,02:22:30,65.4,4020.91,43,33.0
2025-12-29,02:22:40,66.5,3763.04,43,33.0
2025-12-29,02:22:51,66.4,3904.81,43,33.0
2025-12-29,02:23:01,67.5,3956.43,43,33.0
2025-12-29,02:23:11,66.8,4429.24,43,33.0
2025-12-29,02:23:21,65.6,3973.36,43,33.0
2025-12-29,02:23:31,66.2,3898.50,43,33.0
2025-12-29,02:23:41,66.9,3909.73,43,33.0
2025-12-29,02:23:52,66.4,4007.10,43,33.0
2025-12-29,02:24:02,66.1,4273.42,43,33.0
2025-12-29,02:24:12,67.2,4186.52,43,33.0
2025-12-29,02:24:22,66.8,3903.99,43,33.0
2025-12-29,02:24:32,66.2,3887.87,43,33.0
2025-12-29,02:24:42,66.4,3678.74,43,33.0
2025-12-29,02:24:53,66.9,4339.08,43,33.0
2025-12-29,02:25:03,66.0,4248.62,43,33.0
2025-12-29,02:25:13,66.6,4025.81,43,33.0
2025-12-29,02:25:23,66.8,3739.58,43,33.0
2025-12-29,02:25:33,66.8,4273.13,43,33.0
2025-12-29,02:25:43,66.8,4208.82,43,33.0
2025-12-29,02:25:54,62.4,3976.45,43,33.0
2025-12-29,02:26:04,69.0,3889.53,43,33.0
2025-12-29,02:26:14,62.9,4218.35,43,33.0
2025-12-29,02:26:24,65.6,3853.86,43,33.0
2025-12-29,02:26:34,66.0,4288.04,43,33.0
2025-12-29,02:26:44,66.8,4208.21,43,33.0
2025-12-29,02:26:55,66.2,3981.72,43,33.0
2025-12-29,02:27:05,65.8,3736.22,43,33.0
2025-12-29,02:27:15,66.2,4142.02,43,33.0
2025-12-29,02:27:25,67.2,4048.93,43,33.0
2025-12-29,02:27:35,66.6,4205.66,43,33.0
2025-12-29,02:27:46,66.0,4093.33,43,33.0
2025-12-29,02:27:56,66.0,4717.24,43,33.0
2025-12-29,02:28:06,66.4,3804.81,43,33.0
2025-12-29,02:28:16,66.8,3812.63,43,33.0
2025-12-29,02:28:26,65.8,3964.14,43,33.0
2025-12-29,02:28:36,66.2,4189.41,43,33.0
2025-12-29,02:28:46,67.0,4273.58,43,33.0
2025-12-29,02:28:57,66.5,4128.55,43,33.0
2025-12-29,02:29:07,67.0,3716.48,43,33.0
2025-12-29,02:29:17,66.9,3918.51,43,33.0
2025-12-29,02:29:27,66.0,4165.88,43,33.0
2025-12-29,02:29:37,66.1,4191.58,43,33.0
2025-12-29,02:29:47,64.2,4236.63,43,33.0
2025-12-29,02:29:58,63.5,4208.07,43,33.0
2025-12-29,02:30:08,70.2,3991.34,43,33.0
2025-12-29,02:30:18,67.2,4223.29,43,33.0
2025-12-29,02:30:28,67.5,4054.56,43,33.0
2025-12-29,02:30:38,68.1,3963.67,43,33.0
2025-12-29,02:30:49,68.0,3696.03,43,33.0
2025-12-29,02:30:59,68.1,3837.77,43,33.0
2025-12-29,02:31:09,68.8,3719.24,43,33.0
2025-12-29,02:31:19,67.8,4047.70,43,33.0
2025-12-29,02:31:29,67.9,4086.03,43,33.0
2025-12-29,02:31:39,68.4,3773.24,43,33.0
2025-12-29,02:31:50,66.9,4206.37,43,33.0
2025-12-29,02:32:00,67.4,4064.69,43,33.0
2025-12-29,02:32:10,67.5,4038.29,43,33.0
2025-12-29,02:32:20,68.4,4066.99,43,33.0
2025-12-29,02:32:30,67.9,3807.26,43,33.0
2025-12-29,02:32:40,67.6,3763.70,43,33.0
2025-12-29,02:32:51,67.6,3907.68,43,33.0
2025-12-29,02:33:01,68.2,4229.39,43,33.0
2025-12-29,02:33:11,68.8,4322.06,43,33.0
2025-12-29,02:33:21,67.2,3926.90,43,33.0
2025-12-29,02:33:31,68.2,4029.84,43,33.0
2025-12-29,02:33:41,68.5,3750.15,43,33.0
2025-12-29,02:33:52,67.6,4146.92,42,33.0
2025-12-29,02:34:02,63.1,3699.11,43,33.0
2025-12-29,02:34:12,63.6,4121.32,43,33.0
2025-12-29,02:34:22,68.1,4022.45,43,33.0
2025-12-29,02:34:32,66.5,4273.30,43,33.0
2025-12-29,02:34:42,66.8,4006.39,43,33.0
2025-12-29,02:34:53,66.1,4011.17,43,33.0
2025-12-29,02:35:03,66.0,4345.85,43,33.0
2025-12-29,02:35:13,66.6,4552.25,43,33.0
2025-12-29,02:35:23,66.1,4864.81,43,33.0
2025-12-29,02:35:33,65.2,3668.44,43,33.0
2025-12-29,02:35:43,66.1,3656.33,43,33.0
2025-12-29,02:35:54,65.8,4063.51,43,33.0
2025-12-29,02:36:04,66.5,4085.00,43,33.0
2025-12-29,02:36:14,66.5,4050.61,43,33.0
2025-12-29,02:36:24,66.0,4292.99,43,33.0
2025-12-29,02:36:34,66.8,4006.38,43,33.0
2025-12-29,02:36:44,66.9,4314.74,43,33.0
2025-12-29,02:36:55,66.8,3950.97,43,33.0
2025-12-29,02:37:05,66.6,4348.30,43,33.0
2025-12-29,02:37:15,66.5,3963.70,43,33.0
2025-12-29,02:37:25,67.0,3882.55,43,33.0
2025-12-29,02:37:35,67.0,3865.74,43,33.0
2025-12-29,02:37:45,66.9,3887.35,43,33.0
2025-12-29,02:37:55,63.4,4413.62,43,33.0
2025-12-29,02:38:06,60.2,3797.39,43,33.0
2025-12-29,02:38:16,66.1,3874.87,43,33.0
2025-12-29,02:38:26,67.0,4419.46,43,33.0
2025-12-29,02:38:36,65.8,4010.25,43,33.0
2025-12-29,02:38:46,65.9,4472.83,43,33.0
2025-12-29,02:38:57,66.5,4039.32,43,33.0
2025-12-29,02:39:07,66.6,4039.41,43,33.0
2025-12-29,02:39:17,66.4,4057.42,43,33.0
2025-12-29,02:39:27,65.9,4174.90,43,33.0
2025-12-29,02:39:37,67.5,3488.78,43,33.0
2025-12-29,02:39:47,65.8,3441.45,43,33.0
2025-12-29,02:39:58,65.2,4248.47,43,33.0
2025-12-29,02:40:08,66.0,3468.12,43,33.0
2025-12-29,02:40:18,65.6,4107.82,43,33.0
2025-12-29,02:40:28,66.4,3719.49,43,33.0
2025-12-29,02:40:38,65.8,4248.01,43,33.0
2025-12-29,02:40:48,66.1,4121.77,43,33.0
2025-12-29,02:40:59,66.1,3637.58,43,33.0
2025-12-29,02:41:09,65.2,3997.81,43,33.0
2025-12-29,02:41:19,65.4,3798.94,43,33.0
2025-12-29,02:41:29,65.9,3664.38,43,33.0
2025-12-29,02:41:39,65.8,4069.99,43,33.0
2025-12-29,02:41:49,64.1,3761.77,43,33.0
2025-12-29,02:42:00,61.9,3486.97,43,33.0
2025-12-29,02:42:10,61.1,3861.97,43,33.0
2025-12-29,02:42:20,66.5,3901.00,43,33.0
2025-12-29,02:42:30,66.5,3610.01,43,33.0
2025-12-29,02:42:40,66.8,3792.97,43,33.0
2025-12-29,02:42:50,66.6,3693.70,43,33.0
2025-12-29,02:43:01,67.0,3617.87,43,33.0
2025-12-29,02:43:11,66.8,3657.32,43,33.0
2025-12-29,02:43:21,67.6,3713.64,43,33.0
2025-12-29,02:43:31,67.4,3749.52,43,33.0
2025-12-29,02:43:41,68.1,3845.51,43,33.0
2025-12-29,02:43:51,66.0,4044.72,43,33.0
2025-12-29,02:44:02,66.1,3771.84,43,33.0
2025-12-29,02:44:12,67.0,3523.55,43,33.0
2025-12-29,02:44:22,67.2,4234.89,43,33.0
2025-12-29,02:44:32,67.2,4019.00,43,33.0
2025-12-29,02:44:42,67.4,4743.55,43,33.0
2025-12-29,02:44:52,67.2,3503.96,43,33.0
2025-12-29,02:45:03,67.4,3789.41,43,33.0
2025-12-29,02:45:13,65.5,4194.71,43,33.0
2025-12-29,02:45:23,66.4,3823.02,43,33.0
2025-12-29,02:45:33,66.6,4174.07,43,33.0
2025-12-29,02:45:43,67.0,3864.29,43,33.0
2025-12-29,02:45:53,61.9,3961.11,43,33.0
2025-12-29,02:46:03,60.6,4112.57,43,33.0
2025-12-29,02:46:14,67.0,3550.34,43,33.0
2025-12-29,02:46:24,65.6,3750.89,43,33.0
2025-12-29,02:46:34,65.6,4334.79,43,33.0
2025-12-29,02:46:44,65.6,3656.20,43,33.0
2025-12-29,02:46:54,65.2,3869.02,43,33.0
2025-12-29,02:47:04,65.5,4043.73,43,33.0
2025-12-29,02:47:15,66.2,3977.09,43,33.0
2025-12-29,02:47:25,64.8,3764.33,43,33.0
2025-12-29,02:47:35,64.9,4235.86,43,33.0
2025-12-29,02:47:45,65.4,4174.43,43,33.0
2025-12-29,02:47:55,65.5,3827.47,43,33.0
2025-12-29,02:48:05,65.5,4006.00,43,33.0
2025-12-29,02:48:16,65.5,3558.63,43,33.0
2025-12-29,02:48:26,65.8,4165.52,43,33.0
2025-12-29,02:48:36,65.0,3959.23,43,33.0
2025-12-29,02:48:46,65.4,4091.79,43,33.0
2025-12-29,02:48:56,64.9,3782.79,43,33.0
2025-12-29,02:49:06,64.8,4184.19,43,33.0
2025-12-29,02:49:17,64.9,3580.00,43,33.0
2025-12-29,02:49:27,65.4,3665.19,43,33.0
2025-12-29,02:49:37,64.4,3862.66,43,33.0
2025-12-29,02:49:47,60.2,4469.72,43,33.0
2025-12-29,02:49:57,68.1,3599.97,43,33.0
2025-12-29,02:50:08,64.1,3976.78,43,33.0
2025-12-29,02:50:18,65.5,4063.24,43,33.0
2025-12-29,02:50:28,65.2,3703.70,43,33.0
2025-12-29,02:50:38,65.4,3975.27,43,33.0
2025-12-29,02:50:48,65.1,3988.96,43,33.0
2025-12-29,02:50:58,65.6,3560.14,43,33.0
2025-12-29,02:51:09,64.8,4307.94,43,33.0
2025-12-29,02:51:19,65.0,3418.50,43,33.0
2025-12-29,02:51:29,65.4,3895.85,43,33.0
2025-12-29,02:51:39,65.8,3672.37,43,33.0
2025-12-29,02:51:49,65.0,4354.00,43,33.0
2025-12-29,02:51:59,64.6,3622.21,43,33.0
2025-12-29,02:52:10,65.5,3758.15,43,33.0
2025-12-29,02:52:20,65.4,4048.10,43,33.0
2025-12-29,02:52:30,65.0,4305.72,43,33.0
2025-12-29,02:52:40,65.8,3673.08,43,33.0
2025-12-29,02:52:50,65.0,3750.55,43,33.0
2025-12-29,02:53:00,65.2,3705.19,43,33.0
2025-12-29,02:53:11,65.1,3684.77,43,33.0
2025-12-29,02:53:21,65.5,3334.15,43,33.0
2025-12-29,02:53:31,65.8,3466.80,43,33.0
2025-12-29,02:53:41,63.2,3932.22,43,33.0
2025-12-29,02:53:51,62.6,3965.67,43,33.0
2025-12-29,02:54:01,66.4,3668.42,43,33.0
2025-12-29,02:54:12,67.0,4302.46,43,33.0
2025-12-29,02:54:22,67.0,3704.77,43,33.0
2025-12-29,02:54:32,66.1,3466.97,43,33.0
2025-12-29,02:54:42,67.0,3776.14,43,33.0
2025-12-29,02:54:52,66.5,3635.31,43,33.0
2025-12-29,02:55:02,66.2,4179.06,43,33.0
2025-12-29,02:55:13,66.4,3805.65,43,33.0
2025-12-29,02:55:23,66.8,4311.14,43,33.0
2025-12-29,02:55:33,67.0,4398.74,43,33.0
2025-12-29,02:55:43,66.8,3960.41,43,33.0
2025-12-29,02:55:53,67.0,3619.12,43,33.0
2025-12-29,02:56:03,67.1,4294.04,43,33.0
2025-12-29,02:56:14,67.2,4084.79,43,33.0
2025-12-29,02:56:24,67.0,3421.08,43,33.0
2025-12-29,02:56:34,67.5,3771.83,43,33.0
2025-12-29,02:56:44,66.9,3862.67,43,33.0
2025-12-29,02:56:54,67.6,3635.98,43,33.0
2025-12-29,02:57:04,68.4,3956.51,43,33.0
2025-12-29,02:57:15,67.1,4336.69,43,33.0
2025-12-29,02:57:25,66.2,3931.20,43,33.0
2025-12-29,02:57:35,62.0,3737.92,43,33.0
2025-12-29,02:57:45,60.0,3842.47,43,33.0
2025-12-29,02:57:55,70.2,3766.00,43,33.0
2025-12-29,02:58:05,64.8,3861.71,43,33.0
2025-12-29,02:58:16,65.6,3996.74,43,33.0
2025-12-29,02:58:26,65.4,3881.70,43,33.0
2025-12-29,02:58:36,66.1,3930.16,43,33.0
2025-12-29,02:58:46,65.8,3531.53,43,33.0
2025-12-29,02:58:56,65.5,4139.57,43,33.0
2025-12-29,02:59:06,65.4,4180.89,43,33.0
2025-12-29,02:59:17,66.2,3672.12,43,33.0
2025-12-29,02:59:27,66.0,3856.15,43,33.0
2025-12-29,02:59:37,65.2,3638.36,43,33.0
2025-12-29,02:59:47,66.1,3848.13,43,33.0
2025-12-29,02:59:57,65.5,3917.79,43,33.0
2025-12-29,03:00:07,65.1,3846.67,43,33.0
2025-12-29,03:00:18,65.2,4201.88,43,33.0
2025-12-29,03:00:28,65.6,3911.70,43,33.0
2025-12-29,03:00:38,65.1,3914.49,43,33.0
2025-12-29,03:00:48,65.5,3769.16,43,33.0
2025-12-29,03:00:58,65.0,3891.13,43,33.0
2025-12-29,03:01:08,65.0,3568.37,43,33.0
2025-12-29,03:01:19,64.0,3726.52,43,33.0
2025-12-29,03:01:29,62.1,3683.66,43,33.0
2025-12-29,03:01:39,57.9,3503.90,43,33.0
2025-12-29,03:01:49,65.5,3866.92,43,33.0
2025-12-29,03:01:59,64.2,3609.54,43,33.0
2025-12-29,03:02:09,64.8,3563.41,43,33.0
2025-12-29,03:02:20,64.5,4113.45,43,33.0
2025-12-29,03:02:30,64.6,3762.66,43,33.0
2025-12-29,03:02:40,64.8,3837.28,43,33.0
2025-12-29,03:02:50,65.0,3534.43,43,33.0
2025-12-29,03:03:00,65.0,3512.29,43,33.0
2025-12-29,03:03:10,64.6,3874.29,43,33.0
2025-12-29,03:03:21,65.2,4402.54,43,33.0
2025-12-29,03:03:31,64.2,4172.67,43,33.0
2025-12-29,03:03:41,64.8,3815.60,43,33.0
2025-12-29,03:03:51,65.1,3799.15,43,33.0
2025-12-29,03:04:01,64.6,3548.66,43,33.0
2025-12-29,03:04:11,64.5,3769.39,43,33.0
2025-12-29,03:04:22,64.5,3564.18,43,33.0
2025-12-29,03:04:32,65.4,4263.10,43,33.0
2025-12-29,03:04:42,65.1,3421.96,43,33.0
2025-12-29,03:04:52,64.9,4222.90,43,33.0
2025-12-29,03:05:02,65.5,3694.48,43,33.0
2025-12-29,03:05:12,64.0,3471.86,43,33.0
2025-12-29,03:05:23,61.5,3755.25,43,33.0
2025-12-29,03:05:33,62.6,3553.86,43,33.0
2025-12-29,03:05:43,67.2,4242.41,43,33.0
2025-12-29,03:05:53,66.0,4446.24,43,33.0
2025-12-29,03:06:03,65.6,3785.00,43,33.0
2025-12-29,03:06:14,65.6,3686.48,43,33.0
2025-12-29,03:06:24,65.8,3836.04,43,33.0
2025-12-29,03:06:34,65.8,3754.08,43,33.0
2025-12-29,03:06:44,65.8,3708.87,43,33.0
2025-12-29,03:06:54,65.9,3904.19,43,33.0
2025-12-29,03:07:04,65.5,3897.96,43,33.0
2025-12-29,03:07:15,65.2,3740.69,43,33.0
2025-12-29,03:07:25,67.0,3645.25,43,33.0
2025-12-29,03:07:35,66.1,3852.73,43,33.0
2025-12-29,03:07:45,66.8,3744.73,43,33.0
2025-12-29,03:07:55,66.9,4256.16,43,33.0
2025-12-29,03:08:05,66.0,3511.63,43,33.0
2025-12-29,03:08:16,66.4,3714.84,43,33.0
2025-12-29,03:08:26,67.0,3927.39,43,33.0
2025-12-29,03:08:36,65.9,3786.32,43,32.0
2025-12-29,03:08:46,66.5,3658.33,43,33.0
2025-12-29,03:08:56,66.9,3551.43,43,33.0
2025-12-29,03:09:06,64.5,3807.37,43,33.0
2025-12-29,03:09:17,61.2,3702.22,43,33.0
2025-12-29,03:09:27,68.1,3555.49,43,33.0
2025-12-29,03:09:37,62.0,3698.40,43,33.0
2025-12-29,03:09:47,64.6,3601.73,43,33.0
2025-12-29,03:09:57,65.6,3388.78,43,33.0
2025-12-29,03:10:07,64.2,4025.48,43,33.0
2025-12-29,03:10:18,64.9,3903.95,43,33.0
2025-12-29,03:10:28,64.9,3826.60,43,33.0
2025-12-29,03:10:38,64.8,3624.96,43,33.0
2025-12-29,03:10:48,64.1,3660.97,43,33.0
2025-12-29,03:10:58,64.6,3692.92,43,33.0
2025-12-29,03:11:08,65.2,4424.13,43,33.0
2025-12-29,03:11:19,65.5,3986.62,43,33.0
2025-12-29,03:11:29,64.9,3433.81,43,33.0
2025-12-29,03:11:39,65.2,3309.84,43,33.0
2025-12-29,03:11:49,65.0,3841.31,43,33.0
2025-12-29,03:11:59,64.8,3983.81,43,33.0
2025-12-29,03:12:09,65.2,3822.37,43,33.0
2025-12-29,03:12:20,65.5,3736.47,43,33.0
2025-12-29,03:12:30,65.8,3781.29,43,33.0
2025-12-29,03:12:40,64.9,3716.75,43,33.0
2025-12-29,03:12:50,66.0,4238.58,43,33.0
2025-12-29,03:13:00,63.8,3807.47,43,33.0
2025-12-29,03:13:10,63.0,3575.67,43,33.0
2025-12-29,03:13:21,61.0,3403.81,43,33.0
2025-12-29,03:13:31,64.8,3687.70,43,33.0
2025-12-29,03:13:41,64.5,4117.08,43,33.0
2025-12-29,03:13:51,64.6,3996.63,43,33.0
2025-12-29,03:14:01,64.5,4073.01,43,33.0
2025-12-29,03:14:11,64.5,3600.16,43,33.0
2025-12-29,03:14:22,65.0,3949.55,43,33.0
2025-12-29,03:14:32,64.8,4025.28,43,33.0
2025-12-29,03:14:42,65.2,3337.39,43,33.0
2025-12-29,03:14:52,66.0,3721.37,43,33.0
2025-12-29,03:15:02,65.4,3599.34,43,33.0
2025-12-29,03:15:12,65.1,3800.11,43,33.0
2025-12-29,03:15:23,64.2,3625.35,43,33.0
2025-12-29,03:15:33,64.8,4021.27,43,33.0
2025-12-29,03:15:43,65.0,3684.56,43,33.0
2025-12-29,03:15:53,64.4,3705.91,43,33.0
2025-12-29,03:16:03,64.8,3956.81,43,33.0
2025-12-29,03:16:13,64.6,3508.45,43,33.0
2025-12-29,03:16:24,65.1,4125.87,43,33.0
2025-12-29,03:16:34,64.2,4067.79,43,33.0
2025-12-29,03:16:44,64.8,3655.22,43,33.0
2025-12-29,03:16:54,64.4,3520.51,43,33.0
2025-12-29,03:17:04,61.4,4260.76,43,33.0
2025-12-29,03:17:14,69.8,3795.09,43,33.0
2025-12-29,03:17:25,66.5,3548.50,43,33.0
2025-12-29,03:17:35,66.9,3513.56,43,33.0
2025-12-29,03:17:45,66.6,3928.44,43,33.0
2025-12-29,03:17:55,66.5,4054.92,43,33.0
2025-12-29,03:18:05,66.6,4706.44,43,33.0
2025-12-29,03:18:15,66.8,3714.87,43,33.0
2025-12-29,03:18:26,67.2,3655.35,43,33.0
2025-12-29,03:18:36,66.6,3614.60,43,33.0
2025-12-29,03:18:46,67.1,3872.61,43,32.0
2025-12-29,03:18:56,66.9,3762.28,43,33.0
2025-12-29,03:19:06,67.4,3508.35,43,33.0
2025-12-29,03:19:17,66.8,4110.28,43,33.0
2025-12-29,03:19:27,66.6,3759.03,43,33.0
2025-12-29,03:19:37,66.0,3482.22,43,33.0
2025-12-29,03:19:47,67.1,3768.19,43,33.0
2025-12-29,03:19:57,66.6,3904.77,43,33.0
2025-12-29,03:20:07,66.0,3419.76,43,33.0
2025-12-29,03:20:18,66.9,3386.24,43,33.0
2025-12-29,03:20:28,66.0,3503.59,43,33.0
2025-12-29,03:20:38,65.9,4852.64,43,33.0
2025-12-29,03:20:48,63.8,3753.43,43,33.0
2025-12-29,03:20:58,60.0,3439.47,43,33.0
2025-12-29,03:21:08,64.8,3577.91,43,33.0
2025-12-29,03:21:19,64.8,4014.35,43,33.0
2025-12-29,03:21:29,65.4,3745.27,43,33.0
2025-12-29,03:21:39,64.6,3855.24,43,33.0
2025-12-29,03:21:49,64.9,3735.41,43,33.0
2025-12-29,03:21:59,65.1,4440.16,43,33.0
2025-12-29,03:22:09,65.2,4025.76,43,33.0
2025-12-29,03:22:20,64.8,3428.31,43,33.0
2025-12-29,03:22:30,64.5,3911.36,43,33.0
2025-12-29,03:22:40,64.6,3635.94,43,33.0
2025-12-29,03:22:50,65.0,3849.31,43,32.0
2025-12-29,03:23:00,66.0,3800.39,43,33.0
2025-12-29,03:23:10,65.2,3672.62,43,33.0
2025-12-29,03:23:21,64.6,3991.37,43,33.0
2025-12-29,03:23:31,64.2,3618.17,43,33.0
2025-12-29,03:23:41,65.0,3491.23,43,33.0
2025-12-29,03:23:51,65.4,3281.06,43,33.0
2025-12-29,03:24:01,65.8,3537.34,43,33.0
2025-12-29,03:24:11,65.0,3847.42,43,33.0
2025-12-29,03:24:22,64.5,4157.21,43,33.0
2025-12-29,03:24:32,64.4,3760.15,43,33.0
2025-12-29,03:24:42,60.2,3805.53,43,33.0
2025-12-29,03:24:52,67.0,3947.69,43,33.0
2025-12-29,03:25:02,64.5,3452.22,43,33.0
2025-12-29,03:25:12,64.8,3531.16,43,33.0
2025-12-29,03:25:23,64.9,3663.11,43,33.0
2025-12-29,03:25:33,64.4,3487.25,43,33.0
2025-12-29,03:25:43,64.6,3747.34,43,33.0
2025-12-29,03:25:53,64.6,3394.55,43,33.0
2025-12-29,03:26:03,64.5,3620.73,43,33.0
2025-12-29,03:26:14,64.4,3760.44,43,33.0
2025-12-29,03:26:24,64.8,3809.93,43,33.0
2025-12-29,03:26:34,64.6,3845.42,43,33.0
2025-12-29,03:26:44,64.8,3989.91,43,33.0
2025-12-29,03:26:54,63.9,3628.11,43,33.0
2025-12-29,03:27:04,64.8,3447.32,43,33.0
2025-12-29,03:27:15,65.2,3567.93,43,33.0
2025-12-29,03:27:25,64.9,3414.42,43,33.0
2025-12-29,03:27:35,64.6,3505.00,43,33.0
2025-12-29,03:27:45,65.5,3429.43,43,33.0
2025-12-29,03:27:55,65.2,3579.84,43,33.0
2025-12-29,03:28:05,64.5,3819.58,43,33.0
2025-12-29,03:28:16,65.6,4038.29,43,33.0
2025-12-29,03:28:26,63.2,3295.17,43,33.0
2025-12-29,03:28:36,62.8,3660.54,43,33.0
2025-12-29,03:28:46,62.9,3533.01,43,33.0
2025-12-29,03:28:56,65.5,4009.56,43,33.0
2025-12-29,03:29:06,66.5,3617.89,43,33.0
2025-12-29,03:29:17,66.6,4823.08,43,33.0
2025-12-29,03:29:27,67.0,4249.25,43,33.0
2025-12-29,03:29:37,67.1,4065.36,43,33.0
2025-12-29,03:29:47,67.8,3615.55,43,33.0
2025-12-29,03:29:57,66.5,3690.72,43,33.0
2025-12-29,03:30:07,66.8,4306.78,43,33.0
2025-12-29,03:30:18,67.4,3652.10,43,33.0
2025-12-29,03:30:28,67.2,3469.52,43,33.0
2025-12-29,03:30:38,66.6,3665.38,43,33.0
2025-12-29,03:30:48,67.1,3298.46,43,33.0
2025-12-29,03:30:58,66.4,3587.42,43,33.0
2025-12-29,03:31:08,65.9,3432.20,43,33.0
2025-12-29,03:31:19,66.4,4157.73,43,33.0
2025-12-29,03:31:29,66.4,3462.78,43,33.0
2025-12-29,03:31:39,66.1,3829.51,43,33.0
2025-12-29,03:31:49,66.5,4001.16,43,33.0
2025-12-29,03:31:59,66.2,3832.01,43,33.0
2025-12-29,03:32:09,66.4,3543.85,43,33.0
2025-12-29,03:32:20,66.6,3625.28,43,33.0
2025-12-29,03:32:30,62.1,3416.11,43,33.0
2025-12-29,03:32:40,57.9,3795.47,43,33.0
2025-12-29,03:32:50,60.5,3655.52,43,33.0
2025-12-29,03:33:00,64.8,3973.98,43,33.0
2025-12-29,03:33:10,65.1,3546.96,43,33.0
2025-12-29,03:33:21,64.6,3649.50,43,33.0
2025-12-29,03:33:31,64.6,3586.47,43,33.0
2025-12-29,03:33:41,65.0,3748.23,43,33.0
2025-12-29,03:33:51,65.2,3938.39,43,33.0
2025-12-29,03:34:01,65.0,3750.93,43,33.0
2025-12-29,03:34:11,64.6,3443.16,43,33.0
2025-12-29,03:34:22,65.4,3559.54,43,33.0
2025-12-29,03:34:32,64.9,3966.30,43,33.0
2025-12-29,03:34:42,65.6,3810.22,43,33.0
2025-12-29,03:34:52,64.8,3832.09,43,33.0
2025-12-29,03:35:02,65.9,3707.53,43,33.0
2025-12-29,03:35:13,64.9,3507.97,43,33.0
2025-12-29,03:35:23,64.5,3578.18,43,33.0
2025-12-29,03:35:33,64.8,3699.93,43,33.0
2025-12-29,03:35:43,64.9,3835.05,43,33.0
2025-12-29,03:35:53,64.8,3508.61,43,33.0
2025-12-29,03:36:03,65.6,3594.36,43,33.0
2025-12-29,03:36:14,62.8,3409.33,43,33.0
2025-12-29,03:36:24,62.5,3615.09,43,33.0
2025-12-29,03:36:34,70.2,3605.93,43,33.0
2025-12-29,03:36:44,64.2,4369.86,43,33.0
2025-12-29,03:36:54,64.5,3485.63,43,33.0
2025-12-29,03:37:04,64.8,3354.73,43,33.0
2025-12-29,03:37:15,63.9,3855.98,43,33.0
2025-12-29,03:37:25,64.6,3690.40,43,33.0
2025-12-29,03:37:35,65.1,3596.45,43,33.0
2025-12-29,03:37:45,64.5,3781.76,43,33.0
2025-12-29,03:37:55,64.8,3662.70,43,33.0
2025-12-29,03:38:05,64.0,3958.04,43,33.0
2025-12-29,03:38:16,64.4,3690.00,43,33.0
2025-12-29,03:38:26,64.1,3467.01,43,33.0
2025-12-29,03:38:36,63.9,3750.60,43,33.0
2025-12-29,03:38:46,64.0,3704.30,43,33.0
2025-12-29,03:38:56,64.4,3456.97,43,33.0
2025-12-29,03:39:06,64.5,3609.81,43,33.0
2025-12-29,03:39:17,64.1,4013.94,43,33.0
2025-12-29,03:39:27,64.1,3821.92,43,33.0
2025-12-29,03:39:37,64.6,3756.26,43,33.0
2025-12-29,03:39:47,64.5,3763.78,43,33.0
2025-12-29,03:39:57,64.6,3624.25,43,33.0
2025-12-29,03:40:07,65.1,3543.52,43,33.0
2025-12-29,03:40:18,62.4,4710.90,43,32.0
2025-12-29,03:40:28,69.9,3952.77,43,33.0
2025-12-29,03:40:38,66.8,3655.19,43,33.0
2025-12-29,03:40:48,67.8,3888.54,43,33.0
2025-12-29,03:40:58,66.6,3944.28,43,33.0
2025-12-29,03:41:08,66.4,3625.00,43,33.0
2025-12-29,03:41:19,66.4,4727.51,43,33.0
2025-12-29,03:41:29,66.1,3512.89,43,33.0
2025-12-29,03:41:39,66.0,3544.67,43,33.0
2025-12-29,03:41:49,67.2,3967.12,43,33.0
2025-12-29,03:41:59,66.2,4357.68,43,33.0
2025-12-29,03:42:09,66.9,3944.92,43,33.0
2025-12-29,03:42:20,67.0,3730.16,43,33.0
2025-12-29,03:42:30,67.4,4304.68,43,33.0
2025-12-29,03:42:40,66.8,3737.15,43,33.0
2025-12-29,03:42:50,67.1,4003.84,43,33.0
2025-12-29,03:43:00,67.9,3752.69,43,33.0
2025-12-29,03:43:10,68.1,3875.39,43,33.0
2025-12-29,03:43:21,67.0,4004.42,43,33.0
2025-12-29,03:43:31,66.6,4044.61,43,33.0
2025-12-29,03:43:41,66.8,3832.13,43,33.0
2025-12-29,03:43:51,66.2,4284.94,43,33.0
2025-12-29,03:44:01,63.6,3770.74,43,33.0
2025-12-29,03:44:11,60.4,3772.24,43,33.0
2025-12-29,03:44:22,70.2,3899.50,43,33.0
2025-12-29,03:44:32,65.1,4203.68,43,33.0
2025-12-29,03:44:42,65.9,3682.80,43,33.0
2025-12-29,03:44:52,65.2,4015.72,43,33.0
2025-12-29,03:45:02,65.2,3863.81,43,33.0
2025-12-29,03:45:13,64.6,3610.69,43,33.0
2025-12-29,03:45:23,65.5,4014.65,43,33.0
2025-12-29,03:45:33,65.6,3468.94,43,33.0
2025-12-29,03:45:43,65.9,3623.55,43,33.0
2025-12-29,03:45:53,65.2,4021.64,43,33.0
2025-12-29,03:46:03,65.8,4062.68,43,33.0
2025-12-29,03:46:14,64.9,3715.55,43,33.0
2025-12-29,03:46:24,66.2,3648.59,43,33.0
2025-12-29,03:46:34,65.2,3787.71,43,33.0
2025-12-29,03:46:44,65.4,4033.57,43,33.0
2025-12-29,03:46:54,65.8,3798.29,43,33.0
2025-12-29,03:47:04,66.0,3892.34,43,33.0
2025-12-29,03:47:14,65.8,3529.15,43,33.0
2025-12-29,03:47:25,66.0,3888.16,43,33.0
2025-12-29,03:47:35,65.4,3680.25,43,33.0
2025-12-29,03:47:45,65.2,3934.16,43,33.0
2025-12-29,03:47:55,63.6,4123.66,43,33.0
2025-12-29,03:48:05,59.8,3823.50,43,33.0
2025-12-29,03:48:15,66.0,3669.70,43,33.0
2025-12-29,03:48:26,65.0,3748.88,43,33.0
2025-12-29,03:48:36,65.6,3765.94,43,33.0
2025-12-29,03:48:46,66.1,4307.53,43,33.0
2025-12-29,03:48:56,65.2,3764.10,43,33.0
2025-12-29,03:49:06,65.2,3975.42,43,33.0
2025-12-29,03:49:16,65.2,3761.40,43,33.0
2025-12-29,03:49:27,65.9,3515.77,43,33.0
2025-12-29,03:49:37,65.1,3718.70,43,33.0
2025-12-29,03:49:47,65.0,4450.13,43,33.0
2025-12-29,03:49:57,65.0,3883.67,43,33.0
2025-12-29,03:50:07,64.6,3883.29,43,33.0
2025-12-29,03:50:18,65.2,3592.37,43,33.0
2025-12-29,03:50:28,64.6,3732.13,43,33.0
2025-12-29,03:50:38,64.9,3700.83,43,33.0
2025-12-29,03:50:48,64.6,4280.44,43,33.0
2025-12-29,03:50:58,65.2,3826.46,43,33.0
2025-12-29,03:51:08,65.6,4241.59,43,33.0
2025-12-29,03:51:19,66.0,4309.47,43,33.0
2025-12-29,03:51:29,65.6,4003.29,43,33.0
2025-12-29,03:51:39,66.0,3856.61,43,33.0
2025-12-29,03:51:49,63.9,3588.28,43,33.0
2025-12-29,03:51:59,60.9,4049.95,43,33.0
2025-12-29,03:52:09,68.9,3846.73,43,33.0
2025-12-29,03:52:20,67.4,3801.51,43,33.0
2025-12-29,03:52:30,67.9,3902.76,43,33.0
2025-12-29,03:52:40,67.6,3814.49,43,33.0
2025-12-29,03:52:50,67.2,3536.67,43,33.0
2025-12-29,03:53:00,67.6,3893.12,43,33.0
2025-12-29,03:53:10,67.4,4016.45,43,33.0
2025-12-29,03:53:21,67.2,4086.29,43,33.0
2025-12-29,03:53:31,67.5,3584.74,43,33.0
2025-12-29,03:53:41,67.1,4019.70,43,33.0
2025-12-29,03:53:51,66.6,4124.18,43,33.0
2025-12-29,03:54:01,67.0,3893.20,43,33.0
2025-12-29,03:54:11,66.4,3744.76,43,33.0
2025-12-29,03:54:22,66.6,3939.70,43,33.0
2025-12-29,03:54:32,66.5,3779.47,43,33.0
2025-12-29,03:54:42,67.4,3672.57,43,33.0
2025-12-29,03:54:52,67.1,4256.28,43,33.0
2025-12-29,03:55:02,66.8,3478.13,43,33.0
2025-12-29,03:55:12,67.1,3954.99,43,33.0
2025-12-29,03:55:23,67.0,4125.90,43,33.0
2025-12-29,03:55:33,66.6,3912.19,43,33.0
2025-12-29,03:55:43,64.6,3693.14,43,33.0
2025-12-29,03:55:53,60.4,3900.84,43,33.0
2025-12-29,03:56:03,57.8,3652.88,43,33.0
2025-12-29,03:56:13,65.0,3860.79,43,33.0
2025-12-29,03:56:24,64.9,3977.53,43,33.0
2025-12-29,03:56:34,65.9,3722.80,43,33.0
2025-12-29,03:56:44,65.6,4408.31,43,33.0
2025-12-29,03:56:54,65.4,3843.48,43,33.0
2025-12-29,03:57:04,65.5,3399.45,43,33.0
2025-12-29,03:57:14,64.5,3859.01,43,33.0
2025-12-29,03:57:25,65.8,3566.94,43,33.0
2025-12-29,03:57:35,65.2,3868.90,43,33.0
2025-12-29,03:57:45,65.1,4230.05,43,33.0
2025-12-29,03:57:55,65.6,3743.98,43,33.0
2025-12-29,03:58:05,65.4,3986.50,43,33.0
2025-12-29,03:58:15,65.8,3680.24,43,33.0
2025-12-29,03:58:26,65.2,3707.30,43,33.0
2025-12-29,03:58:36,65.5,3646.86,43,33.0
2025-12-29,03:58:46,65.8,3861.02,43,33.0
2025-12-29,03:58:56,65.5,3710.90,43,33.0
2025-12-29,03:59:06,65.6,4211.91,43,33.0
2025-12-29,03:59:16,65.4,4066.40,43,33.0
2025-12-29,03:59:27,65.8,4200.94,43,33.0
2025-12-29,03:59:37,63.8,3777.09,43,33.0
2025-12-29,03:59:47,64.0,3488.07,43,33.0
2025-12-29,03:59:57,67.1,3913.38,43,33.0
2025-12-29,04:00:07,65.6,4146.56,43,33.0
2025-12-29,04:00:17,65.0,4190.24,43,33.0
2025-12-29,04:00:28,65.4,3589.29,43,33.0
2025-12-29,04:00:38,65.8,3770.14,43,33.0
2025-12-29,04:00:48,64.6,4063.21,43,33.0
2025-12-29,04:00:58,65.0,3981.56,43,33.0
2025-12-29,04:01:08,65.0,3580.02,43,33.0
2025-12-29,04:01:18,65.6,3901.52,43,33.0
2025-12-29,04:01:29,66.0,4139.40,43,33.0
2025-12-29,04:01:39,65.6,3785.83,43,33.0
2025-12-29,04:01:49,65.4,3940.44,43,33.0
2025-12-29,04:01:59,65.9,4102.78,43,33.0
2025-12-29,04:02:09,65.4,3571.94,43,33.0
2025-12-29,04:02:19,65.1,3692.94,43,33.0
2025-12-29,04:02:30,65.0,3864.17,43,33.0
2025-12-29,04:02:40,65.2,3926.08,43,33.0
2025-12-29,04:02:50,65.2,4171.10,43,33.0
2025-12-29,04:03:00,65.8,3968.88,43,33.0
2025-12-29,04:03:10,65.0,3873.86,43,33.0
2025-12-29,04:03:20,66.0,3790.74,43,33.0
2025-12-29,04:03:31,64.1,3814.63,43,33.0
2025-12-29,04:03:41,61.8,3685.21,43,33.0
2025-12-29,04:03:51,70.1,3730.34,43,33.0
2025-12-29,04:04:01,67.5,3802.07,43,33.0
2025-12-29,04:04:11,67.1,3633.68,43,33.0
2025-12-29,04:04:21,67.1,3673.14,43,33.0
2025-12-29,04:04:32,66.9,3654.85,43,33.0
2025-12-29,04:04:42,68.0,4195.03,43,33.0
2025-12-29,04:04:52,67.0,4299.51,43,33.0
2025-12-29,04:05:02,66.9,3753.42,43,33.0
2025-12-29,04:05:12,67.5,3585.65,43,33.0
2025-12-29,04:05:22,67.4,3635.74,43,33.0
2025-12-29,04:05:33,67.4,3743.02,43,33.0
2025-12-29,04:05:43,67.6,3748.63,43,32.0
2025-12-29,04:05:53,67.9,3486.31,43,33.0
2025-12-29,04:06:03,68.1,4069.44,43,33.0
2025-12-29,04:06:13,67.8,3746.07,43,33.0
2025-12-29,04:06:23,67.2,3876.16,43,33.0
2025-12-29,04:06:34,67.5,3785.82,43,33.0
2025-12-29,04:06:44,68.0,3715.24,43,33.0
2025-12-29,04:06:54,66.9,3732.61,43,33.0
2025-12-29,04:07:04,66.6,3765.90,43,33.0
2025-12-29,04:07:14,67.0,3824.01,43,33.0
2025-12-29,04:07:24,62.4,3867.44,43,33.0
2025-12-29,04:07:35,58.0,3476.46,43,33.0
2025-12-29,04:07:45,69.8,3637.94,43,33.0
2025-12-29,04:07:55,65.8,3773.18,43,33.0
2025-12-29,04:08:05,65.2,4277.38,43,33.0
2025-12-29,04:08:15,65.1,3789.65,43,33.0
2025-12-29,04:08:25,65.1,3624.91,43,33.0
2025-12-29,04:08:36,66.1,4215.45,43,33.0
2025-12-29,04:08:46,64.8,3989.35,43,33.0
2025-12-29,04:08:56,65.5,3377.57,43,33.0
2025-12-29,04:09:06,65.9,4094.90,43,33.0
2025-12-29,04:09:16,65.6,3787.94,43,33.0
2025-12-29,04:09:26,65.5,4105.50,43,33.0
2025-12-29,04:09:37,65.4,3796.60,43,33.0
2025-12-29,04:09:47,65.1,3936.28,43,33.0
2025-12-29,04:09:57,66.0,3814.23,43,33.0
2025-12-29,04:10:07,65.6,3628.78,43,33.0
2025-12-29,04:10:17,65.4,3765.46,43,33.0
2025-12-29,04:10:27,65.1,4201.10,43,33.0
2025-12-29,04:10:38,66.2,3744.62,43,33.0
2025-12-29,04:10:48,64.8,3956.23,43,33.0
2025-12-29,04:10:58,65.2,4146.04,43,33.0
2025-12-29,04:11:08,65.9,3887.05,43,33.0
2025-12-29,04:11:18,62.5,3762.29,43,33.0
2025-12-29,04:11:28,63.9,4004.42,43,33.0
2025-12-29,04:11:39,66.8,3438.22,43,33.0
2025-12-29,04:11:49,64.9,3889.57,43,33.0
2025-12-29,04:11:59,64.0,3743.66,43,33.0
2025-12-29,04:12:09,64.9,3440.67,43,33.0
2025-12-29,04:12:19,64.9,3509.20,43,33.0
2025-12-29,04:12:29,64.8,4174.12,43,33.0
2025-12-29,04:12:40,65.0,3700.24,43,33.0
2025-12-29,04:12:50,64.9,3663.21,43,33.0
2025-12-29,04:13:00,65.2,4056.01,43,33.0
2025-12-29,04:13:10,65.5,3541.15,43,33.0
2025-12-29,04:13:20,64.8,3588.17,43,33.0
2025-12-29,04:13:30,64.9,3789.65,43,33.0
2025-12-29,04:13:41,64.9,3537.78,43,33.0
2025-12-29,04:13:51,64.6,3979.75,43,33.0
2025-12-29,04:14:01,65.1,4015.21,43,32.0
2025-12-29,04:14:11,65.5,3416.51,43,33.0
2025-12-29,04:14:21,65.8,3714.89,43,33.0
2025-12-29,04:14:31,64.9,3612.44,43,33.0
2025-12-29,04:14:42,64.5,3624.37,43,33.0
2025-12-29,04:14:52,64.8,3440.48,43,33.0
2025-12-29,04:15:02,62.5,3856.57,43,33.0
2025-12-29,04:15:12,62.4,4002.79,43,33.0
2025-12-29,04:15:22,69.2,3724.54,43,33.0
2025-12-29,04:15:32,65.1,3413.93,43,33.0
2025-12-29,04:15:43,71.6,4787.53,43,33.0
2025-12-29,04:15:53,71.9,4790.01,43,33.0
2025-12-29,04:16:03,73.1,4790.62,43,33.0
2025-12-29,04:16:13,74.0,4659.96,43,33.0
2025-12-29,04:16:23,73.6,4454.46,43,32.0
2025-12-29,04:16:34,73.2,4791.76,43,33.0
2025-12-29,04:16:44,73.8,4791.50,42,33.0
2025-12-29,04:16:54,73.1,4791.40,42,33.0
2025-12-29,04:17:04,74.0,4762.14,42,32.0
2025-12-29,04:17:14,73.9,4747.18,42,33.0
2025-12-29,04:17:25,73.2,4767.67,42,33.0
2025-12-29,04:17:35,74.1,4766.00,42,33.0
2025-12-29,04:17:45,74.9,4765.93,42,32.0
2025-12-29,04:17:55,74.9,4791.05,42,32.0
2025-12-29,04:18:05,74.6,4765.58,42,32.0
2025-12-29,04:18:15,75.1,4790.93,42,32.0
2025-12-29,04:18:26,75.1,4735.81,42,32.0
2025-12-29,04:18:36,78.4,3883.66,42,32.0
2025-12-29,04:18:46,75.0,4702.65,42,32.0
2025-12-29,04:18:56,69.5,3544.62,42,32.0
2025-12-29,04:19:06,67.5,3776.42,42,32.0
2025-12-29,04:19:17,66.6,3673.14,42,33.0
2025-12-29,04:19:27,67.4,3710.58,42,32.0
2025-12-29,04:19:37,66.4,3294.09,42,32.0
2025-12-29,04:19:47,64.9,3954.75,42,32.0
2025-12-29,04:19:57,59.1,3415.90,42,32.0
2025-12-29,04:20:07,70.8,3564.45,42,32.0
2025-12-29,04:20:18,65.2,4165.23,42,32.0
2025-12-29,04:20:28,66.2,3788.66,42,32.0
2025-12-29,04:20:38,65.5,4107.15,42,32.0
2025-12-29,04:20:48,65.6,3809.77,42,32.0
2025-12-29,04:20:58,65.4,3868.52,42,32.0
2025-12-29,04:21:08,65.5,3548.56,42,33.0
2025-12-29,04:21:19,64.9,3945.06,42,32.0
2025-12-29,04:21:29,65.2,3292.27,42,32.0
2025-12-29,04:21:39,65.8,3610.75,42,32.0
2025-12-29,04:21:49,65.1,3500.02,42,32.0
2025-12-29,04:21:59,66.1,3473.96,42,32.0
2025-12-29,04:22:09,65.0,3571.68,42,32.0
2025-12-29,04:22:20,65.4,3467.54,42,33.0
2025-12-29,04:22:30,65.2,3395.88,42,33.0
2025-12-29,04:22:40,65.4,3870.11,42,32.0
2025-12-29,04:22:50,65.1,3818.89,42,33.0
2025-12-29,04:23:00,65.6,3981.01,42,33.0
2025-12-29,04:23:10,65.2,3795.97,42,33.0
2025-12-29,04:23:21,65.1,3945.21,42,33.0
2025-12-29,04:23:31,66.1,4133.50,42,33.0
2025-12-29,04:23:41,61.9,4327.11,42,32.0
2025-12-29,04:23:51,63.0,3470.07,42,33.0
2025-12-29,04:24:01,66.9,3573.88,42,33.0
2025-12-29,04:24:11,65.4,3616.40,42,33.0
2025-12-29,04:24:22,65.2,4154.53,42,32.0
2025-12-29,04:24:32,65.0,3588.76,42,33.0
2025-12-29,04:24:42,65.0,3312.59,42,33.0
2025-12-29,04:24:52,64.9,3647.97,42,33.0
2025-12-29,04:25:02,64.8,3660.08,42,33.0
2025-12-29,04:25:12,65.0,3555.07,43,33.0
2025-12-29,04:25:23,64.6,4804.04,42,33.0
2025-12-29,04:25:33,65.1,3851.54,43,33.0
2025-12-29,04:25:43,64.6,4052.44,43,33.0
2025-12-29,04:25:53,65.1,4074.93,43,33.0
2025-12-29,04:26:03,64.2,3601.61,43,33.0
2025-12-29,04:26:13,64.6,3776.01,43,32.0
2025-12-29,04:26:24,64.8,4495.35,43,33.0
2025-12-29,04:26:34,65.0,3864.57,43,33.0
2025-12-29,04:26:44,65.2,4080.60,43,33.0
2025-12-29,04:26:54,64.6,3393.61,43,33.0
2025-12-29,04:27:04,65.5,4225.86,43,33.0
2025-12-29,04:27:14,65.0,3516.10,43,32.0
2025-12-29,04:27:25,65.1,3505.72,43,33.0
2025-12-29,04:27:35,63.0,3952.36,43,33.0
2025-12-29,04:27:45,58.5,3501.05,43,33.0
2025-12-29,04:27:55,66.4,3413.75,43,33.0
2025-12-29,04:28:05,66.0,3912.62,43,33.0
2025-12-29,04:28:15,65.5,3596.50,43,32.0
2025-12-29,04:28:26,65.9,3607.75,43,33.0
2025-12-29,04:28:36,66.4,3787.20,43,32.0
2025-12-29,04:28:46,66.2,3809.37,43,33.0
2025-12-29,04:28:56,66.4,4005.87,43,33.0
2025-12-29,04:29:06,66.0,3802.85,43,33.0
2025-12-29,04:29:16,66.5,3620.82,43,33.0
2025-12-29,04:29:27,66.1,3738.12,43,33.0
2025-12-29,04:29:37,65.6,3779.93,43,33.0
2025-12-29,04:29:47,67.2,3367.10,43,33.0
2025-12-29,04:29:57,66.2,3842.38,43,33.0
2025-12-29,04:30:07,66.2,3555.99,43,33.0
2025-12-29,04:30:17,66.2,3900.46,43,33.0
2025-12-29,04:30:28,66.6,3629.37,43,33.0
2025-12-29,04:30:38,66.1,3846.30,43,33.0
2025-12-29,04:30:48,67.0,3705.65,43,33.0
2025-12-29,04:30:58,66.5,3811.56,43,33.0
2025-12-29,04:31:08,66.8,4011.29,43,33.0
2025-12-29,04:31:19,66.4,4122.14,43,33.0
2025-12-29,04:31:29,63.8,4090.42,43,32.0
2025-12-29,04:31:39,62.1,3989.04,43,33.0
2025-12-29,04:31:49,68.6,3647.83,43,33.0
2025-12-29,04:31:59,64.9,3787.08,43,33.0
2025-12-29,04:32:09,65.1,3600.39,43,32.0
2025-12-29,04:32:20,65.1,3469.96,43,33.0
2025-12-29,04:32:30,65.4,3549.25,43,33.0
2025-12-29,04:32:40,64.5,3595.12,43,32.0
2025-12-29,04:32:50,65.5,3851.91,43,32.0
2025-12-29,04:33:00,65.0,3834.28,43,33.0
2025-12-29,04:33:10,64.9,4156.61,43,33.0
2025-12-29,04:33:21,64.2,3602.52,43,33.0
2025-12-29,04:33:31,65.1,3541.19,43,33.0
2025-12-29,04:33:41,65.5,3815.67,43,33.0
2025-12-29,04:33:51,64.9,3483.27,43,33.0
2025-12-29,04:34:01,65.2,3850.93,43,33.0
2025-12-29,04:34:11,65.1,3959.50,43,33.0
2025-12-29,04:34:22,65.4,3452.06,43,33.0
2025-12-29,04:34:32,66.0,3953.67,43,33.0
2025-12-29,04:34:42,65.6,3605.16,43,33.0
2025-12-29,04:34:52,65.9,3725.46,43,32.0
2025-12-29,04:35:02,64.9,3647.24,43,33.0
2025-12-29,04:35:12,63.8,3579.69,43,33.0
2025-12-29,04:35:23,62.6,3557.00,43,33.0
2025-12-29,04:35:33,65.9,3522.91,43,33.0
2025-12-29,04:35:43,65.2,3699.07,43,32.0
2025-12-29,04:35:53,64.5,3893.28,43,33.0
2025-12-29,04:36:03,66.0,3877.82,43,33.0
2025-12-29,04:36:13,64.8,3461.69,43,33.0
2025-12-29,04:36:24,65.1,4346.53,43,33.0
2025-12-29,04:36:34,65.1,3909.91,43,33.0
2025-12-29,04:36:44,65.1,3664.84,43,33.0
2025-12-29,04:36:54,65.2,3568.13,43,33.0
2025-12-29,04:37:04,65.4,3747.75,43,33.0
2025-12-29,04:37:14,65.1,3936.55,43,33.0
2025-12-29,04:37:25,65.5,3592.79,43,33.0
2025-12-29,04:37:35,65.8,3733.76,43,33.0
2025-12-29,04:37:45,64.9,3551.34,43,33.0
2025-12-29,04:37:55,65.6,3544.88,43,33.0
2025-12-29,04:38:05,65.4,3954.91,43,33.0
2025-12-29,04:38:15,64.9,4155.46,43,33.0
2025-12-29,04:38:26,65.0,3245.75,43,33.0
2025-12-29,04:38:36,65.2,4101.29,43,33.0
2025-12-29,04:38:46,64.6,3577.38,43,33.0
2025-12-29,04:38:56,65.4,3503.23,43,33.0
2025-12-29,04:39:06,64.6,4858.10,43,33.0
2025-12-29,04:39:16,59.8,3522.10,43,33.0
2025-12-29,04:39:27,67.0,3554.44,43,33.0
2025-12-29,04:39:37,66.6,3582.17,43,33.0
2025-12-29,04:39:47,66.4,3922.78,43,33.0
2025-12-29,04:39:57,66.8,3568.24,43,33.0
2025-12-29,04:40:07,67.1,3782.69,43,33.0
2025-12-29,04:40:18,66.8,3678.45,43,33.0
2025-12-29,04:40:28,67.2,3470.84,43,33.0
2025-12-29,04:40:38,67.0,3750.41,43,33.0
2025-12-29,04:40:48,66.6,3745.00,43,33.0
2025-12-29,04:40:58,66.6,3737.53,43,33.0
2025-12-29,04:41:08,66.8,3510.47,43,33.0
2025-12-29,04:41:19,67.2,3678.00,43,33.0
2025-12-29,04:41:29,67.2,3391.23,43,33.0
2025-12-29,04:41:39,67.2,4268.19,43,33.0
2025-12-29,04:41:49,67.2,3937.85,43,33.0
2025-12-29,04:41:59,67.5,4523.16,43,33.0
2025-12-29,04:42:09,66.1,4200.54,43,33.0
2025-12-29,04:42:20,66.6,3567.92,43,33.0
2025-12-29,04:42:30,66.6,3862.05,43,33.0
2025-12-29,04:42:40,66.6,3937.06,43,32.0
2025-12-29,04:42:50,66.9,3918.80,43,33.0
2025-12-29,04:43:00,63.2,4038.01,43,33.0
2025-12-29,04:43:10,58.8,3865.14,43,33.0
2025-12-29,04:43:21,61.2,3740.79,43,33.0
2025-12-29,04:43:31,64.6,3716.18,43,33.0
2025-12-29,04:43:41,65.4,3579.81,43,33.0
2025-12-29,04:43:51,65.8,3533.69,43,33.0
2025-12-29,04:44:01,65.5,3744.07,43,33.0
2025-12-29,04:44:11,64.8,3820.24,43,33.0
2025-12-29,04:44:22,65.0,3876.35,43,33.0
2025-12-29,04:44:32,65.5,3803.44,43,33.0
2025-12-29,04:44:42,65.6,3881.09,43,33.0
2025-12-29,04:44:52,65.1,4083.17,43,33.0
2025-12-29,04:45:02,65.0,4064.19,43,33.0
2025-12-29,04:45:12,65.8,4223.47,43,33.0
2025-12-29,04:45:23,65.4,4084.36,43,33.0
2025-12-29,04:45:33,65.5,3861.62,43,33.0
2025-12-29,04:45:43,65.8,4136.36,43,33.0
2025-12-29,04:45:53,65.6,4193.87,43,33.0
2025-12-29,04:46:03,65.5,3635.83,43,33.0
2025-12-29,04:46:13,65.6,3682.14,43,33.0
2025-12-29,04:46:24,65.4,3546.60,43,33.0
2025-12-29,04:46:34,65.5,3565.40,43,33.0
2025-12-29,04:46:44,65.5,3739.00,43,33.0
2025-12-29,04:46:54,61.0,3676.14,43,33.0
2025-12-29,04:47:04,69.6,3687.06,43,33.0
2025-12-29,04:47:14,65.9,3545.72,43,33.0
2025-12-29,04:47:25,65.2,3930.77,43,33.0
2025-12-29,04:47:35,65.8,3847.51,43,33.0
2025-12-29,04:47:45,65.2,3676.15,43,33.0
2025-12-29,04:47:55,65.2,3748.90,43,33.0
2025-12-29,04:48:05,65.4,3585.36,43,33.0
2025-12-29,04:48:15,65.1,3566.85,43,33.0
2025-12-29,04:48:26,64.9,3649.64,43,33.0
2025-12-29,04:48:36,65.4,4258.37,43,33.0
2025-12-29,04:48:46,65.0,3871.63,43,33.0
2025-12-29,04:48:56,65.2,3444.44,43,33.0
2025-12-29,04:49:06,66.0,4139.92,43,33.0
2025-12-29,04:49:16,65.1,3792.00,43,33.0
2025-12-29,04:49:27,65.4,3389.40,43,33.0
2025-12-29,04:49:37,65.8,3666.48,43,33.0
2025-12-29,04:49:47,65.1,3575.42,43,33.0
2025-12-29,04:49:57,65.4,3533.61,43,33.0
2025-12-29,04:50:07,65.1,3501.43,43,33.0
2025-12-29,04:50:17,64.4,3475.59,43,33.0
2025-12-29,04:50:28,65.1,3485.21,43,33.0
2025-12-29,04:50:38,61.8,3637.21,43,33.0
2025-12-29,04:50:48,61.2,3802.37,43,33.0
2025-12-29,04:50:58,68.8,3625.93,43,33.0
2025-12-29,04:51:08,64.8,3620.11,43,33.0
2025-12-29,04:51:18,66.1,3637.56,43,33.0
2025-12-29,04:51:29,66.9,3806.28,43,33.0
2025-12-29,04:51:39,66.2,3794.59,43,33.0
2025-12-29,04:51:49,66.0,3604.27,43,33.0
2025-12-29,04:51:59,67.0,3448.01,43,33.0
2025-12-29,04:52:09,66.2,3807.33,43,33.0
2025-12-29,04:52:20,66.2,3454.39,43,33.0
2025-12-29,04:52:30,67.4,3687.85,43,33.0
2025-12-29,04:52:40,66.8,3986.38,43,33.0
2025-12-29,04:52:50,67.1,3935.10,43,33.0
2025-12-29,04:53:00,67.2,3814.35,43,33.0
2025-12-29,04:53:10,66.5,3540.00,43,33.0
2025-12-29,04:53:20,67.2,3904.32,43,33.0
2025-12-29,04:53:31,66.9,3411.23,43,33.0
2025-12-29,04:53:41,65.5,4024.87,43,33.0
2025-12-29,04:53:51,66.2,3570.32,43,33.0
2025-12-29,04:54:01,66.1,3966.54,43,33.0
2025-12-29,04:54:11,66.5,3815.79,43,33.0
2025-12-29,04:54:21,66.1,3850.24,43,33.0
2025-12-29,04:54:32,66.2,3478.13,43,33.0
2025-12-29,04:54:42,62.0,3665.89,43,33.0
2025-12-29,04:54:52,60.5,3775.67,43,33.0
2025-12-29,04:55:02,66.6,3424.04,43,33.0
2025-12-29,04:55:12,65.4,4801.59,43,33.0
2025-12-29,04:55:22,65.1,4031.82,43,33.0
2025-12-29,04:55:33,65.0,3564.19,43,33.0
2025-12-29,04:55:43,65.0,3653.73,43,33.0
2025-12-29,04:55:53,64.9,3965.50,43,33.0
2025-12-29,04:56:03,64.8,3710.04,43,33.0
2025-12-29,04:56:13,64.9,3377.62,43,33.0
2025-12-29,04:56:24,65.8,3429.58,43,33.0
2025-12-29,04:56:34,65.2,3321.80,43,33.0
2025-12-29,04:56:44,64.1,4046.69,43,33.0
2025-12-29,04:56:54,64.9,3673.75,43,32.0
2025-12-29,04:57:04,64.9,3954.51,43,33.0
2025-12-29,04:57:14,65.5,3874.46,43,33.0
2025-12-29,04:57:24,65.2,3751.03,43,33.0
2025-12-29,04:57:35,65.2,3718.91,43,33.0
2025-12-29,04:57:45,65.6,3585.67,43,33.0
2025-12-29,04:57:55,64.8,3487.59,43,33.0
2025-12-29,04:58:05,64.9,3726.84,43,33.0
2025-12-29,04:58:15,64.5,3851.23,43,33.0
2025-12-29,04:58:25,62.9,3641.15,43,32.0
2025-12-29,04:58:36,59.6,3975.11,43,33.0
2025-12-29,04:58:46,70.2,3381.28,43,33.0
2025-12-29,04:58:56,64.4,3509.69,43,33.0
2025-12-29,04:59:06,65.4,3367.38,43,33.0
2025-12-29,04:59:16,65.0,3426.37,43,32.0
2025-12-29,04:59:27,64.4,3840.15,43,33.0
2025-12-29,04:59:37,64.5,3538.68,43,33.0
2025-12-29,04:59:47,64.4,3611.41,43,32.0
2025-12-29,04:59:57,64.5,4064.32,43,33.0
2025-12-29,05:00:07,64.6,3811.84,43,32.0
2025-12-29,05:00:17,65.4,3570.88,43,33.0
2025-12-29,05:00:28,64.4,3734.55,43,33.0
2025-12-29,05:00:38,64.8,4024.10,43,33.0
2025-12-29,05:00:48,64.6,4208.82,43,33.0
2025-12-29,05:00:58,64.9,3450.48,43,33.0
2025-12-29,05:01:08,65.1,3669.92,43,33.0
2025-12-29,05:01:18,65.1,3533.66,43,33.0
2025-12-29,05:01:29,65.5,3967.85,43,33.0
2025-12-29,05:01:39,64.8,3822.63,43,33.0
2025-12-29,05:01:49,65.2,3532.40,43,33.0
2025-12-29,05:01:59,65.2,3460.32,43,33.0
2025-12-29,05:02:09,64.5,4120.56,43,33.0
2025-12-29,05:02:19,62.9,3817.69,43,33.0
2025-12-29,05:02:30,60.4,3598.73,43,33.0
2025-12-29,05:02:40,66.2,4088.46,43,33.0
2025-12-29,05:02:50,64.6,3621.63,43,33.0
2025-12-29,05:03:00,66.2,3708.19,43,33.0
2025-12-29,05:03:10,67.6,3475.63,43,33.0
2025-12-29,05:03:21,66.6,3605.81,43,33.0
2025-12-29,05:03:31,66.0,3789.18,43,33.0
2025-12-29,05:03:41,65.8,3694.85,43,32.0
2025-12-29,05:03:51,66.4,3686.69,43,33.0
2025-12-29,05:04:01,66.9,3710.14,43,33.0
2025-12-29,05:04:11,66.2,4539.52,43,33.0
2025-12-29,05:04:21,66.2,3814.72,43,33.0
2025-12-29,05:04:32,66.2,3846.40,43,33.0
2025-12-29,05:04:42,66.9,4128.58,43,33.0
2025-12-29,05:04:52,66.4,4067.37,43,33.0
2025-12-29,05:05:02,67.6,3714.36,43,33.0
2025-12-29,05:05:12,66.4,4386.13,43,33.0
2025-12-29,05:05:22,66.9,4327.20,43,33.0
2025-12-29,05:05:33,65.6,4130.96,43,33.0
2025-12-29,05:05:43,65.4,4307.76,43,32.0
2025-12-29,05:05:53,65.6,4226.13,43,33.0
2025-12-29,05:06:03,66.5,3999.36,43,33.0
2025-12-29,05:06:13,65.8,3853.65,43,33.0
2025-12-29,05:06:23,63.2,3676.95,43,33.0
2025-12-29,05:06:34,59.2,3900.04,43,33.0
2025-12-29,05:06:44,69.0,4145.98,43,33.0
2025-12-29,05:06:54,64.4,4726.60,43,33.0
2025-12-29,05:07:04,65.0,4467.25,43,33.0
2025-12-29,05:07:14,64.6,3755.90,43,33.0
2025-12-29,05:07:24,65.0,3708.32,43,33.0
2025-12-29,05:07:35,64.9,3756.77,43,33.0
2025-12-29,05:07:45,64.9,3694.95,43,33.0
2025-12-29,05:07:55,64.2,3703.82,43,33.0
2025-12-29,05:08:05,64.8,4245.83,43,33.0
2025-12-29,05:08:15,65.2,3624.86,43,33.0
2025-12-29,05:08:25,64.8,3659.61,43,33.0
2025-12-29,05:08:36,65.2,3673.95,43,33.0
2025-12-29,05:08:46,65.4,3229.96,43,33.0
2025-12-29,05:08:56,64.2,3873.44,43,33.0
2025-12-29,05:09:06,64.5,4002.99,43,33.0
2025-12-29,05:09:16,64.8,3891.77,43,33.0
2025-12-29,05:09:26,64.2,3774.78,43,33.0
2025-12-29,05:09:37,64.1,3643.25,43,33.0
2025-12-29,05:09:47,64.4,3909.10,43,33.0
2025-12-29,05:09:57,64.4,3457.48,43,33.0
2025-12-29,05:10:07,63.9,3837.73,43,33.0
2025-12-29,05:10:17,60.6,3812.09,43,33.0
2025-12-29,05:10:28,68.4,3651.41,43,33.0
2025-12-29,05:10:38,65.0,3783.74,43,33.0
2025-12-29,05:10:48,64.5,3794.48,43,33.0
2025-12-29,05:10:58,64.6,3542.32,43,33.0
2025-12-29,05:11:08,64.8,4041.30,43,33.0
2025-12-29,05:11:18,64.5,3743.64,43,33.0
2025-12-29,05:11:29,64.6,3803.92,43,33.0
2025-12-29,05:11:39,64.4,3512.78,43,33.0
2025-12-29,05:11:49,64.6,3620.87,43,33.0
2025-12-29,05:11:59,64.6,3567.41,43,33.0
2025-12-29,05:12:09,64.9,3573.67,43,33.0
2025-12-29,05:12:19,64.6,3940.44,43,33.0
2025-12-29,05:12:29,65.4,3671.65,43,33.0
2025-12-29,05:12:40,64.2,3479.44,43,33.0
2025-12-29,05:12:50,64.8,4359.57,43,33.0
2025-12-29,05:13:00,64.9,3668.26,43,33.0
2025-12-29,05:13:10,65.9,3617.87,43,33.0
2025-12-29,05:13:20,64.5,3501.02,43,33.0
2025-12-29,05:13:30,64.0,4467.16,43,33.0
2025-12-29,05:13:41,64.4,4091.55,43,33.0
2025-12-29,05:13:51,65.0,3781.53,43,33.0
2025-12-29,05:14:01,62.8,4126.35,43,33.0
2025-12-29,05:14:11,59.9,3835.83,43,33.0
2025-12-29,05:14:21,63.4,3605.94,43,33.0
2025-12-29,05:14:31,66.0,3517.48,43,33.0
2025-12-29,05:14:42,66.5,3411.81,43,33.0
2025-12-29,05:14:52,67.1,3785.46,43,33.0
2025-12-29,05:15:02,66.2,3889.72,43,33.0
2025-12-29,05:15:12,65.9,3932.60,43,33.0
2025-12-29,05:15:22,65.8,4453.28,43,33.0
2025-12-29,05:15:32,66.4,4068.13,43,33.0
2025-12-29,05:15:43,66.4,3953.72,43,33.0
2025-12-29,05:15:53,66.1,4025.37,43,33.0
2025-12-29,05:16:03,66.2,3776.99,43,33.0
2025-12-29,05:16:13,65.6,4104.74,43,33.0
2025-12-29,05:16:23,66.6,3512.58,43,33.0
2025-12-29,05:16:33,66.5,3334.17,43,33.0
2025-12-29,05:16:44,66.0,3980.30,43,32.0
2025-12-29,05:16:54,65.8,3837.77,43,33.0
2025-12-29,05:17:04,65.5,3805.60,43,33.0
2025-12-29,05:17:14,66.0,3458.46,43,33.0
2025-12-29,05:17:24,66.6,3773.83,43,33.0
2025-12-29,05:17:34,66.0,3369.78,43,33.0
2025-12-29,05:17:45,66.2,3648.00,43,33.0
2025-12-29,05:17:55,66.4,4039.47,43,33.0
2025-12-29,05:18:05,59.6,3610.70,43,33.0
2025-12-29,05:18:15,63.5,3871.43,43,33.0
2025-12-29,05:18:25,63.5,3975.55,43,33.0
2025-12-29,05:18:35,64.2,3746.18,43,33.0
2025-12-29,05:18:46,65.6,3413.11,43,32.0
2025-12-29,05:18:56,65.0,3527.36,43,33.0
2025-12-29,05:19:06,64.6,4372.41,43,33.0
2025-12-29,05:19:16,64.8,3674.24,43,33.0
2025-12-29,05:19:26,64.2,3901.38,43,33.0
2025-12-29,05:19:37,64.9,3656.36,43,33.0
2025-12-29,05:19:47,64.6,3313.74,43,33.0
2025-12-29,05:19:57,65.0,3764.62,43,33.0
2025-12-29,05:20:07,65.0,3700.35,43,33.0
2025-12-29,05:20:17,65.4,3734.82,43,33.0
2025-12-29,05:20:27,65.0,3996.89,43,32.0
2025-12-29,05:20:37,64.6,4169.35,43,33.0
2025-12-29,05:20:48,65.5,3762.32,43,33.0
2025-12-29,05:20:58,65.4,3738.08,43,33.0
2025-12-29,05:21:08,65.2,3659.75,43,33.0
2025-12-29,05:21:18,65.4,3769.93,43,33.0
2025-12-29,05:21:28,64.9,3874.62,43,33.0
2025-12-29,05:21:38,65.8,3944.32,43,33.0
2025-12-29,05:21:49,63.9,3492.14,43,33.0
2025-12-29,05:21:59,62.4,3973.83,43,33.0
2025-12-29,05:22:09,66.2,3967.54,43,33.0
2025-12-29,05:22:19,64.2,3657.83,43,33.0
2025-12-29,05:22:29,64.2,3817.41,43,33.0
2025-12-29,05:22:39,64.9,3836.08,43,33.0
2025-12-29,05:22:50,64.8,4246.83,43,33.0
2025-12-29,05:23:00,64.9,3933.09,43,33.0
2025-12-29,05:23:10,65.8,3695.09,43,33.0
2025-12-29,05:23:20,64.8,3934.96,43,33.0
2025-12-29,05:23:30,64.9,3654.83,43,33.0
2025-12-29,05:23:40,64.2,3711.98,43,33.0
2025-12-29,05:23:51,64.9,3874.48,43,33.0
2025-12-29,05:24:01,64.6,3888.08,43,33.0
2025-12-29,05:24:11,64.6,4146.11,43,32.0
2025-12-29,05:24:21,64.5,3842.20,43,33.0
2025-12-29,05:24:31,64.6,3682.45,43,33.0
2025-12-29,05:24:41,64.6,3544.54,43,33.0
2025-12-29,05:24:52,64.9,3968.37,43,33.0
2025-12-29,05:25:02,64.6,3512.16,43,33.0
2025-12-29,05:25:12,64.6,3653.77,43,33.0
2025-12-29,05:25:22,63.9,3521.52,43,33.0
2025-12-29,05:25:32,64.4,3692.29,43,33.0
2025-12-29,05:25:42,63.1,3458.08,43,33.0
2025-12-29,05:25:53,61.6,3653.91,43,33.0
2025-12-29,05:26:03,68.5,3422.12,43,33.0
2025-12-29,05:26:13,66.5,4114.02,43,33.0
2025-12-29,05:26:23,66.2,3616.36,43,33.0
2025-12-29,05:26:33,66.2,3444.95,43,33.0
2025-12-29,05:26:43,67.2,3884.74,43,33.0
2025-12-29,05:26:54,66.6,4093.11,43,33.0
2025-12-29,05:27:04,67.1,4000.04,43,33.0
2025-12-29,05:27:14,66.9,3771.85,43,33.0
2025-12-29,05:27:24,67.1,3499.90,43,33.0
2025-12-29,05:27:34,66.5,3974.94,43,33.0
2025-12-29,05:27:44,66.6,3802.06,43,33.0
2025-12-29,05:27:55,66.2,4027.07,43,33.0
2025-12-29,05:28:05,67.1,3648.78,43,33.0
2025-12-29,05:28:15,66.6,3905.03,43,33.0
2025-12-29,05:28:25,66.0,3496.25,43,33.0
2025-12-29,05:28:35,66.2,4000.21,43,33.0
2025-12-29,05:28:45,65.9,3829.90,43,33.0
2025-12-29,05:28:56,66.4,3612.47,43,33.0
2025-12-29,05:29:06,65.6,3857.36,43,33.0
2025-12-29,05:29:16,65.9,4003.57,43,33.0
2025-12-29,05:29:26,65.5,3982.23,43,33.0
2025-12-29,05:29:36,63.4,3513.91,43,33.0
2025-12-29,05:29:46,58.8,3625.83,43,33.0
2025-12-29,05:29:57,69.2,3411.94,43,33.0
2025-12-29,05:30:07,64.9,4100.90,43,33.0
2025-12-29,05:30:17,64.5,4068.78,43,33.0
2025-12-29,05:30:27,64.5,3962.99,43,33.0
2025-12-29,05:30:37,65.9,3760.59,43,33.0
2025-12-29,05:30:47,65.1,3916.48,43,33.0
2025-12-29,05:30:58,64.5,3749.02,43,33.0
2025-12-29,05:31:08,65.6,4027.69,43,33.0
2025-12-29,05:31:18,65.1,3573.52,43,33.0
2025-12-29,05:31:28,64.5,3430.10,43,33.0
2025-12-29,05:31:38,64.8,3562.26,43,33.0
2025-12-29,05:31:48,64.2,4064.89,43,33.0
2025-12-29,05:31:59,64.0,3726.21,43,33.0
2025-12-29,05:32:09,64.5,3596.01,43,33.0
2025-12-29,05:32:19,65.2,4429.84,43,33.0
2025-12-29,05:32:29,65.1,3681.42,43,33.0
2025-12-29,05:32:39,64.8,3866.88,43,33.0
2025-12-29,05:32:49,64.9,3878.70,43,33.0
2025-12-29,05:33:00,64.5,3633.01,43,33.0
2025-12-29,05:33:10,64.5,3600.89,43,33.0
2025-12-29,05:33:20,65.1,4292.38,43,33.0
2025-12-29,05:33:30,63.0,3516.48,43,33.0
2025-12-29,05:33:40,60.2,4392.60,43,33.0
2025-12-29,05:33:50,68.4,3644.26,43,33.0
2025-12-29,05:34:01,64.8,3826.09,43,33.0
2025-12-29,05:34:11,65.2,4020.31,43,33.0
2025-12-29,05:34:21,63.6,3652.88,43,33.0
2025-12-29,05:34:31,64.1,3552.87,43,33.0
2025-12-29,05:34:41,64.1,3772.56,43,33.0
2025-12-29,05:34:51,64.9,4743.21,43,33.0
2025-12-29,05:35:02,65.2,3848.97,43,33.0
2025-12-29,05:35:12,64.9,3552.60,43,33.0
2025-12-29,05:35:22,65.4,3882.60,43,33.0
2025-12-29,05:35:32,64.6,3969.48,43,33.0
2025-12-29,05:35:42,64.2,3898.15,43,33.0
2025-12-29,05:35:52,64.5,3516.89,43,33.0
2025-12-29,05:36:03,64.5,3542.76,43,33.0
2025-12-29,05:36:13,64.2,3526.23,43,33.0
2025-12-29,05:36:23,64.5,3434.47,43,33.0
2025-12-29,05:36:33,64.8,3600.78,43,33.0
2025-12-29,05:36:43,64.8,3677.59,43,33.0
2025-12-29,05:36:53,65.1,4139.73,43,33.0
2025-12-29,05:37:04,64.6,3659.70,43,33.0
2025-12-29,05:37:14,66.1,4011.51,43,33.0
2025-12-29,05:37:24,61.8,3890.74,43,33.0
2025-12-29,05:37:34,61.4,3435.22,43,33.0
2025-12-29,05:37:44,66.0,3657.31,43,33.0
2025-12-29,05:37:54,65.5,3596.55,43,33.0
2025-12-29,05:38:05,65.9,3842.12,43,33.0
2025-12-29,05:38:15,66.2,3810.72,43,33.0
2025-12-29,05:38:25,65.9,3652.43,43,33.0
2025-12-29,05:38:35,66.5,3676.62,43,33.0
2025-12-29,05:38:45,66.9,3403.13,43,33.0
2025-12-29,05:38:56,65.6,3619.00,43,33.0
2025-12-29,05:39:06,65.8,3633.30,43,33.0
2025-12-29,05:39:16,66.0,3346.13,43,33.0
2025-12-29,05:39:26,66.4,3405.27,43,33.0
2025-12-29,05:39:36,66.0,3934.89,43,33.0
2025-12-29,05:39:46,66.2,3548.65,43,33.0
2025-12-29,05:39:57,66.5,4013.47,43,33.0
2025-12-29,05:40:07,65.0,4163.58,43,33.0
2025-12-29,05:40:17,65.9,3574.31,43,33.0
2025-12-29,05:40:27,66.0,4060.74,43,33.0
2025-12-29,05:40:37,66.4,3714.76,43,33.0
2025-12-29,05:40:47,65.9,3581.16,43,33.0
2025-12-29,05:40:58,66.6,3849.50,43,33.0
2025-12-29,05:41:08,65.5,4005.39,43,33.0
2025-12-29,05:41:18,65.0,3759.87,43,32.0
2025-12-29,05:41:28,59.9,3811.76,43,33.0
2025-12-29,05:41:38,68.6,4125.66,43,33.0
2025-12-29,05:41:48,65.5,3503.35,43,33.0
2025-12-29,05:41:59,64.6,3765.46,43,33.0
2025-12-29,05:42:09,64.9,3588.26,43,33.0
2025-12-29,05:42:19,64.9,3567.78,43,33.0
2025-12-29,05:42:29,64.8,4135.77,43,33.0
2025-12-29,05:42:39,64.5,3333.76,43,33.0
2025-12-29,05:42:49,64.8,3858.85,43,33.0
2025-12-29,05:43:00,64.4,3522.74,43,33.0
2025-12-29,05:43:10,65.4,3806.16,43,33.0
2025-12-29,05:43:20,64.9,4379.91,43,33.0
2025-12-29,05:43:30,64.6,3441.54,43,33.0
2025-12-29,05:43:40,64.8,3749.36,43,33.0
2025-12-29,05:43:50,64.4,3434.40,43,33.0
2025-12-29,05:44:01,64.1,3445.54,43,33.0
2025-12-29,05:44:11,64.5,4140.60,43,33.0
2025-12-29,05:44:21,64.6,3570.56,43,33.0
2025-12-29,05:44:31,65.4,3749.41,43,33.0
2025-12-29,05:44:41,64.5,3695.33,43,33.0
2025-12-29,05:44:51,64.9,3577.09,43,33.0
2025-12-29,05:45:02,64.9,3978.00,43,33.0
2025-12-29,05:45:12,64.6,3545.22,43,33.0
2025-12-29,05:45:22,61.6,3786.26,43,33.0
2025-12-29,05:45:32,69.1,3553.38,43,33.0
2025-12-29,05:45:42,65.1,3876.30,43,33.0
2025-12-29,05:45:52,64.4,3539.73,43,33.0
2025-12-29,05:46:03,64.6,3563.79,43,33.0
2025-12-29,05:46:13,65.0,3898.24,43,33.0
2025-12-29,05:46:23,64.2,3819.63,43,32.0
2025-12-29,05:46:33,64.4,3366.18,43,33.0
2025-12-29,05:46:43,64.2,3897.01,43,33.0
2025-12-29,05:46:53,64.8,3722.21,43,32.0
2025-12-29,05:47:04,64.5,3675.42,43,33.0
2025-12-29,05:47:14,63.9,3782.23,43,33.0
2025-12-29,05:47:24,63.9,3740.18,43,33.0
2025-12-29,05:47:34,64.8,4093.33,43,33.0
2025-12-29,05:47:44,63.9,3691.93,43,33.0
2025-12-29,05:47:54,63.5,3471.98,43,33.0
2025-12-29,05:48:05,64.5,4143.08,43,33.0
2025-12-29,05:48:15,64.0,3545.63,43,33.0
2025-12-29,05:48:25,64.2,3651.78,43,33.0
2025-12-29,05:48:35,63.8,3450.74,43,33.0
2025-12-29,05:48:45,64.4,3961.80,43,33.0
2025-12-29,05:48:55,64.1,3830.25,43,33.0
2025-12-29,05:49:06,64.0,3382.35,43,33.0
2025-12-29,05:49:16,64.0,3821.82,43,33.0
2025-12-29,05:49:26,60.1,3813.71,43,32.0
2025-12-29,05:49:36,68.1,3603.33,43,33.0
2025-12-29,05:49:46,66.0,3586.67,43,33.0
2025-12-29,05:49:57,66.5,3863.97,43,33.0
2025-12-29,05:50:07,66.2,3813.96,43,33.0
2025-12-29,05:50:17,66.4,3537.66,43,33.0
2025-12-29,05:50:27,66.1,3576.48,43,33.0
2025-12-29,05:50:37,67.2,4573.83,43,32.0
2025-12-29,05:50:47,66.9,3722.80,43,33.0
2025-12-29,05:50:58,66.9,3777.83,43,33.0
2025-12-29,05:51:08,67.0,3684.17,43,33.0
2025-12-29,05:51:18,67.1,3531.29,43,33.0
2025-12-29,05:51:28,67.0,3540.48,43,33.0
2025-12-29,05:51:38,66.5,3731.48,43,33.0
2025-12-29,05:51:48,67.0,3764.21,43,33.0
2025-12-29,05:51:59,65.8,3582.45,43,32.0
2025-12-29,05:52:09,65.5,3635.91,43,33.0
2025-12-29,05:52:19,66.4,3441.55,43,33.0
2025-12-29,05:52:29,66.2,3404.56,43,33.0
2025-12-29,05:52:39,65.5,3533.41,43,33.0
2025-12-29,05:52:49,66.4,3740.97,43,33.0
2025-12-29,05:53:00,66.2,3935.58,43,33.0
2025-12-29,05:53:10,62.6,3722.15,43,33.0
2025-12-29,05:53:20,60.0,3697.86,43,33.0
2025-12-29,05:53:30,63.5,3679.04,43,33.0
2025-12-29,05:53:40,64.8,3810.48,43,33.0
2025-12-29,05:53:50,65.4,3455.96,43,33.0
2025-12-29,05:54:01,65.1,3941.78,43,33.0
2025-12-29,05:54:11,65.2,4016.27,43,33.0
2025-12-29,05:54:21,65.2,4521.36,43,33.0
2025-12-29,05:54:31,65.0,4363.99,43,33.0
2025-12-29,05:54:41,65.9,4132.85,43,33.0
2025-12-29,05:54:51,65.4,3890.08,43,33.0
2025-12-29,05:55:02,64.8,4116.59,43,33.0
2025-12-29,05:55:12,64.8,4013.32,43,33.0
2025-12-29,05:55:22,65.1,3933.72,43,33.0
2025-12-29,05:55:32,65.9,4041.42,43,33.0
2025-12-29,05:55:42,66.4,3661.55,43,33.0
2025-12-29,05:55:52,65.2,3855.56,43,33.0
2025-12-29,05:56:03,65.0,3652.92,43,33.0
2025-12-29,05:56:13,65.8,3971.01,43,32.0
2025-12-29,05:56:23,65.1,3557.41,43,33.0
2025-12-29,05:56:33,66.1,4137.95,43,33.0
2025-12-29,05:56:43,65.1,3960.08,43,33.0
2025-12-29,05:56:54,65.9,4159.99,43,33.0
2025-12-29,05:57:04,63.2,3896.78,43,33.0
2025-12-29,05:57:14,62.9,3676.54,43,33.0
2025-12-29,05:57:24,60.6,3447.94,43,33.0
2025-12-29,05:57:34,64.8,3755.28,43,33.0
2025-12-29,05:57:44,65.1,3851.47,43,33.0
2025-12-29,05:57:55,65.1,3720.43,43,33.0
2025-12-29,05:58:05,65.0,3657.33,43,33.0
2025-12-29,05:58:15,65.6,4222.44,43,33.0
2025-12-29,05:58:25,65.0,3908.73,43,32.0
2025-12-29,05:58:35,64.6,3704.73,43,32.0
2025-12-29,05:58:45,65.4,3588.99,43,33.0
2025-12-29,05:58:56,65.0,4084.58,43,33.0
2025-12-29,05:59:06,65.2,3670.86,43,33.0
2025-12-29,05:59:16,64.6,3622.89,43,33.0
2025-12-29,05:59:26,65.1,4252.77,43,33.0
2025-12-29,05:59:36,64.9,3989.67,43,33.0
2025-12-29,05:59:46,64.9,4646.32,43,33.0
2025-12-29,05:59:57,64.6,3787.10,43,33.0
2025-12-29,06:00:07,65.6,3544.00,43,32.0
2025-12-29,06:00:17,65.8,3767.47,43,33.0
2025-12-29,06:00:27,65.6,3886.55,43,33.0
2025-12-29,06:00:37,64.6,3883.77,43,33.0
2025-12-29,06:00:47,65.1,3912.42,43,33.0
2025-12-29,06:00:58,63.4,3362.11,43,33.0
2025-12-29,06:01:08,58.6,3842.89,43,33.0
2025-12-29,06:01:18,66.9,3712.39,43,33.0
2025-12-29,06:01:28,66.6,4301.58,43,33.0
2025-12-29,06:01:38,66.2,3594.05,43,33.0
2025-12-29,06:01:48,67.1,4245.65,43,33.0
2025-12-29,06:01:59,67.2,3701.96,43,33.0
2025-12-29,06:02:09,66.8,3668.80,43,33.0
2025-12-29,06:02:19,66.9,3531.67,43,33.0
2025-12-29,06:02:29,66.8,4346.55,43,33.0
2025-12-29,06:02:39,66.6,3812.69,43,33.0
2025-12-29,06:02:49,66.5,3850.16,43,33.0
2025-12-29,06:03:00,67.1,3712.72,43,33.0
2025-12-29,06:03:10,67.6,3720.77,43,33.0
2025-12-29,06:03:20,67.6,3627.07,43,33.0
2025-12-29,06:03:30,68.0,3634.18,43,33.0
2025-12-29,06:03:40,67.1,3587.77,43,33.0
2025-12-29,06:03:50,66.5,3773.81,43,33.0
2025-12-29,06:04:01,65.6,3751.55,43,33.0
2025-12-29,06:04:11,66.2,3413.70,43,33.0
2025-12-29,06:04:21,66.6,3907.86,43,33.0
2025-12-29,06:04:31,67.5,4125.17,43,33.0
2025-12-29,06:04:41,67.5,3648.85,43,32.0
2025-12-29,06:04:51,68.0,3557.68,43,32.0
2025-12-29,06:05:02,62.0,3687.23,43,33.0
2025-12-29,06:05:12,63.5,3451.36,43,33.0
2025-12-29,06:05:22,66.4,4065.37,43,32.0
2025-12-29,06:05:32,65.5,3867.15,43,33.0
2025-12-29,06:05:42,65.4,4815.61,43,33.0
2025-12-29,06:05:52,65.9,3529.77,43,32.0
2025-12-29,06:06:03,65.4,3814.25,43,33.0
2025-12-29,06:06:13,65.1,3704.98,43,33.0
2025-12-29,06:06:23,65.1,4090.80,43,33.0
2025-12-29,06:06:33,65.8,3688.93,43,33.0
2025-12-29,06:06:43,65.5,3849.74,43,33.0
2025-12-29,06:06:53,65.0,3600.04,43,33.0
2025-12-29,06:07:04,65.2,3577.64,43,33.0
2025-12-29,06:07:14,65.6,3782.42,43,33.0
2025-12-29,06:07:24,64.8,4173.50,43,33.0
2025-12-29,06:07:34,66.0,4029.52,43,33.0
2025-12-29,06:07:44,66.0,3530.21,43,33.0
2025-12-29,06:07:54,65.6,4189.75,43,33.0
2025-12-29,06:08:05,65.5,4195.69,43,33.0
2025-12-29,06:08:15,65.5,4151.13,43,33.0
2025-12-29,06:08:25,65.9,3871.90,43,33.0
2025-12-29,06:08:35,65.2,3594.93,43,33.0
2025-12-29,06:08:45,63.1,3694.59,43,33.0
2025-12-29,06:08:55,60.9,4490.49,43,33.0
2025-12-29,06:09:06,69.6,3691.85,43,33.0
2025-12-29,06:09:16,63.5,4914.59,43,33.0
2025-12-29,06:09:26,65.4,4090.80,43,33.0
2025-12-29,06:09:36,65.4,3680.62,43,33.0
2025-12-29,06:09:46,66.2,3813.52,43,33.0
2025-12-29,06:09:56,64.9,4014.54,43,33.0
2025-12-29,06:10:07,64.4,4204.25,43,33.0
2025-12-29,06:10:17,65.4,4038.39,43,33.0
2025-12-29,06:10:27,65.2,4185.84,43,33.0
2025-12-29,06:10:37,66.0,4157.97,43,33.0
2025-12-29,06:10:47,65.0,3609.77,43,33.0
2025-12-29,06:10:58,65.5,3881.33,43,33.0
2025-12-29,06:11:08,65.2,4152.37,43,33.0
2025-12-29,06:11:18,66.0,3802.79,43,33.0
2025-12-29,06:11:28,65.5,3651.71,43,33.0
2025-12-29,06:11:38,65.0,4393.68,43,33.0
2025-12-29,06:11:48,65.2,3683.34,43,33.0
2025-12-29,06:11:58,65.2,3973.05,43,33.0
2025-12-29,06:12:09,64.6,3594.26,43,33.0
2025-12-29,06:12:19,64.9,3960.36,43,32.0
2025-12-29,06:12:29,64.5,4007.76,43,33.0
2025-12-29,06:12:39,62.5,3931.61,43,33.0
2025-12-29,06:12:49,62.5,3704.04,43,33.0
2025-12-29,06:12:59,67.5,4120.85,43,33.0
2025-12-29,06:13:10,65.6,4021.40,43,32.0
2025-12-29,06:13:20,66.6,4357.31,43,33.0
2025-12-29,06:13:30,66.8,4990.60,43,33.0
2025-12-29,06:13:40,67.0,3824.33,43,33.0
2025-12-29,06:13:50,66.8,4068.33,43,32.0
2025-12-29,06:14:01,66.8,3950.15,43,33.0
2025-12-29,06:14:11,67.6,4295.95,43,33.0
2025-12-29,06:14:21,67.1,3742.27,43,33.0
2025-12-29,06:14:31,67.8,3833.41,43,33.0
2025-12-29,06:14:41,67.8,4315.21,43,33.0
2025-12-29,06:14:51,66.6,4359.70,43,33.0
2025-12-29,06:15:02,66.6,3678.62,43,33.0
2025-12-29,06:15:12,66.5,3869.55,43,33.0
2025-12-29,06:15:22,66.4,3798.07,43,33.0
2025-12-29,06:15:32,66.0,3991.36,43,33.0
2025-12-29,06:15:42,66.8,3652.86,43,33.0
2025-12-29,06:15:52,67.0,3539.25,43,33.0
2025-12-29,06:16:03,66.9,4052.42,43,32.0
2025-12-29,06:16:13,68.0,4158.56,43,32.0
2025-12-29,06:16:23,67.1,3979.35,43,33.0
2025-12-29,06:16:33,67.5,3579.01,43,33.0
2025-12-29,06:16:43,63.6,3864.83,43,33.0
2025-12-29,06:16:53,60.8,3710.87,43,33.0
2025-12-29,06:17:04,70.2,4047.78,43,33.0
2025-12-29,06:17:14,65.4,3832.93,43,33.0
2025-12-29,06:17:24,65.2,3606.39,43,33.0
2025-12-29,06:17:34,65.5,3697.88,43,33.0
2025-12-29,06:17:44,65.2,3745.01,43,33.0
2025-12-29,06:17:54,65.9,3623.88,43,33.0
2025-12-29,06:18:05,65.4,3661.58,43,33.0
2025-12-29,06:18:15,65.6,4369.41,43,33.0
2025-12-29,06:18:25,65.1,4436.07,43,33.0
2025-12-29,06:18:35,65.8,3664.72,43,33.0
2025-12-29,06:18:45,65.8,4233.15,43,33.0
2025-12-29,06:18:55,65.6,3474.22,43,33.0
2025-12-29,06:19:06,65.5,3495.00,43,33.0
2025-12-29,06:19:16,65.4,3965.74,43,33.0
2025-12-29,06:19:26,65.5,3780.30,43,33.0
2025-12-29,06:19:36,65.5,3863.58,43,33.0
2025-12-29,06:19:46,66.1,3862.25,43,33.0
2025-12-29,06:19:56,65.2,3676.25,43,33.0
2025-12-29,06:20:07,66.0,3826.33,43,33.0
2025-12-29,06:20:17,65.9,3813.07,43,33.0
2025-12-29,06:20:27,63.9,3746.60,43,33.0
2025-12-29,06:20:37,60.9,3946.86,43,33.0
2025-12-29,06:20:47,70.5,4076.13,43,33.0
2025-12-29,06:20:57,63.0,4323.46,43,33.0
2025-12-29,06:21:08,65.2,4107.54,43,33.0
2025-12-29,06:21:18,64.5,4151.19,43,33.0
2025-12-29,06:21:28,64.9,3835.27,43,33.0
2025-12-29,06:21:38,64.6,3621.43,43,33.0
2025-12-29,06:21:48,65.0,3777.15,43,33.0
2025-12-29,06:21:58,65.1,3532.04,43,33.0
2025-12-29,06:22:09,64.9,3862.04,43,32.0
2025-12-29,06:22:19,64.9,4037.36,43,33.0
2025-12-29,06:22:29,65.2,4117.28,43,33.0
2025-12-29,06:22:39,64.4,4122.67,43,33.0
2025-12-29,06:22:49,65.1,3864.91,43,33.0
2025-12-29,06:22:59,65.4,4501.58,43,33.0
2025-12-29,06:23:10,64.9,4344.81,43,33.0
2025-12-29,06:23:20,65.2,4270.74,43,33.0
2025-12-29,06:23:30,65.2,4375.20,43,33.0
2025-12-29,06:23:40,65.1,3678.87,43,33.0
2025-12-29,06:23:50,65.0,3758.97,43,33.0
2025-12-29,06:24:00,65.0,3592.90,43,33.0
2025-12-29,06:24:11,65.4,3658.02,43,33.0
2025-12-29,06:24:21,62.9,3702.49,43,33.0
2025-12-29,06:24:31,60.1,3984.71,43,33.0
2025-12-29,06:24:41,64.2,3971.64,43,33.0
2025-12-29,06:24:51,64.9,4233.98,43,33.0
2025-12-29,06:25:01,66.4,4007.47,43,33.0
2025-12-29,06:25:12,66.2,3809.40,43,33.0
2025-12-29,06:25:22,66.6,3664.05,43,32.0
2025-12-29,06:25:32,66.4,4159.91,43,33.0
2025-12-29,06:25:42,67.1,4600.63,43,33.0
2025-12-29,06:25:52,67.1,4054.41,43,33.0
2025-12-29,06:26:02,67.6,3878.88,43,33.0
2025-12-29,06:26:13,66.4,4112.36,43,33.0
2025-12-29,06:26:23,65.6,3986.24,43,33.0
2025-12-29,06:26:33,66.9,3825.67,43,33.0
2025-12-29,06:26:43,66.0,3945.25,43,33.0
2025-12-29,06:26:53,65.9,4107.70,43,33.0
2025-12-29,06:27:03,66.0,3839.43,43,33.0
2025-12-29,06:27:14,66.4,3770.37,43,33.0
2025-12-29,06:27:24,67.0,3896.53,43,33.0
2025-12-29,06:27:34,66.8,3770.40,43,33.0
2025-12-29,06:27:44,66.9,3637.73,43,33.0
2025-12-29,06:27:54,66.4,4209.90,43,33.0
2025-12-29,06:28:04,66.2,4220.91,43,33.0
2025-12-29,06:28:15,66.4,4312.00,43,33.0
2025-12-29,06:28:25,64.2,3874.73,43,33.0
2025-12-29,06:28:35,60.6,3882.90,43,33.0
2025-12-29,06:28:45,70.5,3625.69,43,33.0
2025-12-29,06:28:55,65.2,3734.14,43,33.0
2025-12-29,06:29:05,65.5,4348.50,43,33.0
2025-12-29,06:29:16,65.1,3731.34,43,33.0
2025-12-29,06:29:26,65.0,4070.47,43,33.0
2025-12-29,06:29:36,64.6,3488.31,43,33.0
2025-12-29,06:29:46,65.2,4066.39,43,32.0
2025-12-29,06:29:56,65.4,3629.84,43,33.0
2025-12-29,06:30:06,65.8,4178.36,43,33.0
2025-12-29,06:30:17,65.5,4138.87,43,32.0
2025-12-29,06:30:27,65.6,3840.41,43,33.0
2025-12-29,06:30:37,64.6,3799.68,43,33.0
2025-12-29,06:30:47,64.9,3493.42,43,33.0
2025-12-29,06:30:57,65.4,3900.56,43,33.0
2025-12-29,06:31:07,65.5,3852.88,43,33.0
2025-12-29,06:31:18,65.8,3614.95,43,32.0
2025-12-29,06:31:28,65.2,4476.78,43,33.0
2025-12-29,06:31:38,65.8,3848.44,43,32.0
2025-12-29,06:31:48,64.9,3595.46,43,33.0
2025-12-29,06:31:58,65.0,3756.51,43,33.0
2025-12-29,06:32:08,63.6,3746.20,43,33.0
2025-12-29,06:32:19,61.9,3499.97,43,33.0
2025-12-29,06:32:29,60.5,3521.58,43,33.0
2025-12-29,06:32:39,66.5,3672.93,43,33.0
2025-12-29,06:32:49,64.6,4191.64,43,33.0
2025-12-29,06:32:59,65.8,3541.63,43,33.0
2025-12-29,06:33:10,64.5,3292.81,43,33.0
2025-12-29,06:33:20,64.6,3589.69,43,33.0
2025-12-29,06:33:30,64.6,3531.45,43,32.0
2025-12-29,06:33:40,65.1,3557.51,43,33.0
2025-12-29,06:33:50,65.1,4134.87,43,33.0
2025-12-29,06:34:00,65.4,3718.14,43,33.0
2025-12-29,06:34:11,65.2,3524.22,43,33.0
2025-12-29,06:34:21,64.6,3892.01,43,33.0
2025-12-29,06:34:31,64.5,3688.62,43,33.0
2025-12-29,06:34:41,65.1,3601.96,43,33.0
2025-12-29,06:34:51,65.2,3705.50,43,33.0
2025-12-29,06:35:01,64.2,4043.10,43,33.0
2025-12-29,06:35:12,64.8,3851.77,43,33.0
2025-12-29,06:35:22,64.2,3915.93,43,33.0
2025-12-29,06:35:32,65.0,3412.10,43,33.0
2025-12-29,06:35:42,64.8,3452.41,43,33.0
2025-12-29,06:35:52,64.6,3573.19,43,33.0
2025-12-29,06:36:02,61.9,3646.60,43,33.0
2025-12-29,06:36:13,60.0,3750.94,43,33.0
2025-12-29,06:36:23,65.2,4390.45,43,33.0
2025-12-29,06:36:33,64.9,4026.92,43,33.0
2025-12-29,06:36:43,65.9,4277.39,43,33.0
2025-12-29,06:36:53,65.4,3918.23,43,33.0
2025-12-29,06:37:03,66.2,4201.29,43,32.0
2025-12-29,06:37:14,66.1,3549.55,43,33.0
2025-12-29,06:37:24,66.5,3721.54,43,33.0
2025-12-29,06:37:34,65.9,3747.76,43,33.0
2025-12-29,06:37:44,67.1,4573.84,43,32.0
2025-12-29,06:37:54,65.8,3729.15,43,33.0
2025-12-29,06:38:04,66.2,3653.18,43,33.0
2025-12-29,06:38:15,65.9,3492.52,43,33.0
2025-12-29,06:38:25,65.8,4161.79,43,33.0
2025-12-29,06:38:35,65.9,3516.04,43,33.0
2025-12-29,06:38:45,66.8,3681.64,43,33.0
2025-12-29,06:38:55,66.5,3631.81,43,33.0
2025-12-29,06:39:05,67.2,3741.14,43,33.0
2025-12-29,06:39:16,66.9,3704.15,43,33.0
2025-12-29,06:39:26,65.5,3892.31,43,33.0
2025-12-29,06:39:36,65.5,3379.79,43,33.0
2025-12-29,06:39:46,66.4,3698.32,43,33.0
2025-12-29,06:39:56,66.6,3630.29,43,33.0
2025-12-29,06:40:06,64.8,3395.02,43,33.0
2025-12-29,06:40:17,63.2,3685.70,43,33.0
2025-12-29,06:40:27,64.4,3300.91,43,33.0
2025-12-29,06:40:37,65.1,3633.04,43,33.0
2025-12-29,06:40:47,65.4,3731.04,43,33.0
2025-12-29,06:40:57,64.4,3343.13,43,33.0
2025-12-29,06:41:07,65.1,3691.93,43,33.0
2025-12-29,06:41:18,64.6,3995.23,43,33.0
2025-12-29,06:41:28,63.8,3792.01,43,33.0
2025-12-29,06:41:38,65.6,3534.07,43,33.0
2025-12-29,06:41:48,65.6,4272.78,43,33.0
2025-12-29,06:41:58,64.8,3515.16,43,33.0
2025-12-29,06:42:09,64.9,3423.40,43,33.0
2025-12-29,06:42:19,65.0,3860.14,43,33.0
2025-12-29,06:42:29,64.5,3684.41,43,33.0
2025-12-29,06:42:39,64.5,3344.11,43,33.0
2025-12-29,06:42:49,65.9,3539.88,43,33.0
2025-12-29,06:42:59,64.4,4181.62,43,33.0
2025-12-29,06:43:10,65.2,3469.64,43,33.0
2025-12-29,06:43:20,65.0,3858.68,43,33.0
2025-12-29,06:43:30,64.2,4030.58,43,33.0
2025-12-29,06:43:40,64.5,3757.91,43,33.0
2025-12-29,06:43:50,65.5,3885.81,43,33.0
2025-12-29,06:44:00,62.8,3879.76,43,33.0
2025-12-29,06:44:11,62.4,3881.80,43,33.0
2025-12-29,06:44:21,67.0,3709.23,43,33.0
2025-12-29,06:44:31,65.8,3394.48,43,33.0
2025-12-29,06:44:41,65.2,3718.05,43,33.0
2025-12-29,06:44:51,65.1,4301.31,43,33.0
2025-12-29,06:45:01,64.9,3578.17,43,33.0
2025-12-29,06:45:12,65.5,3742.13,43,33.0
2025-12-29,06:45:22,65.1,3511.30,43,33.0
2025-12-29,06:45:32,65.0,3685.22,43,32.0
2025-12-29,06:45:42,65.2,3964.56,43,33.0
2025-12-29,06:45:52,65.5,3947.79,43,33.0
2025-12-29,06:46:03,65.5,4409.64,43,33.0
2025-12-29,06:46:13,65.1,3838.13,43,33.0
2025-12-29,06:46:23,65.1,3584.00,43,33.0
2025-12-29,06:46:33,64.9,4345.62,43,33.0
2025-12-29,06:46:43,65.1,3916.64,43,33.0
2025-12-29,06:46:53,65.5,3768.91,43,33.0
2025-12-29,06:47:03,65.9,3663.07,43,33.0
2025-12-29,06:47:14,65.5,3696.54,43,33.0
2025-12-29,06:47:24,66.4,3590.99,43,33.0
2025-12-29,06:47:34,65.5,3397.23,43,33.0
2025-12-29,06:47:44,64.9,4003.20,43,33.0
2025-12-29,06:47:54,62.9,3762.65,43,33.0
2025-12-29,06:48:04,62.2,3752.93,43,33.0
2025-12-29,06:48:15,61.2,3652.18,43,33.0
2025-12-29,06:48:25,67.4,4015.72,43,33.0
2025-12-29,06:48:35,67.1,3817.95,43,33.0
2025-12-29,06:48:45,67.1,3903.38,43,33.0
2025-12-29,06:48:55,67.0,3824.19,43,33.0
2025-12-29,06:49:06,66.9,3488.67,43,33.0
2025-12-29,06:49:16,66.6,4069.64,43,33.0
2025-12-29,06:49:26,66.4,3626.69,43,33.0
2025-12-29,06:49:36,66.5,3891.64,43,33.0
2025-12-29,06:49:46,67.0,3943.86,43,32.0
2025-12-29,06:49:56,67.8,3792.85,43,33.0
2025-12-29,06:50:07,67.8,4015.84,43,33.0
2025-12-29,06:50:17,67.5,3893.03,43,33.0
2025-12-29,06:50:27,66.4,4142.06,43,32.0
2025-12-29,06:50:37,66.4,3878.83,43,33.0
2025-12-29,06:50:47,66.6,3458.09,43,32.0
2025-12-29,06:50:57,67.4,3692.69,43,33.0
2025-12-29,06:51:08,67.5,3996.80,43,33.0
2025-12-29,06:51:18,67.9,3946.27,43,33.0
2025-12-29,06:51:28,66.6,4152.57,43,33.0
2025-12-29,06:51:38,66.2,3946.13,43,32.0
2025-12-29,06:51:48,66.6,3591.14,43,32.0
2025-12-29,06:51:58,64.0,4134.81,43,33.0
2025-12-29,06:52:09,60.4,3621.39,43,33.0
2025-12-29,06:52:19,62.5,3630.82,43,33.0
2025-12-29,06:52:29,66.4,3608.86,43,33.0
2025-12-29,06:52:39,65.6,4082.06,43,33.0
2025-12-29,06:52:49,66.0,3667.45,43,33.0
2025-12-29,06:52:59,65.5,3615.86,43,33.0
2025-12-29,06:53:10,64.9,3684.46,43,33.0
2025-12-29,06:53:20,65.6,3865.75,43,33.0
2025-12-29,06:53:30,65.4,3871.35,43,33.0
2025-12-29,06:53:40,65.6,3557.14,43,33.0
2025-12-29,06:53:50,65.4,4125.46,43,33.0
2025-12-29,06:54:00,65.9,3487.95,43,33.0
2025-12-29,06:54:11,65.8,4325.26,43,33.0
2025-12-29,06:54:21,65.2,4479.98,43,33.0
2025-12-29,06:54:31,65.8,3763.56,43,33.0
2025-12-29,06:54:41,65.8,3970.01,43,33.0
2025-12-29,06:54:51,66.6,3414.53,43,33.0
2025-12-29,06:55:01,65.5,3434.78,43,33.0
2025-12-29,06:55:12,65.6,3813.11,43,33.0
2025-12-29,06:55:22,66.4,4127.48,43,33.0
2025-12-29,06:55:32,65.4,4040.43,43,33.0
2025-12-29,06:55:42,65.6,4799.60,43,33.0
2025-12-29,06:55:52,64.1,3514.50,43,33.0
2025-12-29,06:56:02,63.8,3558.12,43,33.0
2025-12-29,06:56:13,68.1,3957.79,43,33.0
2025-12-29,06:56:23,65.4,4232.13,43,33.0
2025-12-29,06:56:33,66.0,3337.19,43,33.0
2025-12-29,06:56:43,65.1,3515.67,43,33.0
2025-12-29,06:56:53,65.0,4281.71,43,33.0
2025-12-29,06:57:03,64.8,4018.45,43,33.0
2025-12-29,06:57:14,64.5,3444.48,43,33.0
2025-12-29,06:57:24,65.8,4566.56,43,32.0
2025-12-29,06:57:34,64.4,3957.45,43,33.0
2025-12-29,06:57:44,64.9,4588.94,43,33.0
2025-12-29,06:57:54,65.0,4509.44,43,33.0
2025-12-29,06:58:04,66.1,4421.66,43,32.0
2025-12-29,06:58:15,64.6,3688.83,43,33.0
2025-12-29,06:58:25,65.1,3571.65,43,33.0
2025-12-29,06:58:35,64.8,4045.28,43,33.0
2025-12-29,06:58:45,65.5,3773.85,43,33.0
2025-12-29,06:58:55,65.1,4012.74,43,33.0
2025-12-29,06:59:05,65.2,3599.79,43,33.0
2025-12-29,06:59:16,65.2,3807.27,43,33.0
2025-12-29,06:59:26,65.0,3633.09,43,33.0
2025-12-29,06:59:36,65.5,4108.09,43,33.0
2025-12-29,06:59:46,62.9,3731.89,43,33.0
2025-12-29,06:59:56,61.5,3867.12,43,33.0
2025-12-29,07:00:06,63.5,3735.54,43,33.0
2025-12-29,07:00:17,67.0,3886.37,43,33.0
2025-12-29,07:00:27,67.1,3739.56,43,33.0
2025-12-29,07:00:37,66.9,3845.61,43,33.0
2025-12-29,07:00:47,66.6,4279.52,43,33.0
2025-12-29,07:00:57,67.0,3967.69,43,33.0
2025-12-29,07:01:07,67.0,3744.37,43,33.0
2025-12-29,07:01:18,67.6,3549.64,43,32.0
2025-12-29,07:01:28,67.0,3682.29,43,33.0
2025-12-29,07:01:38,67.5,4036.27,43,33.0
2025-12-29,07:01:48,67.6,4172.05,43,33.0
2025-12-29,07:01:58,67.5,3389.41,43,33.0
2025-12-29,07:02:08,67.4,3718.30,43,33.0
2025-12-29,07:02:19,67.4,4073.60,43,33.0
2025-12-29,07:02:29,67.4,3470.30,43,33.0
2025-12-29,07:02:39,67.2,3691.00,43,32.0
2025-12-29,07:02:49,67.0,3692.20,43,33.0
2025-12-29,07:02:59,67.4,3957.57,43,33.0
2025-12-29,07:03:09,67.4,3582.79,43,33.0
2025-12-29,07:03:20,67.0,3638.24,43,33.0
2025-12-29,07:03:30,66.0,3896.42,43,33.0
2025-12-29,07:03:40,64.0,4100.29,43,33.0
2025-12-29,07:03:50,59.1,3780.11,43,33.0
2025-12-29,07:04:00,59.0,3498.31,43,33.0
2025-12-29,07:04:10,65.6,3615.82,43,33.0
2025-12-29,07:04:21,65.8,3514.50,43,33.0
2025-12-29,07:04:31,65.2,3689.80,43,33.0
2025-12-29,07:04:41,64.6,3661.96,43,33.0
2025-12-29,07:04:51,64.4,4146.11,43,33.0
2025-12-29,07:05:01,65.0,4161.62,43,33.0
2025-12-29,07:05:11,65.6,3481.67,43,33.0
2025-12-29,07:05:22,65.0,3886.56,43,33.0
2025-12-29,07:05:32,64.9,3640.52,43,33.0
2025-12-29,07:05:42,65.1,3949.78,43,33.0
2025-12-29,07:05:52,65.2,3978.03,43,33.0
2025-12-29,07:06:02,65.1,4088.51,43,33.0
2025-12-29,07:06:12,64.8,3512.61,43,33.0
2025-12-29,07:06:23,65.1,3537.42,43,33.0
2025-12-29,07:06:33,65.0,3936.09,43,33.0
2025-12-29,07:06:43,65.1,3953.95,43,33.0
2025-12-29,07:06:53,64.5,3689.35,43,33.0
2025-12-29,07:07:03,65.0,3891.34,43,33.0
2025-12-29,07:07:13,65.6,3776.97,43,33.0
2025-12-29,07:07:24,65.4,3811.51,43,33.0
2025-12-29,07:07:34,60.8,3516.36,43,33.0
2025-12-29,07:07:44,65.0,3512.67,43,33.0
2025-12-29,07:07:54,66.5,3515.27,43,33.0
2025-12-29,07:08:04,65.4,3519.07,43,33.0
2025-12-29,07:08:14,65.5,3671.17,43,33.0
2025-12-29,07:08:25,65.1,4249.24,43,32.0
2025-12-29,07:08:35,64.9,3886.21,43,33.0
2025-12-29,07:08:45,65.4,3727.12,43,33.0
2025-12-29,07:08:55,65.0,3603.15,43,33.0
2025-12-29,07:09:05,65.4,3739.41,43,33.0
2025-12-29,07:09:16,65.5,3734.22,43,33.0
2025-12-29,07:09:26,64.9,3644.24,43,33.0
2025-12-29,07:09:36,64.8,3695.00,43,33.0
2025-12-29,07:09:46,64.4,3495.67,43,33.0
2025-12-29,07:09:56,65.2,3635.50,43,33.0
2025-12-29,07:10:06,65.0,3574.36,43,33.0
2025-12-29,07:10:17,64.6,3546.51,43,33.0
2025-12-29,07:10:27,65.0,4061.30,43,33.0
2025-12-29,07:10:37,65.2,3543.75,43,33.0
2025-12-29,07:10:47,65.4,3703.09,43,33.0
2025-12-29,07:10:57,64.8,4223.78,43,33.0
2025-12-29,07:11:07,66.1,4190.64,43,33.0
2025-12-29,07:11:18,63.1,4271.60,43,33.0
2025-12-29,07:11:28,59.8,3574.97,43,33.0
2025-12-29,07:11:38,65.4,3632.35,43,33.0
2025-12-29,07:11:48,65.5,3454.49,43,33.0
2025-12-29,07:11:58,65.6,4015.82,43,33.0
2025-12-29,07:12:08,65.8,3984.78,43,33.0
2025-12-29,07:12:19,66.8,3407.21,43,33.0
2025-12-29,07:12:29,66.1,4090.59,43,32.0
2025-12-29,07:12:39,66.1,3465.55,43,33.0
2025-12-29,07:12:49,66.2,3981.14,43,33.0
2025-12-29,07:12:59,66.1,3688.12,43,33.0
2025-12-29,07:13:10,67.1,3559.51,43,33.0
2025-12-29,07:13:20,66.6,3798.84,43,33.0
2025-12-29,07:13:30,66.6,4364.95,43,33.0
2025-12-29,07:13:40,65.6,3732.18,43,33.0
2025-12-29,07:13:50,66.1,3673.04,43,33.0
2025-12-29,07:14:00,65.9,4167.01,43,33.0
2025-12-29,07:14:11,66.5,3574.33,43,33.0
2025-12-29,07:14:21,66.1,3610.69,43,33.0
2025-12-29,07:14:31,65.9,3498.63,43,33.0
2025-12-29,07:14:41,66.0,3500.77,43,33.0
2025-12-29,07:14:51,66.9,3818.46,43,33.0
2025-12-29,07:15:01,67.0,4157.96,43,33.0
2025-12-29,07:15:12,62.9,3829.22,43,33.0
2025-12-29,07:15:22,60.0,3809.31,43,33.0
2025-12-29,07:15:32,69.4,3505.15,43,33.0
2025-12-29,07:15:42,65.1,3568.77,43,33.0
2025-12-29,07:15:52,64.9,3735.43,43,33.0
2025-12-29,07:16:02,64.8,3431.68,43,33.0
2025-12-29,07:16:13,65.0,3523.04,43,33.0
2025-12-29,07:16:23,64.8,4036.40,43,33.0
2025-12-29,07:16:33,64.2,3781.34,43,33.0
2025-12-29,07:16:43,65.0,3833.06,43,33.0
2025-12-29,07:16:53,64.9,3700.45,43,33.0
2025-12-29,07:17:03,65.0,3677.35,43,33.0
2025-12-29,07:17:14,64.5,3597.14,43,33.0
2025-12-29,07:17:24,64.5,3590.19,43,33.0
2025-12-29,07:17:34,64.0,3919.56,43,32.0
2025-12-29,07:17:44,64.6,3715.30,43,33.0
2025-12-29,07:17:54,65.1,3642.91,43,33.0
2025-12-29,07:18:04,65.4,3674.23,43,33.0
2025-12-29,07:18:15,65.1,3887.08,43,33.0
2025-12-29,07:18:25,65.0,3694.05,43,33.0
2025-12-29,07:18:35,65.1,4005.90,43,33.0
2025-12-29,07:18:45,64.6,3725.93,43,33.0
2025-12-29,07:18:55,64.6,3919.00,43,33.0
2025-12-29,07:19:05,63.4,3942.95,43,33.0
2025-12-29,07:19:16,63.2,3695.31,43,33.0
2025-12-29,07:19:26,67.1,3657.44,43,33.0
2025-12-29,07:19:36,64.9,3700.46,43,33.0
2025-12-29,07:19:46,64.6,3505.43,43,33.0
2025-12-29,07:19:56,64.4,3668.03,43,33.0
2025-12-29,07:20:06,64.9,3843.02,43,33.0
2025-12-29,07:20:17,64.6,3895.12,43,33.0
2025-12-29,07:20:27,64.8,3563.75,43,33.0
2025-12-29,07:20:37,65.9,4030.76,43,33.0
2025-12-29,07:20:47,64.8,3463.22,43,33.0
2025-12-29,07:20:57,64.6,3414.65,43,33.0
2025-12-29,07:21:07,65.0,3663.52,43,33.0
2025-12-29,07:21:18,64.8,3602.64,43,33.0
2025-12-29,07:21:28,63.9,3747.14,43,33.0
2025-12-29,07:21:38,64.5,4044.26,43,33.0
2025-12-29,07:21:48,64.9,3401.53,43,33.0
2025-12-29,07:21:58,65.5,3734.69,43,33.0
2025-12-29,07:22:08,64.8,3823.47,43,33.0
2025-12-29,07:22:19,65.1,3597.77,43,33.0
2025-12-29,07:22:29,64.4,4113.13,43,33.0
2025-12-29,07:22:39,64.6,3804.11,43,33.0
2025-12-29,07:22:49,61.8,3557.76,43,33.0
2025-12-29,07:22:59,61.4,3779.06,43,33.0
2025-12-29,07:23:09,69.5,3774.11,43,33.0
2025-12-29,07:23:20,65.2,3950.18,43,33.0
2025-12-29,07:23:30,66.5,3542.96,43,33.0
2025-12-29,07:23:40,66.0,4143.70,43,33.0
2025-12-29,07:23:50,65.2,3791.13,43,33.0
2025-12-29,07:24:00,65.6,3742.30,43,33.0
2025-12-29,07:24:10,65.9,3688.63,43,33.0
2025-12-29,07:24:21,66.0,3635.93,43,33.0
2025-12-29,07:24:31,66.4,3476.91,43,33.0
2025-12-29,07:24:41,67.2,3866.73,43,33.0
2025-12-29,07:24:51,66.9,4076.07,43,33.0
2025-12-29,07:25:01,66.5,3596.27,43,33.0
2025-12-29,07:25:12,66.9,4048.25,43,33.0
2025-12-29,07:25:22,65.8,3557.82,43,33.0
2025-12-29,07:25:32,65.9,4201.68,43,33.0
2025-12-29,07:25:42,66.4,3943.85,43,33.0
2025-12-29,07:25:52,66.2,3332.78,43,33.0
2025-12-29,07:26:02,66.6,3865.47,43,33.0
2025-12-29,07:26:13,65.9,3776.51,43,33.0
2025-12-29,07:26:23,67.0,3978.69,43,33.0
2025-12-29,07:26:33,66.8,3403.50,43,32.0
2025-12-29,07:26:43,67.2,4236.71,43,33.0
2025-12-29,07:26:53,62.4,3845.05,43,33.0
2025-12-29,07:27:03,59.0,3594.55,43,32.0
2025-12-29,07:27:14,68.9,4099.33,43,33.0
2025-12-29,07:27:24,65.5,3867.38,43,32.0
2025-12-29,07:27:34,64.2,3698.92,43,33.0
2025-12-29,07:27:44,65.1,3686.78,43,33.0
2025-12-29,07:27:54,64.6,3939.98,43,33.0
2025-12-29,07:28:04,65.6,3437.54,43,33.0
2025-12-29,07:28:15,64.8,3664.14,43,33.0
2025-12-29,07:28:25,63.9,3706.11,43,33.0
2025-12-29,07:28:35,64.2,3985.27,43,33.0
2025-12-29,07:28:45,64.4,4078.25,43,33.0
2025-12-29,07:28:55,64.8,3711.66,43,32.0
2025-12-29,07:29:05,65.0,3559.04,43,33.0
2025-12-29,07:29:16,65.0,3691.00,43,33.0
2025-12-29,07:29:26,65.1,3684.48,43,33.0
2025-12-29,07:29:36,64.9,3328.13,43,33.0
2025-12-29,07:29:46,64.9,3438.33,43,33.0
2025-12-29,07:29:56,65.0,3926.32,43,33.0
2025-12-29,07:30:06,64.4,3632.96,43,33.0
2025-12-29,07:30:17,65.2,3853.88,43,32.0
2025-12-29,07:30:27,64.6,3492.27,43,33.0
2025-12-29,07:30:37,65.1,3778.94,43,33.0
2025-12-29,07:30:47,64.2,3656.71,43,33.0
2025-12-29,07:30:57,58.8,3797.88,43,33.0
2025-12-29,07:31:07,67.6,3624.64,43,33.0
2025-12-29,07:31:18,64.0,3828.48,43,33.0
2025-12-29,07:31:28,64.1,3858.99,43,33.0
2025-12-29,07:31:38,64.0,4206.79,43,33.0
2025-12-29,07:31:48,63.9,3585.01,43,33.0
2025-12-29,07:31:58,64.2,3747.02,43,33.0
2025-12-29,07:32:08,64.8,3484.08,43,33.0
2025-12-29,07:32:19,64.8,3348.18,43,33.0
2025-12-29,07:32:29,64.5,3637.08,43,33.0
2025-12-29,07:32:39,64.6,4479.87,43,32.0
2025-12-29,07:32:49,64.8,3490.38,43,33.0
2025-12-29,07:32:59,64.6,3696.35,43,33.0
2025-12-29,07:33:09,64.5,3497.72,43,33.0
2025-12-29,07:33:20,65.1,3935.12,43,32.0
2025-12-29,07:33:30,64.8,3789.68,43,33.0
2025-12-29,07:33:40,64.5,3718.05,43,33.0
2025-12-29,07:33:50,64.8,3433.05,43,33.0
2025-12-29,07:34:00,64.8,3977.13,43,33.0
2025-12-29,07:34:10,65.4,3702.43,43,33.0
2025-12-29,07:34:21,64.6,3604.95,43,33.0
2025-12-29,07:34:31,65.2,3677.13,43,33.0
2025-12-29,07:34:41,62.9,3867.90,43,33.0
2025-12-29,07:34:51,59.0,4205.93,43,33.0
2025-12-29,07:35:01,68.6,3780.40,43,33.0
2025-12-29,07:35:12,66.6,3556.84,43,33.0
2025-12-29,07:35:22,66.9,3861.41,43,33.0
2025-12-29,07:35:32,65.6,4177.80,43,33.0
2025-12-29,07:35:42,65.5,3608.66,43,33.0
2025-12-29,07:35:52,65.9,3594.19,43,33.0
2025-12-29,07:36:02,66.4,3588.74,43,33.0
2025-12-29,07:36:13,66.4,3520.66,43,33.0
2025-12-29,07:36:23,66.8,3943.25,43,33.0
2025-12-29,07:36:33,66.6,3562.49,43,33.0
2025-12-29,07:36:43,66.5,3425.39,43,33.0
2025-12-29,07:36:53,66.4,4383.73,43,33.0
2025-12-29,07:37:03,66.5,3791.19,43,33.0
2025-12-29,07:37:13,65.5,3677.94,43,33.0
2025-12-29,07:37:24,66.4,3594.92,43,33.0
2025-12-29,07:37:34,66.4,3773.23,43,33.0
2025-12-29,07:37:44,66.4,3807.90,43,33.0
2025-12-29,07:37:54,66.6,3490.55,43,33.0
2025-12-29,07:38:04,66.1,3486.44,43,32.0
2025-12-29,07:38:14,65.9,3858.28,43,33.0
2025-12-29,07:38:25,66.1,4001.72,43,33.0
2025-12-29,07:38:35,66.1,4106.29,43,33.0
2025-12-29,07:38:45,62.8,3660.10,43,33.0
2025-12-29,07:38:55,62.4,3466.16,43,32.0
2025-12-29,07:39:05,64.9,3510.85,43,33.0
2025-12-29,07:39:16,64.8,3784.19,43,33.0
2025-12-29,07:39:26,64.8,3710.27,43,33.0
2025-12-29,07:39:36,64.8,3458.96,43,33.0
2025-12-29,07:39:46,64.8,3714.69,43,32.0
2025-12-29,07:39:56,65.4,3625.89,43,33.0
2025-12-29,07:40:06,64.9,3723.05,43,33.0
2025-12-29,07:40:17,65.1,3607.95,43,33.0
2025-12-29,07:40:27,65.1,3414.93,43,33.0
2025-12-29,07:40:37,64.9,3718.43,43,32.0
2025-12-29,07:40:47,64.5,3806.67,43,32.0
2025-12-29,07:40:57,65.0,3751.59,43,33.0
2025-12-29,07:41:07,65.0,3504.82,43,33.0
2025-12-29,07:41:18,64.4,3733.39,43,33.0
2025-12-29,07:41:28,64.6,3932.68,43,33.0
2025-12-29,07:41:38,64.2,4121.29,43,32.0
2025-12-29,07:41:48,64.6,4481.21,43,33.0
2025-12-29,07:41:58,64.8,4331.92,43,33.0
2025-12-29,07:42:08,64.8,3364.93,43,33.0
2025-12-29,07:42:19,65.2,3370.74,43,33.0
2025-12-29,07:42:29,65.2,4395.03,43,32.0
2025-12-29,07:42:39,61.8,3479.46,43,33.0
2025-12-29,07:42:49,59.9,3535.78,43,33.0
2025-12-29,07:42:59,64.8,3593.37,43,33.0
2025-12-29,07:43:09,64.6,3826.42,43,33.0
2025-12-29,07:43:20,65.1,4135.58,43,33.0
2025-12-29,07:43:30,64.6,3721.61,43,33.0
2025-12-29,07:43:40,64.2,3869.22,43,33.0
2025-12-29,07:43:50,64.5,3820.31,43,33.0
2025-12-29,07:44:00,64.9,3574.76,43,33.0
2025-12-29,07:44:10,64.4,3729.09,43,33.0
2025-12-29,07:44:21,64.9,3782.26,43,33.0
2025-12-29,07:44:31,64.6,3411.53,43,32.0
2025-12-29,07:44:41,64.1,4264.13,43,33.0
2025-12-29,07:44:51,64.6,3813.98,43,33.0
2025-12-29,07:45:01,64.8,3379.49,43,33.0
2025-12-29,07:45:12,64.2,3698.45,43,33.0
2025-12-29,07:45:22,65.0,3470.05,43,33.0
2025-12-29,07:45:32,64.2,3489.24,43,33.0
2025-12-29,07:45:42,64.8,3718.79,43,33.0
2025-12-29,07:45:52,64.2,4233.74,43,33.0
2025-12-29,07:46:02,65.2,3603.53,43,33.0
2025-12-29,07:46:13,64.5,3401.12,43,33.0
2025-12-29,07:46:23,64.5,3620.87,43,33.0
2025-12-29,07:46:33,64.2,3354.51,43,33.0
2025-12-29,07:46:43,62.2,3517.12,43,33.0
2025-12-29,07:46:53,69.4,3662.26,43,32.0
2025-12-29,07:47:03,66.6,3551.36,43,33.0
2025-12-29,07:47:14,66.4,3972.13,43,33.0
2025-12-29,07:47:24,65.4,3834.94,43,32.0
2025-12-29,07:47:34,65.4,3586.87,43,33.0
2025-12-29,07:47:44,66.0,3709.05,43,33.0
2025-12-29,07:47:54,65.8,3698.88,43,33.0
2025-12-29,07:48:04,66.2,3636.53,43,33.0
2025-12-29,07:48:15,66.8,3624.48,43,33.0
2025-12-29,07:48:25,66.6,3920.68,43,33.0
2025-12-29,07:48:35,66.6,3702.99,43,32.0
2025-12-29,07:48:45,67.1,4198.89,43,33.0
2025-12-29,07:48:55,65.9,3521.27,43,33.0
2025-12-29,07:49:05,66.2,3616.05,43,33.0
2025-12-29,07:49:16,66.6,3457.97,43,33.0
2025-12-29,07:49:26,67.0,3405.89,43,33.0
2025-12-29,07:49:36,66.8,3434.41,43,33.0
2025-12-29,07:49:46,66.6,3434.62,43,33.0
2025-12-29,07:49:56,67.1,3463.54,43,33.0
2025-12-29,07:50:06,66.6,3931.32,43,33.0
2025-12-29,07:50:17,66.6,4121.58,43,33.0
2025-12-29,07:50:27,64.9,3720.68,43,33.0
2025-12-29,07:50:37,58.8,3502.33,43,33.0
2025-12-29,07:50:47,67.2,3544.91,43,32.0
2025-12-29,07:50:57,63.2,4940.99,43,33.0
2025-12-29,07:51:07,65.1,3879.76,43,33.0
2025-12-29,07:51:18,65.0,3723.88,43,33.0
2025-12-29,07:51:28,64.8,4095.42,43,33.0
2025-12-29,07:51:38,64.4,3586.06,43,33.0
2025-12-29,07:51:48,64.8,3484.81,43,33.0
2025-12-29,07:51:58,64.9,3873.09,43,33.0
2025-12-29,07:52:09,64.8,3754.87,43,33.0
2025-12-29,07:52:19,65.2,4023.26,43,33.0
2025-12-29,07:52:29,65.1,3760.34,43,33.0
2025-12-29,07:52:39,65.4,3317.49,43,33.0
2025-12-29,07:52:49,65.5,3650.98,43,33.0
2025-12-29,07:52:59,65.2,3568.25,43,33.0
2025-12-29,07:53:10,65.1,3857.67,43,32.0
2025-12-29,07:53:20,64.4,3694.52,43,33.0
2025-12-29,07:53:30,65.0,3586.73,43,33.0
2025-12-29,07:53:40,64.2,3667.29,43,33.0
2025-12-29,07:53:50,64.5,4040.87,43,32.0
2025-12-29,07:54:00,65.5,3710.05,43,33.0
2025-12-29,07:54:11,64.8,3771.24,43,33.0
2025-12-29,07:54:21,61.9,3420.46,43,33.0
2025-12-29,07:54:31,58.4,3682.71,43,32.0
2025-12-29,07:54:41,69.8,3441.63,43,33.0
2025-12-29,07:54:51,63.8,3870.03,43,33.0
2025-12-29,07:55:01,64.9,3636.27,43,33.0
2025-12-29,07:55:12,64.6,3799.55,43,33.0
2025-12-29,07:55:22,65.0,4076.36,43,33.0
2025-12-29,07:55:32,65.0,3762.17,43,33.0
2025-12-29,07:55:42,64.5,3343.20,43,33.0
2025-12-29,07:55:52,64.5,3711.35,43,33.0
2025-12-29,07:56:02,64.2,3741.43,43,33.0
2025-12-29,07:56:13,64.9,3697.62,43,33.0
2025-12-29,07:56:23,65.5,3808.26,43,33.0
2025-12-29,07:56:33,64.8,3868.69,43,33.0
2025-12-29,07:56:43,64.2,3923.34,43,33.0
2025-12-29,07:56:53,64.1,3625.07,43,33.0
2025-12-29,07:57:03,64.2,3761.50,43,33.0
2025-12-29,07:57:14,64.9,3872.64,43,33.0
2025-12-29,07:57:24,64.2,4141.66,43,33.0
2025-12-29,07:57:34,65.1,3725.27,43,33.0
2025-12-29,07:57:44,64.4,3541.14,43,33.0
2025-12-29,07:57:54,64.4,3503.18,43,33.0
2025-12-29,07:58:04,64.9,3443.88,43,33.0
2025-12-29,07:58:15,62.2,3841.70,43,33.0
2025-12-29,07:58:25,61.6,3867.46,43,33.0
2025-12-29,07:58:35,69.0,3675.81,43,33.0
2025-12-29,07:58:45,65.6,3765.36,43,33.0
2025-12-29,07:58:55,66.6,4266.59,43,33.0
2025-12-29,07:59:05,66.1,4423.50,43,33.0
2025-12-29,07:59:16,66.4,3390.64,43,33.0
2025-12-29,07:59:26,65.9,3559.19,43,33.0
2025-12-29,07:59:36,65.9,3376.80,43,33.0
2025-12-29,07:59:46,65.4,3809.75,43,33.0
2025-12-29,07:59:56,66.4,3613.39,43,33.0
2025-12-29,08:00:06,66.1,4045.15,43,33.0
2025-12-29,08:00:17,66.5,4989.58,43,33.0
2025-12-29,08:00:27,66.8,3682.67,43,33.0
2025-12-29,08:00:37,66.6,4039.04,43,33.0
2025-12-29,08:00:47,66.0,3925.16,43,33.0
2025-12-29,08:00:57,66.4,3530.56,43,33.0
2025-12-29,08:01:07,67.1,3829.33,43,33.0
2025-12-29,08:01:18,66.5,3576.73,43,33.0
2025-12-29,08:01:28,66.6,3706.25,43,33.0
2025-12-29,08:01:38,66.8,3638.52,43,32.0
2025-12-29,08:01:48,65.9,4012.72,43,33.0
2025-12-29,08:01:58,65.8,3998.32,43,33.0
2025-12-29,08:02:08,66.2,4039.87,43,33.0
2025-12-29,08:02:19,63.2,3592.39,43,32.0
2025-12-29,08:02:29,60.4,3542.13,43,33.0
2025-12-29,08:02:39,70.1,3472.86,43,33.0
2025-12-29,08:02:49,65.5,3666.53,43,33.0
2025-12-29,08:02:59,64.5,3504.87,43,33.0
2025-12-29,08:03:09,65.1,3387.25,43,33.0
2025-12-29,08:03:20,65.1,3766.53,43,32.0
2025-12-29,08:03:30,65.2,3641.26,43,33.0
2025-12-29,08:03:40,65.0,3796.08,43,33.0
2025-12-29,08:03:50,65.5,3434.05,43,33.0
2025-12-29,08:04:00,64.9,3671.80,43,33.0
2025-12-29,08:04:10,65.5,3855.49,43,32.0
2025-12-29,08:04:21,66.1,3984.32,43,33.0
2025-12-29,08:04:31,65.4,3845.02,43,33.0
2025-12-29,08:04:41,64.9,3968.26,43,33.0
2025-12-29,08:04:51,64.5,3514.51,43,33.0
2025-12-29,08:05:01,65.4,3744.09,43,33.0
2025-12-29,08:05:11,65.0,3913.66,43,33.0
2025-12-29,08:05:22,64.6,4460.06,43,33.0
2025-12-29,08:05:32,65.5,3731.02,43,33.0
2025-12-29,08:05:42,64.9,3593.03,43,33.0
2025-12-29,08:05:52,64.9,3889.87,43,33.0
2025-12-29,08:06:02,62.5,3660.63,43,33.0
2025-12-29,08:06:12,60.8,4129.88,43,33.0
2025-12-29,08:06:23,63.2,4257.08,43,32.0
2025-12-29,08:06:33,60.4,3474.66,43,33.0
2025-12-29,08:06:43,64.0,3464.80,43,33.0
2025-12-29,08:06:53,64.8,3674.97,43,33.0
2025-12-29,08:07:03,65.1,3545.11,43,33.0
2025-12-29,08:07:13,65.2,3983.81,43,33.0
2025-12-29,08:07:24,64.9,3585.37,43,33.0
2025-12-29,08:07:34,65.0,3832.06,43,33.0
2025-12-29,08:07:44,64.8,3616.69,43,33.0
2025-12-29,08:07:54,64.9,3562.42,43,33.0
2025-12-29,08:08:04,64.9,3852.36,43,33.0
2025-12-29,08:08:14,64.6,3428.77,43,33.0
2025-12-29,08:08:25,65.0,3627.69,43,33.0
2025-12-29,08:08:35,64.8,4097.77,43,33.0
2025-12-29,08:08:45,64.6,3729.06,43,33.0
2025-12-29,08:08:55,64.8,3822.74,43,32.0
2025-12-29,08:09:05,65.1,3531.92,43,33.0
2025-12-29,08:09:16,64.4,3422.71,43,33.0
2025-12-29,08:09:26,64.5,3893.36,43,33.0
2025-12-29,08:09:36,64.9,3514.72,43,33.0
2025-12-29,08:09:46,65.1,3776.55,43,33.0
2025-12-29,08:09:56,65.6,4529.33,43,33.0
2025-12-29,08:10:06,62.6,3597.02,43,33.0
2025-12-29,08:10:17,62.5,3813.48,43,33.0
2025-12-29,08:10:27,66.6,3535.21,43,33.0
2025-12-29,08:10:37,66.6,3327.44,43,33.0
2025-12-29,08:10:47,67.1,3676.00,43,33.0
2025-12-29,08:10:57,65.9,3944.86,43,33.0
2025-12-29,08:11:07,65.8,3630.85,43,33.0
2025-12-29,08:11:18,65.8,4203.74,43,32.0
2025-12-29,08:11:28,66.0,3486.38,43,33.0
2025-12-29,08:11:38,65.6,3551.86,43,33.0
2025-12-29,08:11:48,66.5,3271.30,43,33.0
2025-12-29,08:11:58,66.6,3523.63,43,33.0
2025-12-29,08:12:08,66.5,3544.38,43,33.0
2025-12-29,08:12:19,66.5,3989.31,43,33.0
2025-12-29,08:12:29,66.0,3688.73,43,33.0
2025-12-29,08:12:39,65.6,3738.31,43,33.0
2025-12-29,08:12:49,65.2,4117.61,43,33.0
2025-12-29,08:12:59,65.9,3548.27,43,33.0
2025-12-29,08:13:09,66.2,3566.25,43,33.0
2025-12-29,08:13:20,66.6,3657.73,43,33.0
2025-12-29,08:13:30,66.4,3671.36,43,33.0
2025-12-29,08:13:40,66.0,3620.03,43,33.0
2025-12-29,08:13:50,65.6,3431.43,43,33.0
2025-12-29,08:14:00,62.8,3846.58,43,32.0
2025-12-29,08:14:10,60.0,3599.53,43,33.0
2025-12-29,08:14:21,69.4,3420.12,43,33.0
2025-12-29,08:14:31,64.2,3548.23,43,33.0
2025-12-29,08:14:41,65.2,3462.91,43,33.0
2025-12-29,08:14:51,65.0,3876.32,43,33.0
2025-12-29,08:15:01,64.9,3303.72,43,33.0
2025-12-29,08:15:11,64.5,3580.88,43,33.0
2025-12-29,08:15:22,64.6,3930.59,43,33.0
2025-12-29,08:15:32,64.1,3952.57,43,33.0
2025-12-29,08:15:42,64.6,4421.20,43,33.0
2025-12-29,08:15:52,64.4,3921.33,43,33.0
2025-12-29,08:16:02,65.5,3510.87,43,32.0
2025-12-29,08:16:12,64.9,3721.52,43,33.0
2025-12-29,08:16:23,65.5,4217.98,43,33.0
2025-12-29,08:16:33,65.0,3663.35,43,33.0
2025-12-29,08:16:43,64.8,3508.96,43,33.0
2025-12-29,08:16:53,64.9,3608.59,43,32.0
2025-12-29,08:17:03,65.0,3591.65,43,32.0
2025-12-29,08:17:14,64.9,3561.70,43,33.0
2025-12-29,08:17:24,64.6,3821.76,43,33.0
2025-12-29,08:17:34,65.4,4049.72,43,33.0
2025-12-29,08:17:44,64.8,3749.75,43,33.0
2025-12-29,08:17:54,62.4,4372.63,43,33.0
2025-12-29,08:18:04,59.4,3561.36,43,33.0
2025-12-29,08:18:15,67.8,4069.20,43,33.0
2025-12-29,08:18:25,64.8,3881.56,43,33.0
2025-12-29,08:18:35,65.0,4277.75,43,33.0
2025-12-29,08:18:45,64.6,3756.07,43,33.0
2025-12-29,08:18:55,64.4,3352.58,43,33.0
2025-12-29,08:19:05,64.6,4359.50,43,33.0
2025-12-29,08:19:16,64.9,4180.35,43,33.0
2025-12-29,08:19:26,64.5,3397.31,43,33.0
2025-12-29,08:19:36,64.8,3610.29,43,33.0
2025-12-29,08:19:46,64.0,4220.48,43,33.0
2025-12-29,08:19:56,64.6,3870.11,43,33.0
2025-12-29,08:20:06,64.4,3536.93,43,33.0
2025-12-29,08:20:17,64.6,3908.50,43,33.0
2025-12-29,08:20:27,64.5,3408.74,43,33.0
2025-12-29,08:20:37,65.5,3804.30,43,33.0
2025-12-29,08:20:47,65.5,3530.75,43,32.0
2025-12-29,08:20:57,64.8,3624.41,43,33.0
2025-12-29,08:21:07,65.0,3562.28,43,33.0
2025-12-29,08:21:18,64.5,3840.26,43,33.0
2025-12-29,08:21:28,64.5,3641.58,43,33.0
2025-12-29,08:21:38,65.5,3592.26,43,33.0
2025-12-29,08:21:48,63.0,3985.13,43,33.0
2025-12-29,08:21:58,59.5,3702.19,43,33.0
2025-12-29,08:22:09,67.9,3409.73,43,33.0
2025-12-29,08:22:19,66.0,3769.23,43,33.0
2025-12-29,08:22:29,67.0,3551.23,43,33.0
2025-12-29,08:22:39,67.0,3790.04,43,33.0
2025-12-29,08:22:49,66.5,3477.75,43,32.0
2025-12-29,08:22:59,65.5,3781.67,43,33.0
2025-12-29,08:23:10,66.4,3686.73,43,33.0
2025-12-29,08:23:20,66.6,3983.80,43,33.0
2025-12-29,08:23:30,66.1,3560.39,43,33.0
2025-12-29,08:23:40,66.2,3852.28,43,33.0
2025-12-29,08:23:50,66.4,3518.31,43,33.0
2025-12-29,08:24:00,67.1,3729.49,43,33.0
2025-12-29,08:24:11,67.4,3462.59,43,33.0
2025-12-29,08:24:21,66.4,4089.13,43,33.0
2025-12-29,08:24:31,66.5,3808.33,43,32.0
2025-12-29,08:24:41,66.9,3856.61,43,33.0
2025-12-29,08:24:51,65.4,3421.31,43,33.0
2025-12-29,08:25:01,66.1,3463.82,43,33.0
2025-12-29,08:25:12,66.0,3776.90,43,33.0
2025-12-29,08:25:22,66.2,3636.57,43,33.0
2025-12-29,08:25:32,66.5,3767.99,43,33.0
2025-12-29,08:25:42,67.1,3844.08,43,33.0
2025-12-29,08:25:52,60.6,3639.91,43,33.0
2025-12-29,08:26:02,60.1,4001.26,43,32.0
2025-12-29,08:26:13,62.4,3741.02,43,33.0
2025-12-29,08:26:23,65.1,3498.49,43,33.0
2025-12-29,08:26:33,65.1,3413.32,43,33.0
2025-12-29,08:26:43,65.2,3623.37,43,33.0
2025-12-29,08:26:53,65.4,3709.51,43,33.0
2025-12-29,08:27:03,65.5,3897.25,43,33.0
2025-12-29,08:27:14,64.8,3492.71,43,33.0
2025-12-29,08:27:24,64.6,3923.53,43,33.0
2025-12-29,08:27:34,64.5,3689.27,43,33.0
2025-12-29,08:27:44,64.6,3535.52,43,33.0
2025-12-29,08:27:54,65.4,4076.85,43,33.0
2025-12-29,08:28:04,66.4,4253.10,43,33.0
2025-12-29,08:28:15,64.9,3418.89,43,33.0
2025-12-29,08:28:25,65.1,4061.03,43,33.0
2025-12-29,08:28:35,65.8,3382.04,43,33.0
2025-12-29,08:28:45,64.4,3637.25,43,33.0
2025-12-29,08:28:55,64.0,3868.28,43,33.0
2025-12-29,08:29:06,65.5,3555.71,43,33.0
2025-12-29,08:29:16,64.9,3433.89,43,33.0
2025-12-29,08:29:26,65.1,3569.42,43,33.0
2025-12-29,08:29:36,63.6,3805.87,43,33.0
2025-12-29,08:29:46,61.5,3697.64,43,33.0
2025-12-29,08:29:56,68.9,3529.34,43,33.0
2025-12-29,08:30:07,63.4,3759.98,43,33.0
2025-12-29,08:30:17,64.5,3809.66,43,33.0
2025-12-29,08:30:27,64.6,3827.30,43,33.0
2025-12-29,08:30:37,64.2,4152.45,43,33.0
2025-12-29,08:30:47,64.6,3928.53,43,33.0
2025-12-29,08:30:57,64.4,3477.68,43,33.0
2025-12-29,08:31:08,64.4,3867.57,43,33.0
2025-12-29,08:31:18,65.1,3721.98,43,33.0
2025-12-29,08:31:28,64.9,3833.74,43,33.0
2025-12-29,08:31:38,65.6,3909.10,43,33.0
2025-12-29,08:31:48,65.1,3547.31,43,33.0
2025-12-29,08:31:58,64.8,3669.90,43,33.0
2025-12-29,08:32:09,64.6,3435.18,43,33.0
2025-12-29,08:32:19,65.2,3546.84,43,33.0
2025-12-29,08:32:29,64.6,3401.69,43,33.0
2025-12-29,08:32:39,64.8,4073.79,43,33.0
2025-12-29,08:32:49,65.5,3557.36,43,33.0
2025-12-29,08:32:59,64.5,3521.19,43,33.0
2025-12-29,08:33:10,64.0,3760.04,43,33.0
2025-12-29,08:33:20,65.1,4137.71,43,33.0
2025-12-29,08:33:30,63.8,3493.50,43,33.0
2025-12-29,08:33:40,63.1,4060.02,43,33.0
2025-12-29,08:33:50,63.5,3343.86,43,33.0
2025-12-29,08:34:00,67.1,3645.43,43,33.0
2025-12-29,08:34:11,66.1,3316.15,43,33.0
2025-12-29,08:34:21,66.4,3623.79,43,33.0
2025-12-29,08:34:31,65.2,3689.01,43,33.0
2025-12-29,08:34:41,66.4,3500.84,43,33.0
2025-12-29,08:34:51,66.2,3786.60,43,33.0
2025-12-29,08:35:01,66.1,3705.69,43,33.0
2025-12-29,08:35:12,67.5,3515.94,43,33.0
2025-12-29,08:35:22,65.9,3990.13,43,32.0
2025-12-29,08:35:32,65.8,3594.72,43,32.0
2025-12-29,08:35:42,65.6,3741.40,43,33.0
2025-12-29,08:35:52,65.9,3595.53,43,32.0
2025-12-29,08:36:02,66.8,3589.67,43,33.0
2025-12-29,08:36:13,66.1,3341.21,43,33.0
2025-12-29,08:36:23,66.8,3490.55,43,33.0
2025-12-29,08:36:33,66.0,3910.50,43,33.0
2025-12-29,08:36:43,66.0,3399.33,43,33.0
2025-12-29,08:36:53,65.9,3700.82,43,32.0
2025-12-29,08:37:04,66.5,3790.13,43,33.0
2025-12-29,08:37:14,66.5,3928.96,43,33.0
2025-12-29,08:37:24,66.8,3545.34,43,33.0
2025-12-29,08:37:34,64.1,3519.87,43,32.0
2025-12-29,08:37:44,59.4,3443.11,43,33.0
2025-12-29,08:37:54,67.2,3422.24,43,33.0
2025-12-29,08:38:05,63.1,3863.09,43,33.0
2025-12-29,08:38:15,64.8,3612.05,43,32.0
2025-12-29,08:38:25,64.8,3595.42,43,33.0
2025-12-29,08:38:35,64.6,3377.62,43,33.0
2025-12-29,08:38:45,65.1,3574.63,43,33.0
2025-12-29,08:38:55,64.6,3692.87,43,33.0
2025-12-29,08:39:06,64.8,3730.60,43,33.0
2025-12-29,08:39:16,64.8,3616.77,43,33.0
2025-12-29,08:39:26,64.2,3777.28,43,33.0
2025-12-29,08:39:36,64.8,3738.27,43,33.0
2025-12-29,08:39:46,64.6,3676.55,43,33.0
2025-12-29,08:39:56,64.2,3680.91,43,33.0
2025-12-29,08:40:07,64.0,3951.49,43,33.0
2025-12-29,08:40:17,65.1,3798.70,43,33.0
2025-12-29,08:40:27,65.2,4009.37,43,32.0
2025-12-29,08:40:37,64.9,3588.37,43,33.0
2025-12-29,08:40:47,66.0,3806.25,43,33.0
2025-12-29,08:40:57,64.9,3533.14,43,33.0
2025-12-29,08:41:08,65.2,3464.82,43,32.0
2025-12-29,08:41:18,65.0,3836.98,43,33.0
2025-12-29,08:41:28,63.2,3560.00,43,32.0
2025-12-29,08:41:38,58.6,3400.12,43,32.0
2025-12-29,08:41:48,65.5,3608.07,43,33.0
2025-12-29,08:41:58,65.8,3986.59,43,32.0
2025-12-29,08:42:09,64.8,4225.10,43,33.0
2025-12-29,08:42:19,64.9,3843.96,43,32.0
2025-12-29,08:42:29,64.4,3485.80,43,33.0
2025-12-29,08:42:39,64.8,4094.58,43,32.0
2025-12-29,08:42:49,64.6,4381.10,43,33.0
2025-12-29,08:42:59,64.4,4256.07,43,32.0
2025-12-29,08:43:10,64.8,3528.27,43,33.0
2025-12-29,08:43:20,64.6,4035.81,43,33.0
2025-12-29,08:43:30,64.4,3669.65,43,33.0
2025-12-29,08:43:40,64.4,3565.50,43,33.0
2025-12-29,08:43:50,65.8,3561.83,43,33.0
2025-12-29,08:44:00,65.2,3903.90,43,33.0
2025-12-29,08:44:11,64.8,3812.36,43,33.0
2025-12-29,08:44:21,65.2,3623.19,43,33.0
2025-12-29,08:44:31,64.8,3676.24,43,33.0
2025-12-29,08:44:41,65.0,3980.59,43,33.0
2025-12-29,08:44:51,65.0,3752.67,43,33.0
2025-12-29,08:45:01,65.4,4058.88,43,33.0
2025-12-29,08:45:12,65.2,4003.58,43,33.0
2025-12-29,08:45:22,66.2,3800.66,43,33.0
2025-12-29,08:45:32,63.8,3706.68,43,33.0
2025-12-29,08:45:42,59.0,4169.05,43,33.0
2025-12-29,08:45:52,68.6,3571.05,43,33.0
2025-12-29,08:46:03,67.0,3776.09,43,33.0
2025-12-29,08:46:13,67.0,4241.61,43,33.0
2025-12-29,08:46:23,66.6,4364.34,43,33.0
2025-12-29,08:46:33,67.1,3949.43,43,33.0
2025-12-29,08:46:43,67.1,3935.09,43,33.0
2025-12-29,08:46:53,66.5,4235.52,43,33.0
2025-12-29,08:47:04,65.9,4372.08,43,33.0
2025-12-29,08:47:14,66.9,4232.31,43,33.0
2025-12-29,08:47:24,66.8,3773.58,43,33.0
2025-12-29,08:47:34,66.6,3773.09,43,33.0
2025-12-29,08:47:44,66.9,4186.06,43,33.0
2025-12-29,08:47:54,67.2,3543.34,43,32.0
2025-12-29,08:48:05,68.1,4174.51,43,33.0
2025-12-29,08:48:15,66.8,4287.03,43,33.0
2025-12-29,08:48:25,65.9,3991.25,43,33.0
2025-12-29,08:48:35,66.9,4051.54,43,32.0
2025-12-29,08:48:45,66.6,4319.10,43,33.0
2025-12-29,08:48:55,66.4,3928.05,43,33.0
2025-12-29,08:49:06,66.9,3482.63,43,32.0
2025-12-29,08:49:16,67.0,4103.45,43,33.0
2025-12-29,08:49:26,64.6,4508.93,43,33.0
2025-12-29,08:49:36,59.0,3847.27,43,32.0
2025-12-29,08:49:46,66.2,3677.56,43,32.0
2025-12-29,08:49:56,62.5,3821.02,43,33.0
2025-12-29,08:50:07,66.1,3790.83,43,33.0
2025-12-29,08:50:17,66.6,4088.87,43,33.0
2025-12-29,08:50:27,65.6,3722.83,43,32.0
2025-12-29,08:50:37,64.9,3356.78,43,33.0
2025-12-29,08:50:47,65.4,3591.80,43,33.0
2025-12-29,08:50:57,65.4,3636.08,43,32.0
2025-12-29,08:51:08,65.1,4108.99,43,32.0
2025-12-29,08:51:18,64.9,3435.29,43,33.0
2025-12-29,08:51:28,66.1,3906.02,43,33.0
2025-12-29,08:51:38,65.4,3915.82,43,32.0
2025-12-29,08:51:48,64.8,3972.76,43,32.0
2025-12-29,08:51:58,65.4,3806.48,43,33.0
2025-12-29,08:52:09,66.2,3941.32,43,33.0
2025-12-29,08:52:19,65.1,3869.02,43,33.0
2025-12-29,08:52:29,66.2,3760.76,43,33.0
2025-12-29,08:52:39,65.2,4064.69,43,33.0
2025-12-29,08:52:49,64.6,3868.21,43,33.0
2025-12-29,08:52:59,64.5,3956.38,43,32.0
2025-12-29,08:53:10,64.4,3787.26,43,33.0
2025-12-29,08:53:20,63.9,4008.55,43,33.0
2025-12-29,08:53:30,59.1,4050.89,43,33.0
2025-12-29,08:53:40,68.9,3732.37,43,33.0
2025-12-29,08:53:50,65.4,4079.37,43,33.0
2025-12-29,08:54:00,65.0,3746.75,43,33.0
2025-12-29,08:54:11,64.9,4039.06,43,33.0
2025-12-29,08:54:21,64.6,3936.98,43,33.0
2025-12-29,08:54:31,65.4,3602.25,43,33.0
2025-12-29,08:54:41,65.8,4048.06,43,33.0
2025-12-29,08:54:51,64.9,3838.46,43,33.0
2025-12-29,08:55:01,65.8,3807.60,43,33.0
2025-12-29,08:55:12,65.5,3772.73,43,33.0
2025-12-29,08:55:22,65.1,4223.73,43,32.0
2025-12-29,08:55:32,65.0,4229.43,43,32.0
2025-12-29,08:55:42,65.1,4009.22,43,33.0
2025-12-29,08:55:52,65.5,3787.91,43,33.0
2025-12-29,08:56:02,65.5,3530.08,43,33.0
2025-12-29,08:56:13,65.6,3740.70,43,33.0
2025-12-29,08:56:23,66.2,3806.66,43,33.0
2025-12-29,08:56:33,65.6,4132.64,43,33.0
2025-12-29,08:56:43,65.4,3894.33,43,33.0
2025-12-29,08:56:53,65.0,4036.90,43,33.0
2025-12-29,08:57:03,65.4,3726.78,43,33.0
2025-12-29,08:57:14,65.6,3647.88,43,33.0
2025-12-29,08:57:24,64.1,4177.08,43,33.0
2025-12-29,08:57:34,59.2,3686.90,43,33.0
2025-12-29,08:57:44,68.4,3860.88,43,32.0
2025-12-29,08:57:54,66.9,3919.78,43,32.0
2025-12-29,08:58:04,67.0,3595.73,43,33.0
2025-12-29,08:58:15,67.1,4110.65,43,33.0
2025-12-29,08:58:25,65.9,4013.14,43,33.0
2025-12-29,08:58:35,66.4,3850.25,43,33.0
2025-12-29,08:58:45,67.1,3819.13,43,33.0
2025-12-29,08:58:55,66.9,3816.07,43,33.0
2025-12-29,08:59:05,67.6,3931.84,43,33.0
2025-12-29,08:59:16,66.9,4333.75,43,33.0
2025-12-29,08:59:26,66.5,4118.69,43,33.0
2025-12-29,08:59:36,66.4,3788.44,43,33.0
2025-12-29,08:59:46,66.4,3752.77,43,33.0
2025-12-29,08:59:56,66.9,3846.37,43,33.0
2025-12-29,09:00:06,67.2,4132.08,43,32.0
2025-12-29,09:00:17,67.6,4201.98,43,33.0
2025-12-29,09:00:27,66.8,3791.16,43,32.0
2025-12-29,09:00:37,67.0,3868.02,43,33.0
2025-12-29,09:00:47,67.1,4221.62,43,33.0
2025-12-29,09:00:57,67.5,4315.20,43,33.0
2025-12-29,09:01:07,66.9,4047.66,43,33.0
2025-12-29,09:01:18,66.0,3973.65,43,33.0
2025-12-29,09:01:28,62.5,4228.09,43,32.0
2025-12-29,09:01:38,63.1,3790.63,43,33.0
2025-12-29,09:01:48,67.6,3630.86,43,33.0
2025-12-29,09:01:58,66.2,3528.21,43,33.0
2025-12-29,09:02:08,65.5,4095.94,43,33.0
2025-12-29,09:02:19,65.1,3991.86,43,32.0
2025-12-29,09:02:29,65.4,3817.72,43,33.0
2025-12-29,09:02:39,65.0,3811.91,43,33.0
2025-12-29,09:02:49,66.0,4025.46,43,33.0
2025-12-29,09:02:59,65.2,4083.87,43,33.0
2025-12-29,09:03:10,66.0,4034.35,43,32.0
2025-12-29,09:03:20,65.4,3630.32,43,33.0
2025-12-29,09:03:30,65.1,3956.50,43,33.0
2025-12-29,09:03:40,65.0,4147.77,43,33.0
2025-12-29,09:03:50,65.1,3559.29,43,33.0
2025-12-29,09:04:00,64.9,3907.25,43,33.0
2025-12-29,09:04:11,65.2,3988.95,43,32.0
2025-12-29,09:04:21,66.6,3485.00,43,33.0
2025-12-29,09:04:31,65.1,3646.51,43,33.0
2025-12-29,09:04:41,65.1,4316.36,43,33.0
2025-12-29,09:04:51,65.2,4754.82,43,33.0
2025-12-29,09:05:01,64.8,3843.09,43,33.0
2025-12-29,09:05:12,64.1,4191.66,43,32.0
2025-12-29,09:05:22,62.1,4246.84,43,33.0
2025-12-29,09:05:32,63.4,4369.51,43,33.0
2025-12-29,09:05:42,66.8,4159.04,43,33.0
2025-12-29,09:05:52,65.2,4115.25,43,33.0
2025-12-29,09:06:02,65.1,4098.53,43,32.0
2025-12-29,09:06:13,65.0,4254.12,43,33.0
2025-12-29,09:06:23,64.9,3962.76,43,33.0
2025-12-29,09:06:33,64.9,4015.08,43,33.0
2025-12-29,09:06:43,64.9,4120.08,43,33.0
2025-12-29,09:06:53,65.0,4310.25,43,33.0
2025-12-29,09:07:03,65.9,4137.39,43,33.0
2025-12-29,09:07:14,65.2,4652.05,43,33.0
2025-12-29,09:07:24,65.8,3766.53,43,33.0
2025-12-29,09:07:34,65.4,3576.04,43,33.0
2025-12-29,09:07:44,64.9,3731.97,43,33.0
2025-12-29,09:07:54,64.6,3839.56,43,33.0
2025-12-29,09:08:04,64.5,3740.96,43,33.0
2025-12-29,09:08:15,65.5,3812.72,43,33.0
2025-12-29,09:08:25,65.1,3842.33,43,33.0
2025-12-29,09:08:35,64.9,3722.07,43,33.0
2025-12-29,09:08:45,64.8,4126.36,43,33.0
2025-12-29,09:08:55,63.8,3959.92,43,33.0
2025-12-29,09:09:05,65.8,4030.73,43,33.0
2025-12-29,09:09:16,62.0,3973.95,43,33.0
2025-12-29,09:09:26,61.2,4090.89,43,33.0
2025-12-29,09:09:36,66.4,3694.06,43,33.0
2025-12-29,09:09:46,65.9,3594.53,43,33.0
2025-12-29,09:09:56,66.1,3787.60,43,33.0
2025-12-29,09:10:06,66.4,3862.73,43,33.0
2025-12-29,09:10:17,66.5,4373.91,43,33.0
2025-12-29,09:10:27,64.9,4141.88,43,33.0
2025-12-29,09:10:37,65.6,4227.29,43,33.0
2025-12-29,09:10:47,65.8,4305.24,43,33.0
2025-12-29,09:10:57,66.1,4340.88,43,33.0
2025-12-29,09:11:07,67.0,4313.30,43,33.0
2025-12-29,09:11:18,65.8,4331.88,43,33.0
2025-12-29,09:11:28,65.5,4632.81,43,33.0
2025-12-29,09:11:38,65.6,4429.68,43,33.0
2025-12-29,09:11:48,66.9,4137.13,43,33.0
2025-12-29,09:11:58,66.5,3609.71,43,33.0
2025-12-29,09:12:08,65.0,3666.34,43,33.0
2025-12-29,09:12:19,66.0,3421.62,43,33.0
2025-12-29,09:12:29,66.2,3763.02,43,33.0
2025-12-29,09:12:39,66.5,4244.22,43,33.0
2025-12-29,09:12:49,66.0,3978.12,43,33.0
2025-12-29,09:12:59,65.5,3380.79,43,33.0
2025-12-29,09:13:09,65.6,3838.31,43,33.0
2025-12-29,09:13:20,63.0,3550.42,43,33.0
2025-12-29,09:13:30,61.5,4243.33,43,33.0
2025-12-29,09:13:40,62.6,4042.45,43,33.0
2025-12-29,09:13:50,65.1,3395.02,43,33.0
2025-12-29,09:14:00,64.9,4670.30,43,33.0
2025-12-29,09:14:11,65.1,3988.88,43,33.0
2025-12-29,09:14:21,65.0,3499.39,43,33.0
2025-12-29,09:14:31,64.4,3690.28,43,33.0
2025-12-29,09:14:41,64.6,4140.24,43,33.0
2025-12-29,09:14:51,64.5,3550.06,43,32.0
2025-12-29,09:15:01,64.6,3593.19,43,32.0
2025-12-29,09:15:12,65.2,3779.99,43,33.0
2025-12-29,09:15:22,64.9,3603.69,43,33.0
2025-12-29,09:15:32,64.9,3712.01,43,33.0
2025-12-29,09:15:42,65.8,3610.42,43,33.0
2025-12-29,09:15:52,64.8,3602.85,43,33.0
2025-12-29,09:16:02,64.5,3900.39,43,33.0
2025-12-29,09:16:13,65.4,3420.87,43,33.0
2025-12-29,09:16:23,64.9,3503.89,43,33.0
2025-12-29,09:16:33,65.1,3684.12,43,33.0
2025-12-29,09:16:43,64.9,3842.86,43,33.0
2025-12-29,09:16:53,63.8,3827.36,43,33.0
2025-12-29,09:17:03,64.1,3399.69,43,33.0
2025-12-29,09:17:14,63.4,3755.59,43,33.0
2025-12-29,09:17:24,58.9,3653.69,43,33.0
2025-12-29,09:17:34,61.4,3397.99,43,33.0
2025-12-29,09:17:44,64.0,4361.60,43,33.0
2025-12-29,09:17:54,64.2,3565.56,43,32.0
2025-12-29,09:18:04,64.6,3702.66,43,33.0
2025-12-29,09:18:15,64.1,4024.67,43,33.0
2025-12-29,09:18:25,64.1,3707.36,43,33.0
2025-12-29,09:18:35,64.8,3768.99,43,33.0
2025-12-29,09:18:45,64.9,3728.40,43,33.0
2025-12-29,09:18:55,64.8,3731.30,43,33.0
2025-12-29,09:19:06,64.1,3332.06,43,33.0
2025-12-29,09:19:16,65.1,3713.82,43,33.0
2025-12-29,09:19:26,64.5,3617.83,43,33.0
2025-12-29,09:19:36,64.5,3703.53,43,33.0
2025-12-29,09:19:46,64.5,3449.72,43,33.0
2025-12-29,09:19:56,64.8,3699.46,43,33.0
2025-12-29,09:20:07,65.1,3581.13,43,33.0
2025-12-29,09:20:17,64.9,3297.63,43,33.0
2025-12-29,09:20:27,63.9,4064.41,43,33.0
2025-12-29,09:20:37,64.2,3766.02,43,33.0
2025-12-29,09:20:47,64.1,3457.33,43,33.0
2025-12-29,09:20:57,63.9,3857.29,43,33.0
2025-12-29,09:21:08,63.9,3613.37,43,33.0
2025-12-29,09:21:18,62.2,3449.70,43,33.0
2025-12-29,09:21:28,60.1,3465.22,43,33.0
2025-12-29,09:21:38,59.4,3486.44,43,33.0
2025-12-29,09:21:48,66.6,4188.39,43,33.0
2025-12-29,09:21:58,65.6,3487.69,43,33.0
2025-12-29,09:22:09,66.9,3702.29,43,33.0
2025-12-29,09:22:19,66.0,3807.01,43,33.0
2025-12-29,09:22:29,66.1,4338.81,43,33.0
2025-12-29,09:22:39,66.4,3970.55,43,33.0
2025-12-29,09:22:49,66.6,3589.32,43,33.0
2025-12-29,09:22:59,66.0,3715.66,43,33.0
2025-12-29,09:23:10,65.8,4640.06,43,33.0
2025-12-29,09:23:20,66.1,4284.43,43,33.0
2025-12-29,09:23:30,66.4,3856.31,43,33.0
2025-12-29,09:23:40,65.9,3604.47,43,33.0
2025-12-29,09:23:50,66.6,3452.85,43,33.0
2025-12-29,09:24:00,65.4,3855.84,43,33.0
2025-12-29,09:24:11,65.8,3785.92,43,33.0
2025-12-29,09:24:21,66.1,3931.68,43,33.0
2025-12-29,09:24:31,66.2,3689.91,43,33.0
2025-12-29,09:24:41,67.0,3945.19,43,33.0
2025-12-29,09:24:51,66.9,3857.05,43,33.0
2025-12-29,09:25:01,66.0,3963.03,43,33.0
2025-12-29,09:25:12,66.2,3403.38,43,33.0
2025-12-29,09:25:22,62.4,3787.28,43,33.0
2025-12-29,09:25:32,60.9,3468.87,43,33.0
2025-12-29,09:25:42,63.1,3756.33,43,33.0
2025-12-29,09:25:52,65.6,3881.85,43,33.0
2025-12-29,09:26:02,64.6,3567.39,43,33.0
2025-12-29,09:26:13,65.2,3555.69,43,32.0
2025-12-29,09:26:23,64.2,3511.26,43,33.0
2025-12-29,09:26:33,63.6,3641.47,43,33.0
2025-12-29,09:26:43,64.6,3655.98,43,33.0
2025-12-29,09:26:53,64.6,3607.36,43,33.0
2025-12-29,09:27:03,65.2,3811.48,43,33.0
2025-12-29,09:27:14,64.9,3640.41,43,32.0
2025-12-29,09:27:24,65.1,3963.87,43,33.0
2025-12-29,09:27:34,64.2,3308.07,43,33.0
2025-12-29,09:27:44,65.1,4101.99,43,33.0
2025-12-29,09:27:54,65.2,3623.00,43,33.0
2025-12-29,09:28:04,65.2,3742.06,43,33.0
2025-12-29,09:28:15,64.8,4591.71,43,33.0
2025-12-29,09:28:25,64.5,3529.13,43,33.0
2025-12-29,09:28:35,65.2,3950.85,43,33.0
2025-12-29,09:28:45,64.2,3720.20,43,33.0
2025-12-29,09:28:55,64.6,4294.89,43,33.0
2025-12-29,09:29:06,65.5,3440.60,43,33.0
2025-12-29,09:29:16,63.0,3483.65,43,33.0
2025-12-29,09:29:26,60.8,3691.09,43,33.0
2025-12-29,09:29:36,64.4,3563.49,43,33.0
2025-12-29,09:29:46,64.5,3584.50,43,33.0
2025-12-29,09:29:56,65.8,3815.18,43,33.0
2025-12-29,09:30:07,64.1,3859.81,43,33.0
2025-12-29,09:30:17,64.6,3894.48,43,33.0
2025-12-29,09:30:27,63.6,4143.15,43,33.0
2025-12-29,09:30:37,63.9,3784.92,43,33.0
2025-12-29,09:30:47,64.0,3816.32,43,33.0
2025-12-29,09:30:57,64.4,3634.99,43,33.0
2025-12-29,09:31:08,64.4,3514.07,43,33.0
2025-12-29,09:31:18,64.6,3521.63,43,33.0
2025-12-29,09:31:28,64.8,4155.90,43,33.0
2025-12-29,09:31:38,64.8,3876.23,43,33.0
2025-12-29,09:31:48,64.4,3667.52,43,33.0
2025-12-29,09:31:58,64.2,3776.15,43,33.0
2025-12-29,09:32:09,64.6,3417.59,43,33.0
2025-12-29,09:32:19,64.4,4991.51,43,33.0
2025-12-29,09:32:29,64.8,3962.08,43,33.0
2025-12-29,09:32:39,64.6,4142.57,43,33.0
2025-12-29,09:32:49,64.1,3861.60,43,33.0
2025-12-29,09:32:59,63.9,3485.71,43,33.0
2025-12-29,09:33:10,62.8,3713.45,43,33.0
2025-12-29,09:33:20,62.6,3723.23,43,33.0
2025-12-29,09:33:30,63.8,3558.63,43,33.0
2025-12-29,09:33:40,66.0,3366.05,43,33.0
2025-12-29,09:33:50,66.8,3399.02,43,33.0
2025-12-29,09:34:00,67.1,3404.03,43,33.0
2025-12-29,09:34:11,65.9,4276.60,43,33.0
2025-12-29,09:34:21,65.0,3680.77,43,33.0
2025-12-29,09:34:31,66.1,3760.56,43,32.0
2025-12-29,09:34:41,65.8,3982.34,43,33.0
2025-12-29,09:34:51,66.0,3593.16,43,33.0
2025-12-29,09:35:02,66.4,3702.81,43,33.0
2025-12-29,09:35:12,66.8,3778.43,43,33.0
2025-12-29,09:35:22,66.6,3976.09,43,33.0
2025-12-29,09:35:32,66.5,3793.46,43,33.0
2025-12-29,09:35:42,67.4,3682.81,43,32.0
2025-12-29,09:35:52,65.8,3764.27,43,32.0
2025-12-29,09:36:03,65.6,3433.87,43,33.0
2025-12-29,09:36:13,65.5,3576.62,43,32.0
2025-12-29,09:36:23,66.2,3932.64,43,32.0
2025-12-29,09:36:33,66.5,4289.98,43,32.0
2025-12-29,09:36:43,66.6,3672.75,43,33.0
2025-12-29,09:36:53,66.4,3744.04,43,33.0
2025-12-29,09:37:04,66.5,3541.34,43,33.0
2025-12-29,09:37:14,62.8,3967.66,43,32.0
2025-12-29,09:37:24,57.8,3587.16,43,32.0
2025-12-29,09:37:34,69.8,3590.99,43,33.0
2025-12-29,09:37:44,64.8,3609.68,43,33.0
2025-12-29,09:37:54,64.6,3554.27,43,33.0
2025-12-29,09:38:05,64.8,3513.92,43,33.0
2025-12-29,09:38:15,64.6,4235.87,43,32.0
2025-12-29,09:38:25,64.2,3299.15,43,33.0
2025-12-29,09:38:35,64.5,3624.32,43,32.0
2025-12-29,09:38:45,64.1,4055.92,43,33.0
2025-12-29,09:38:55,65.2,3892.55,43,33.0
2025-12-29,09:39:06,65.1,3598.09,43,33.0
2025-12-29,09:39:16,65.4,3497.46,43,33.0
2025-12-29,09:39:26,64.9,3645.64,43,33.0
2025-12-29,09:39:36,64.9,3579.04,43,33.0
2025-12-29,09:39:46,64.4,3887.22,43,32.0
2025-12-29,09:39:56,64.6,3715.80,43,33.0
2025-12-29,09:40:07,64.9,3753.99,43,33.0
2025-12-29,09:40:17,64.5,3746.95,43,33.0
2025-12-29,09:40:27,64.6,3306.33,43,33.0
2025-12-29,09:40:37,64.6,3541.54,43,33.0
2025-12-29,09:40:47,65.4,3604.99,43,33.0
2025-12-29,09:40:57,64.9,3365.07,43,33.0
2025-12-29,09:41:08,61.0,3760.19,43,33.0
2025-12-29,09:41:18,58.4,3776.68,43,33.0
2025-12-29,09:41:28,69.4,3583.53,43,33.0
2025-12-29,09:41:38,65.0,4185.06,43,32.0
2025-12-29,09:41:48,64.9,4753.28,43,33.0
2025-12-29,09:41:58,64.8,3695.91,43,33.0
2025-12-29,09:42:09,64.6,3788.04,43,33.0
2025-12-29,09:42:19,64.8,3855.64,43,33.0
2025-12-29,09:42:29,64.5,3769.12,43,33.0
2025-12-29,09:42:39,64.4,3827.30,43,33.0
2025-12-29,09:42:49,64.6,3588.48,43,33.0
2025-12-29,09:42:59,65.2,4343.32,43,33.0
2025-12-29,09:43:10,65.0,3656.01,43,33.0
2025-12-29,09:43:20,65.6,3238.93,43,33.0
2025-12-29,09:43:30,64.6,3776.42,43,32.0
2025-12-29,09:43:40,64.8,3858.21,43,33.0
2025-12-29,09:43:50,64.5,3888.23,43,33.0
2025-12-29,09:44:00,64.8,3498.62,43,33.0
2025-12-29,09:44:11,65.0,3617.46,43,33.0
2025-12-29,09:44:21,65.0,3865.10,43,33.0
2025-12-29,09:44:31,64.9,3405.75,43,33.0
2025-12-29,09:44:41,64.9,3759.64,43,33.0
2025-12-29,09:44:51,64.8,3912.86,43,33.0
2025-12-29,09:45:01,62.8,3862.49,43,33.0
2025-12-29,09:45:12,60.8,3448.15,43,33.0
2025-12-29,09:45:22,60.0,3682.22,43,33.0
2025-12-29,09:45:32,66.5,3525.15,43,33.0
2025-12-29,09:45:42,67.1,3401.87,43,33.0
2025-12-29,09:45:52,65.6,4459.04,43,33.0
2025-12-29,09:46:02,66.4,3784.56,43,32.0
2025-12-29,09:46:13,66.2,3603.93,43,33.0
2025-12-29,09:46:23,66.2,3747.38,43,33.0
2025-12-29,09:46:33,66.2,3820.12,43,33.0
2025-12-29,09:46:43,67.1,3559.49,43,33.0
2025-12-29,09:46:53,66.8,3483.84,43,33.0
2025-12-29,09:47:03,66.4,3714.09,43,32.0
2025-12-29,09:47:14,65.6,3853.11,43,33.0
2025-12-29,09:47:24,65.9,3629.42,43,33.0
2025-12-29,09:47:34,66.0,3753.48,43,32.0
2025-12-29,09:47:44,66.2,3504.43,43,33.0
2025-12-29,09:47:54,65.9,3602.38,43,32.0
2025-12-29,09:48:04,66.9,3592.78,43,33.0
2025-12-29,09:48:15,66.6,4238.84,43,33.0
2025-12-29,09:48:25,66.1,3726.34,43,33.0
2025-12-29,09:48:35,65.9,3669.22,43,33.0
2025-12-29,09:48:45,65.6,3687.37,43,33.0
2025-12-29,09:48:55,66.8,3449.18,43,32.0
2025-12-29,09:49:05,63.4,3423.36,43,33.0
2025-12-29,09:49:16,62.1,4594.43,43,33.0
2025-12-29,09:49:26,70.1,3546.10,43,33.0
2025-12-29,09:49:36,65.6,3531.17,43,32.0
2025-12-29,09:49:46,64.6,3815.50,43,32.0
2025-12-29,09:49:56,64.9,3470.85,43,33.0
2025-12-29,09:50:06,64.4,3462.81,43,33.0
2025-12-29,09:50:17,65.0,3811.49,43,33.0
2025-12-29,09:50:27,64.0,3649.50,43,33.0
2025-12-29,09:50:37,64.8,4154.95,43,32.0
2025-12-29,09:50:47,64.6,4065.31,43,33.0
2025-12-29,09:50:57,64.5,3685.17,43,33.0
2025-12-29,09:51:07,65.0,3385.39,43,32.0
2025-12-29,09:51:18,65.1,4357.11,43,32.0
2025-12-29,09:51:28,64.6,3696.77,43,33.0
2025-12-29,09:51:38,65.0,3808.09,43,33.0
2025-12-29,09:51:48,64.9,4039.57,43,33.0
2025-12-29,09:51:58,65.6,3720.59,43,33.0
2025-12-29,09:52:09,64.5,3578.83,43,33.0
2025-12-29,09:52:19,65.8,3856.56,43,33.0
2025-12-29,09:52:29,64.4,3644.27,43,33.0
2025-12-29,09:52:39,64.4,3774.93,43,33.0
2025-12-29,09:52:49,65.5,3824.70,43,33.0
2025-12-29,09:52:59,62.6,3592.06,43,33.0
2025-12-29,09:53:10,60.4,3645.78,43,33.0
2025-12-29,09:53:20,69.4,4162.44,43,32.0
2025-12-29,09:53:30,64.6,3733.06,43,33.0
2025-12-29,09:53:40,64.4,3687.13,43,33.0
2025-12-29,09:53:50,65.4,3736.42,43,33.0
2025-12-29,09:54:00,64.2,3724.21,43,33.0
2025-12-29,09:54:11,64.6,3697.11,43,33.0
2025-12-29,09:54:21,64.4,3685.81,43,33.0
2025-12-29,09:54:31,64.0,3853.91,43,33.0
2025-12-29,09:54:41,64.2,3592.37,43,33.0
2025-12-29,09:54:51,64.6,3600.66,43,33.0
2025-12-29,09:55:01,64.1,3612.97,43,33.0
2025-12-29,09:55:12,64.9,3637.34,43,33.0
2025-12-29,09:55:22,65.1,3622.40,43,33.0
2025-12-29,09:55:32,64.2,4286.94,43,33.0
2025-12-29,09:55:42,64.6,3888.02,43,33.0
2025-12-29,09:55:52,65.1,3637.35,43,33.0
2025-12-29,09:56:02,65.1,3357.36,43,33.0
2025-12-29,09:56:13,65.0,3860.51,43,33.0
2025-12-29,09:56:23,65.2,3785.85,43,33.0
2025-12-29,09:56:33,65.0,3764.32,43,33.0
2025-12-29,09:56:43,65.4,3648.85,43,33.0
2025-12-29,09:56:53,64.8,3482.45,43,33.0
2025-12-29,09:57:03,62.2,3895.14,43,33.0
2025-12-29,09:57:14,69.6,3542.44,43,33.0
2025-12-29,09:57:24,67.2,3552.66,43,33.0
2025-12-29,09:57:34,67.2,3934.68,43,33.0
2025-12-29,09:57:44,66.0,3999.03,43,32.0
2025-12-29,09:57:54,66.4,3686.48,43,33.0
2025-12-29,09:58:04,66.0,3759.21,43,33.0
2025-12-29,09:58:15,65.8,4066.33,43,33.0
2025-12-29,09:58:25,66.5,3635.77,43,33.0
2025-12-29,09:58:35,66.5,3635.10,43,33.0
2025-12-29,09:58:45,66.5,3604.54,43,32.0
2025-12-29,09:58:55,66.8,3782.23,43,33.0
2025-12-29,09:59:05,67.1,3665.01,43,33.0
2025-12-29,09:59:16,67.6,3337.38,43,33.0
2025-12-29,09:59:26,66.0,4542.56,43,33.0
2025-12-29,09:59:36,65.9,3807.72,43,33.0
2025-12-29,09:59:46,65.8,3362.86,43,33.0
2025-12-29,09:59:56,65.9,3558.36,43,32.0
2025-12-29,10:00:06,66.0,3333.66,43,32.0
2025-12-29,10:00:17,66.2,3710.89,43,33.0
2025-12-29,10:00:27,66.5,4762.72,43,33.0
2025-12-29,10:00:37,66.4,3953.46,43,33.0
2025-12-29,10:00:47,64.4,4135.57,43,33.0
2025-12-29,10:00:57,60.4,3771.16,43,33.0
2025-12-29,10:01:08,67.4,3514.78,43,33.0
2025-12-29,10:01:18,62.6,3626.41,43,33.0
2025-12-29,10:01:28,65.5,3675.87,43,33.0
2025-12-29,10:01:38,64.8,3338.71,43,33.0
2025-12-29,10:01:48,64.8,3559.80,43,33.0
2025-12-29,10:01:58,64.9,3581.05,43,33.0
2025-12-29,10:02:09,65.2,3622.82,43,33.0
2025-12-29,10:02:19,65.8,3637.74,43,33.0
2025-12-29,10:02:29,65.1,3508.24,43,33.0
2025-12-29,10:02:39,65.1,4266.34,43,33.0
2025-12-29,10:02:49,65.0,4252.57,43,33.0
2025-12-29,10:02:59,64.4,3557.83,43,33.0
2025-12-29,10:03:10,65.2,3769.30,43,33.0
2025-12-29,10:03:20,65.4,4016.99,43,33.0
2025-12-29,10:03:30,65.2,4037.77,43,33.0
2025-12-29,10:03:40,65.1,3772.25,43,33.0
2025-12-29,10:03:50,65.0,3491.21,43,33.0
2025-12-29,10:04:00,64.2,3819.57,43,33.0
2025-12-29,10:04:11,65.6,3631.34,43,32.0
2025-12-29,10:04:21,65.2,3744.31,43,33.0
2025-12-29,10:04:31,65.4,3725.47,43,33.0
2025-12-29,10:04:41,63.2,3702.60,43,32.0
2025-12-29,10:04:51,62.8,3583.78,43,33.0
2025-12-29,10:05:01,70.2,3352.47,43,33.0
2025-12-29,10:05:12,63.2,3877.74,43,33.0
2025-12-29,10:05:22,64.2,3947.90,43,33.0
2025-12-29,10:05:32,64.9,3502.88,43,33.0
2025-12-29,10:05:42,65.4,3442.76,43,33.0
2025-12-29,10:05:52,64.8,3517.35,43,33.0
2025-12-29,10:06:02,64.8,3836.47,43,33.0
2025-12-29,10:06:13,64.6,4072.80,43,33.0
2025-12-29,10:06:23,65.0,4048.15,43,33.0
2025-12-29,10:06:33,64.2,3627.30,43,33.0
2025-12-29,10:06:43,64.5,3838.46,43,33.0
2025-12-29,10:06:53,64.6,3318.01,43,33.0
2025-12-29,10:07:03,64.9,3434.99,43,33.0
2025-12-29,10:07:14,64.1,3654.76,43,33.0
2025-12-29,10:07:24,65.9,3744.98,43,33.0
2025-12-29,10:07:34,64.4,3530.68,43,33.0
2025-12-29,10:07:44,64.2,3451.48,43,33.0
2025-12-29,10:07:54,64.8,3400.86,43,33.0
2025-12-29,10:08:04,64.1,3649.41,43,33.0
2025-12-29,10:08:15,64.2,3503.21,43,33.0
2025-12-29,10:08:25,65.9,3689.96,43,33.0
2025-12-29,10:08:35,62.9,4634.79,43,33.0
2025-12-29,10:08:45,62.8,3985.41,43,33.0
2025-12-29,10:08:55,61.2,3789.65,43,33.0
2025-12-29,10:09:06,66.0,3595.70,43,33.0
2025-12-29,10:09:16,66.6,3424.67,43,33.0
2025-12-29,10:09:26,66.1,4253.30,43,33.0
2025-12-29,10:09:36,65.5,4883.70,43,33.0
2025-12-29,10:09:46,65.8,3773.71,43,33.0
2025-12-29,10:09:56,66.0,3631.34,43,33.0
2025-12-29,10:10:07,66.5,4258.37,43,33.0
2025-12-29,10:10:17,67.1,3612.22,43,33.0
2025-12-29,10:10:27,66.2,4172.49,43,33.0
2025-12-29,10:10:37,65.9,3741.10,43,33.0
2025-12-29,10:10:47,66.1,3726.99,43,33.0
2025-12-29,10:10:57,66.8,3689.01,43,33.0
2025-12-29,10:11:08,67.1,3749.63,43,33.0
2025-12-29,10:11:18,66.4,3563.83,43,33.0
2025-12-29,10:11:28,66.1,3462.64,43,33.0
2025-12-29,10:11:38,66.1,3733.53,43,33.0
2025-12-29,10:11:48,66.9,3423.22,43,33.0
2025-12-29,10:11:58,67.1,3751.73,43,33.0
2025-12-29,10:12:09,65.8,4174.46,43,33.0
2025-12-29,10:12:19,66.4,3599.05,43,33.0
2025-12-29,10:12:29,65.8,3565.72,43,32.0
2025-12-29,10:12:39,63.1,3693.95,43,33.0
2025-12-29,10:12:49,60.5,3432.16,43,33.0
2025-12-29,10:12:59,69.9,3363.10,43,33.0
2025-12-29,10:13:10,64.0,3579.52,43,33.0
2025-12-29,10:13:20,64.6,4211.92,43,33.0
2025-12-29,10:13:30,64.6,3972.84,43,33.0
2025-12-29,10:13:40,64.6,3687.68,43,33.0
2025-12-29,10:13:50,65.1,3314.20,43,33.0
2025-12-29,10:14:00,64.8,3491.96,43,33.0
2025-12-29,10:14:11,64.2,3601.91,43,33.0
2025-12-29,10:14:21,65.0,3677.30,43,33.0
2025-12-29,10:14:31,64.6,3744.31,43,33.0
2025-12-29,10:14:41,65.1,3633.38,43,33.0
2025-12-29,10:14:51,64.8,3813.65,43,33.0
2025-12-29,10:15:01,65.0,3529.15,43,33.0
2025-12-29,10:15:12,65.0,3497.76,43,33.0
2025-12-29,10:15:22,64.9,3738.88,43,33.0
2025-12-29,10:15:32,64.6,3638.68,43,33.0
2025-12-29,10:15:42,64.4,3736.25,43,33.0
2025-12-29,10:15:52,65.0,3809.67,43,33.0
2025-12-29,10:16:02,64.0,4172.92,43,32.0
2025-12-29,10:16:13,64.8,3766.10,43,33.0
2025-12-29,10:16:23,64.6,3863.72,43,33.0
2025-12-29,10:16:33,62.4,3586.47,43,33.0
2025-12-29,10:16:43,61.8,3770.48,43,33.0
2025-12-29,10:16:53,62.2,3599.28,43,33.0
2025-12-29,10:17:03,65.0,3343.41,43,33.0
2025-12-29,10:17:14,65.1,3543.13,43,33.0
2025-12-29,10:17:24,64.9,3622.74,43,33.0
2025-12-29,10:17:34,64.8,3490.45,43,33.0
2025-12-29,10:17:44,64.1,3387.00,43,33.0
2025-12-29,10:17:54,64.5,3933.40,43,33.0
2025-12-29,10:18:05,64.1,3887.81,43,33.0
2025-12-29,10:18:15,64.9,4022.33,43,33.0
2025-12-29,10:18:25,64.5,3548.41,43,33.0
2025-12-29,10:18:35,64.1,3760.27,43,33.0
2025-12-29,10:18:45,64.1,4156.53,43,33.0
2025-12-29,10:18:55,65.1,4016.80,43,33.0
2025-12-29,10:19:06,65.1,3476.77,43,33.0
2025-12-29,10:19:16,67.6,3697.46,43,33.0
2025-12-29,10:19:26,65.5,3672.85,43,33.0
2025-12-29,10:19:36,64.1,3385.83,43,33.0
2025-12-29,10:19:46,65.4,3699.77,43,33.0
2025-12-29,10:19:56,65.0,3652.23,43,33.0
2025-12-29,10:20:07,65.9,3545.21,43,33.0
2025-12-29,10:20:17,65.4,3515.72,43,33.0
2025-12-29,10:20:27,64.9,4608.29,43,33.0
2025-12-29,10:20:37,64.1,3633.29,43,33.0
2025-12-29,10:20:47,59.1,3513.16,43,33.0
2025-12-29,10:20:58,67.1,3531.01,43,33.0
2025-12-29,10:21:08,66.0,3433.90,43,33.0
2025-12-29,10:21:18,66.1,4072.27,43,33.0
2025-12-29,10:21:28,66.6,3847.71,43,33.0
2025-12-29,10:21:38,66.9,3604.36,43,33.0
2025-12-29,10:21:48,66.8,4094.33,43,33.0
2025-12-29,10:21:59,66.1,3505.28,43,33.0
2025-12-29,10:22:09,66.0,3800.44,43,33.0
2025-12-29,10:22:19,66.1,3710.54,43,33.0
2025-12-29,10:22:29,66.8,3575.92,43,33.0
2025-12-29,10:22:39,66.4,3598.83,43,33.0
2025-12-29,10:22:49,66.9,4614.93,43,33.0
2025-12-29,10:23:00,67.2,3752.19,43,33.0
2025-12-29,10:23:10,66.4,3467.50,43,33.0
2025-12-29,10:23:20,67.2,3716.34,43,33.0
2025-12-29,10:23:30,66.5,3735.12,43,33.0
2025-12-29,10:23:40,67.2,3549.62,43,33.0
2025-12-29,10:23:50,65.4,3722.64,43,33.0
2025-12-29,10:24:01,65.5,3778.17,43,33.0
2025-12-29,10:24:11,66.0,3650.14,43,33.0
2025-12-29,10:24:21,66.0,3716.40,43,33.0
2025-12-29,10:24:31,66.8,3852.57,43,33.0
2025-12-29,10:24:41,62.1,3587.67,43,33.0
2025-12-29,10:24:51,58.6,3967.44,43,33.0
2025-12-29,10:25:01,57.2,3576.54,43,33.0
2025-12-29,10:25:12,64.1,3872.35,43,33.0
2025-12-29,10:25:22,64.2,3791.63,43,33.0
2025-12-29,10:25:32,65.1,3676.73,43,33.0
2025-12-29,10:25:42,64.1,3921.14,43,33.0
2025-12-29,10:25:52,65.1,3850.52,43,33.0
2025-12-29,10:26:03,64.8,3629.44,43,33.0
2025-12-29,10:26:13,65.0,3824.85,43,33.0
2025-12-29,10:26:23,65.0,3303.92,43,33.0
2025-12-29,10:26:33,65.6,3722.41,43,33.0
2025-12-29,10:26:43,64.8,3615.11,43,33.0
2025-12-29,10:26:53,65.0,3668.24,43,33.0
2025-12-29,10:27:04,65.4,3976.38,43,33.0
2025-12-29,10:27:14,65.8,3672.65,43,33.0
2025-12-29,10:27:24,64.9,3630.82,43,33.0
2025-12-29,10:27:34,64.4,3905.47,43,33.0
2025-12-29,10:27:44,64.8,3968.05,43,33.0
2025-12-29,10:27:54,64.8,3845.54,43,33.0
2025-12-29,10:28:05,65.2,3848.34,43,33.0
2025-12-29,10:28:15,64.9,3546.37,43,33.0
2025-12-29,10:28:25,65.0,3608.91,43,33.0
2025-12-29,10:28:35,61.8,3432.87,43,33.0
2025-12-29,10:28:45,61.4,3891.73,43,33.0
2025-12-29,10:28:55,66.4,3751.51,43,33.0
2025-12-29,10:29:06,64.6,3743.20,43,33.0
2025-12-29,10:29:16,64.5,3580.04,43,33.0
2025-12-29,10:29:26,64.4,3508.82,43,33.0
2025-12-29,10:29:36,64.0,3946.36,43,33.0
2025-12-29,10:29:46,65.6,3471.82,43,33.0
2025-12-29,10:29:56,65.4,3931.89,43,33.0
2025-12-29,10:30:07,64.1,3563.13,43,33.0
2025-12-29,10:30:17,64.2,3970.95,43,33.0
2025-12-29,10:30:27,64.1,3469.13,43,33.0
2025-12-29,10:30:37,64.1,3596.25,43,33.0
2025-12-29,10:30:47,64.2,3795.03,43,33.0
2025-12-29,10:30:57,64.8,3610.73,43,33.0
2025-12-29,10:31:08,64.1,3950.36,43,33.0
2025-12-29,10:31:18,65.1,3648.14,43,33.0
2025-12-29,10:31:28,64.6,3696.97,43,33.0
2025-12-29,10:31:38,65.1,3827.54,43,33.0
2025-12-29,10:31:48,64.4,3466.35,43,33.0
2025-12-29,10:31:58,64.9,3592.33,43,33.0
2025-12-29,10:32:09,65.1,3854.14,43,33.0
2025-12-29,10:32:19,65.6,3439.91,43,33.0
2025-12-29,10:32:29,62.6,3611.88,43,33.0
2025-12-29,10:32:39,61.9,3561.05,43,33.0
2025-12-29,10:32:49,66.5,3924.74,43,33.0
2025-12-29,10:32:59,66.0,3590.02,43,33.0
2025-12-29,10:33:10,65.9,3603.47,43,33.0
2025-12-29,10:33:20,66.2,3493.31,43,33.0
2025-12-29,10:33:30,67.0,3641.19,43,33.0
2025-12-29,10:33:40,66.8,3964.39,43,33.0
2025-12-29,10:33:50,66.5,3793.43,43,33.0
2025-12-29,10:34:00,67.0,4015.41,43,33.0
2025-12-29,10:34:11,67.1,4331.88,43,33.0
2025-12-29,10:34:21,67.6,3650.29,43,33.0
2025-12-29,10:34:31,65.9,3472.99,43,33.0
2025-12-29,10:34:41,65.6,3578.21,43,33.0
2025-12-29,10:34:51,66.9,3885.57,43,33.0
2025-12-29,10:35:01,66.5,4028.45,43,33.0
2025-12-29,10:35:12,66.4,3792.83,43,33.0
2025-12-29,10:35:22,66.6,3586.41,43,33.0
2025-12-29,10:35:32,67.5,3752.71,43,33.0
2025-12-29,10:35:42,66.8,3687.76,43,33.0
2025-12-29,10:35:52,66.1,4021.55,43,33.0
2025-12-29,10:36:02,65.9,3643.91,43,33.0
2025-12-29,10:36:13,66.4,3678.28,43,33.0
2025-12-29,10:36:23,66.5,3508.83,43,33.0
2025-12-29,10:36:33,62.4,3428.32,43,33.0
2025-12-29,10:36:43,59.8,4180.56,43,33.0
2025-12-29,10:36:53,68.2,3687.32,43,33.0
2025-12-29,10:37:03,64.5,3866.19,43,33.0
2025-12-29,10:37:14,65.1,3583.67,43,33.0
2025-12-29,10:37:24,65.0,3333.00,43,33.0
2025-12-29,10:37:34,64.8,4704.07,43,33.0
2025-12-29,10:37:44,64.4,3424.12,43,33.0
2025-12-29,10:37:54,64.4,3569.53,43,33.0
2025-12-29,10:38:05,65.2,3489.71,43,33.0
2025-12-29,10:38:15,64.9,4016.31,43,33.0
2025-12-29,10:38:25,64.9,3301.07,43,33.0
2025-12-29,10:38:35,64.9,3748.44,43,33.0
2025-12-29,10:38:45,65.2,3818.13,43,33.0
2025-12-29,10:38:55,65.4,3467.57,43,33.0
2025-12-29,10:39:06,65.5,3937.09,43,33.0
2025-12-29,10:39:16,64.4,3496.47,43,33.0
2025-12-29,10:39:26,65.0,3835.85,43,33.0
2025-12-29,10:39:36,64.6,3680.59,43,33.0
2025-12-29,10:39:46,64.8,3665.39,43,33.0
2025-12-29,10:39:56,64.9,3725.58,43,33.0
2025-12-29,10:40:07,64.8,3753.03,43,33.0
2025-12-29,10:40:17,65.9,3760.25,43,33.0
2025-12-29,10:40:27,60.0,3603.37,43,33.0
2025-12-29,10:40:37,61.6,3955.63,43,33.0
2025-12-29,10:40:47,64.6,3832.50,43,33.0
2025-12-29,10:40:58,64.9,3491.79,43,33.0
2025-12-29,10:41:08,64.6,3510.65,43,33.0
2025-12-29,10:41:18,65.8,3904.06,43,33.0
2025-12-29,10:41:28,64.5,3374.42,43,33.0
2025-12-29,10:41:38,64.6,3777.36,43,33.0
2025-12-29,10:41:48,64.6,3662.62,43,33.0
2025-12-29,10:41:59,65.1,3566.37,43,33.0
2025-12-29,10:42:09,65.2,3609.32,43,33.0
2025-12-29,10:42:19,64.8,3336.82,43,33.0
2025-12-29,10:42:29,64.4,3785.95,43,33.0
2025-12-29,10:42:39,65.8,3633.88,43,33.0
2025-12-29,10:42:49,65.1,3694.08,43,33.0
2025-12-29,10:43:00,64.9,4027.71,43,33.0
2025-12-29,10:43:10,65.1,3865.37,43,33.0
2025-12-29,10:43:20,64.9,3707.27,43,33.0
2025-12-29,10:43:30,65.6,3634.84,43,33.0
2025-12-29,10:43:40,65.0,3827.21,43,33.0
2025-12-29,10:43:50,65.0,3434.58,43,33.0
2025-12-29,10:44:01,64.9,3580.39,43,33.0
2025-12-29,10:44:11,64.9,3612.52,43,33.0
2025-12-29,10:44:21,64.0,3680.89,43,33.0
2025-12-29,10:44:31,61.2,3645.47,43,33.0
2025-12-29,10:44:41,67.6,3810.60,43,33.0
2025-12-29,10:44:51,65.2,4184.51,43,33.0
2025-12-29,10:45:02,65.9,3445.71,43,33.0
2025-12-29,10:45:12,66.0,3400.03,43,33.0
2025-12-29,10:45:22,66.0,4049.18,43,33.0
2025-12-29,10:45:32,66.1,3484.55,43,33.0
2025-12-29,10:45:42,67.1,3607.00,43,33.0
2025-12-29,10:45:53,66.9,3703.39,43,33.0
2025-12-29,10:46:03,67.1,3677.57,43,33.0
2025-12-29,10:46:13,66.8,3695.38,43,33.0
2025-12-29,10:46:23,66.2,3335.43,43,33.0
2025-12-29,10:46:33,66.4,4284.12,43,33.0
2025-12-29,10:46:43,66.0,3672.77,43,33.0
2025-12-29,10:46:54,66.4,3730.07,43,33.0
2025-12-29,10:47:04,66.8,3431.87,43,33.0
2025-12-29,10:47:14,66.0,3858.35,43,33.0
2025-12-29,10:47:24,65.9,3702.37,43,33.0
2025-12-29,10:47:34,66.1,4430.61,43,33.0
2025-12-29,10:47:44,66.1,3705.41,43,33.0
2025-12-29,10:47:55,66.6,3326.41,43,33.0
2025-12-29,10:48:05,67.0,3974.26,43,33.0
2025-12-29,10:48:15,66.6,3640.96,43,33.0
2025-12-29,10:48:25,63.2,3404.89,43,33.0
2025-12-29,10:48:35,63.5,3526.01,43,33.0
2025-12-29,10:48:45,65.4,4183.72,43,33.0
2025-12-29,10:48:56,64.6,3659.90,43,33.0
2025-12-29,10:49:06,65.2,3599.27,43,33.0
2025-12-29,10:49:16,64.9,3555.64,43,33.0
2025-12-29,10:49:26,65.6,3513.43,43,33.0
2025-12-29,10:49:36,65.2,3578.86,43,33.0
2025-12-29,10:49:47,65.1,3837.33,43,33.0
2025-12-29,10:49:57,65.0,4070.16,43,33.0
2025-12-29,10:50:07,64.9,3557.53,43,33.0
2025-12-29,10:50:17,65.1,3731.09,43,33.0
2025-12-29,10:50:27,64.9,3713.25,43,33.0
2025-12-29,10:50:37,65.4,3680.11,43,33.0
2025-12-29,10:50:48,65.0,3399.43,43,33.0
2025-12-29,10:50:58,64.8,3523.76,43,33.0
2025-12-29,10:51:08,64.9,3443.49,43,33.0
2025-12-29,10:51:18,64.9,3778.25,43,33.0
2025-12-29,10:51:28,64.9,3513.59,43,33.0
2025-12-29,10:51:38,64.6,3745.90,43,33.0
2025-12-29,10:51:49,64.4,3589.21,43,33.0
2025-12-29,10:51:59,64.4,3889.34,43,33.0
2025-12-29,10:52:09,64.6,4162.37,43,33.0
2025-12-29,10:52:19,62.6,3783.18,43,33.0
2025-12-29,10:52:29,63.4,3346.02,43,33.0
2025-12-29,10:52:39,68.8,3470.35,43,33.0
2025-12-29,10:52:50,65.4,3737.12,43,33.0
2025-12-29,10:53:00,64.8,3533.31,43,33.0
2025-12-29,10:53:10,65.8,3599.73,43,33.0
2025-12-29,10:53:20,64.5,3641.03,43,33.0
2025-12-29,10:53:30,65.1,3767.82,43,33.0
2025-12-29,10:53:40,65.2,3583.27,43,33.0
2025-12-29,10:53:51,65.2,3857.00,43,33.0
2025-12-29,10:54:01,65.6,3503.64,43,33.0
2025-12-29,10:54:11,65.4,3716.25,43,33.0
2025-12-29,10:54:21,65.1,3954.41,43,33.0
2025-12-29,10:54:31,64.4,3942.22,43,33.0
2025-12-29,10:54:41,65.0,3750.66,43,33.0
2025-12-29,10:54:52,64.6,3451.92,43,33.0
2025-12-29,10:55:02,65.5,3590.31,43,33.0
2025-12-29,10:55:12,65.1,4300.17,43,33.0
2025-12-29,10:55:22,65.0,3456.79,43,33.0
2025-12-29,10:55:32,65.2,4294.78,43,33.0
2025-12-29,10:55:42,65.1,3821.68,43,33.0
2025-12-29,10:55:53,65.0,4231.68,43,33.0
2025-12-29,10:56:03,65.0,3828.26,43,33.0
2025-12-29,10:56:13,63.4,4005.13,43,33.0
2025-12-29,10:56:23,59.8,3635.55,43,33.0
2025-12-29,10:56:33,63.9,3651.64,43,33.0
2025-12-29,10:56:44,66.8,3594.93,43,33.0
2025-12-29,10:56:54,66.2,3796.56,43,33.0
2025-12-29,10:57:04,66.9,3728.88,43,33.0
2025-12-29,10:57:14,66.8,3728.79,43,33.0
2025-12-29,10:57:24,66.8,3774.18,43,33.0
2025-12-29,10:57:34,67.1,3548.56,43,33.0
2025-12-29,10:57:45,67.8,3936.54,43,33.0
2025-12-29,10:57:55,67.0,3495.97,43,33.0
2025-12-29,10:58:05,66.1,4038.84,43,33.0
2025-12-29,10:58:15,66.5,3483.84,43,33.0
2025-12-29,10:58:25,67.2,3650.66,43,33.0
2025-12-29,10:58:35,67.4,3523.54,43,33.0
2025-12-29,10:58:46,67.2,3548.80,43,33.0
2025-12-29,10:58:56,66.5,3573.28,43,33.0
2025-12-29,10:59:06,66.4,3423.72,43,33.0
2025-12-29,10:59:16,66.6,3373.97,43,33.0
2025-12-29,10:59:26,66.9,3799.32,43,33.0
2025-12-29,10:59:36,66.9,3902.59,43,33.0
2025-12-29,10:59:47,66.5,3582.25,43,33.0
2025-12-29,10:59:57,67.1,3616.26,43,33.0
2025-12-29,11:00:07,67.2,3625.50,43,33.0
2025-12-29,11:00:17,62.1,3764.59,43,33.0
2025-12-29,11:00:27,62.5,3756.46,43,33.0
2025-12-29,11:00:37,70.4,3523.54,43,33.0
2025-12-29,11:00:48,64.9,3749.68,43,33.0
2025-12-29,11:00:58,65.0,3845.46,43,33.0
2025-12-29,11:01:08,64.6,3521.77,43,33.0
2025-12-29,11:01:18,64.4,3547.03,43,33.0
2025-12-29,11:01:28,64.5,3583.98,43,33.0
2025-12-29,11:01:38,65.4,4735.84,43,33.0
2025-12-29,11:01:49,64.9,3464.70,43,33.0
2025-12-29,11:01:59,65.1,3954.25,43,33.0
2025-12-29,11:02:09,65.1,3947.49,43,33.0
2025-12-29,11:02:19,65.2,3803.58,43,33.0
2025-12-29,11:02:29,65.0,3464.92,43,33.0
2025-12-29,11:02:39,65.2,3471.68,43,33.0
2025-12-29,11:02:50,65.4,3661.52,43,33.0
2025-12-29,11:03:00,65.1,3357.20,43,33.0
2025-12-29,11:03:10,65.9,3472.08,43,33.0
2025-12-29,11:03:20,66.1,3685.28,43,33.0
2025-12-29,11:03:30,65.2,3516.43,43,33.0
2025-12-29,11:03:40,65.2,3988.45,43,33.0
2025-12-29,11:03:51,65.4,3563.55,43,33.0
2025-12-29,11:04:01,66.5,3622.23,43,33.0
2025-12-29,11:04:11,63.8,3662.47,43,33.0
2025-12-29,11:04:21,61.1,3800.43,43,33.0
2025-12-29,11:04:31,69.4,3457.89,43,33.0
2025-12-29,11:04:42,65.5,4514.81,43,33.0
2025-12-29,11:04:52,65.2,3255.78,43,33.0
2025-12-29,11:05:02,65.6,3738.98,43,33.0
2025-12-29,11:05:12,64.9,3812.45,43,33.0
2025-12-29,11:05:22,64.9,3508.94,43,33.0
2025-12-29,11:05:32,65.0,3952.64,43,33.0
2025-12-29,11:05:43,65.0,3963.01,43,33.0
2025-12-29,11:05:53,65.2,3383.10,43,33.0
2025-12-29,11:06:03,65.6,3428.88,43,33.0
2025-12-29,11:06:13,65.2,3655.34,43,33.0
2025-12-29,11:06:23,64.8,3497.65,43,33.0
2025-12-29,11:06:33,65.1,3753.39,43,33.0
2025-12-29,11:06:44,66.0,3447.93,43,33.0
2025-12-29,11:06:54,65.1,3657.19,43,33.0
2025-12-29,11:07:04,65.2,3509.14,43,33.0
2025-12-29,11:07:14,65.0,3468.26,43,33.0
2025-12-29,11:07:24,66.0,3734.11,43,33.0
2025-12-29,11:07:34,64.8,3960.90,43,33.0
2025-12-29,11:07:44,64.6,3673.49,43,33.0
2025-12-29,11:07:55,64.6,3808.28,43,33.0
2025-12-29,11:08:05,63.2,3775.55,43,33.0
2025-12-29,11:08:15,63.2,3397.92,43,33.0
2025-12-29,11:08:25,66.4,3386.18,43,33.0
2025-12-29,11:08:35,67.5,3667.12,43,33.0
2025-12-29,11:08:46,67.0,3534.00,43,33.0
2025-12-29,11:08:56,66.6,3659.22,43,33.0
2025-12-29,11:09:06,67.0,3835.11,43,33.0
2025-12-29,11:09:16,67.1,4242.95,43,33.0
2025-12-29,11:09:26,67.1,3506.67,43,33.0
2025-12-29,11:09:36,66.8,4075.09,43,33.0
2025-12-29,11:09:47,67.0,3494.12,43,33.0
2025-12-29,11:09:57,66.9,3658.80,43,33.0
2025-12-29,11:10:07,67.4,3923.16,43,33.0
2025-12-29,11:10:17,67.4,4129.45,43,33.0
2025-12-29,11:10:27,65.4,3595.12,43,33.0
2025-12-29,11:10:37,66.0,4006.08,43,33.0
2025-12-29,11:10:48,66.4,3518.83,43,33.0
2025-12-29,11:10:58,66.8,3348.43,43,33.0
2025-12-29,11:11:08,67.2,3638.97,43,33.0
2025-12-29,11:11:18,67.5,3900.95,43,33.0
2025-12-29,11:11:28,66.0,3892.79,43,33.0
2025-12-29,11:11:38,65.9,4174.65,43,33.0
2025-12-29,11:11:49,66.9,3460.01,43,33.0
2025-12-29,11:11:59,66.2,3792.49,43,33.0
2025-12-29,11:12:09,64.0,3519.79,43,33.0
2025-12-29,11:12:19,59.6,3708.97,43,33.0
2025-12-29,11:12:29,66.9,3637.80,43,33.0
2025-12-29,11:12:39,65.5,4161.48,43,33.0
2025-12-29,11:12:50,65.9,3616.21,43,33.0
2025-12-29,11:13:00,65.2,3817.49,43,33.0
2025-12-29,11:13:10,65.4,4122.05,43,33.0
2025-12-29,11:13:20,65.0,3668.54,43,33.0
2025-12-29,11:13:30,64.6,3490.68,43,33.0
2025-12-29,11:13:41,65.4,3445.14,43,33.0
2025-12-29,11:13:51,65.1,3704.47,43,33.0
2025-12-29,11:14:01,66.2,3786.55,43,33.0
2025-12-29,11:14:11,65.2,4636.07,43,33.0
2025-12-29,11:14:21,65.1,3833.92,43,33.0
2025-12-29,11:14:31,65.1,3703.22,43,33.0
2025-12-29,11:14:42,65.8,3487.66,43,33.0
2025-12-29,11:14:52,66.0,3639.58,43,33.0
2025-12-29,11:15:02,65.5,3610.96,43,33.0
2025-12-29,11:15:12,65.8,3997.10,43,33.0
2025-12-29,11:15:22,65.6,3499.18,43,33.0
2025-12-29,11:15:32,65.2,3495.95,43,33.0
2025-12-29,11:15:43,65.0,3753.09,43,33.0
2025-12-29,11:15:53,65.0,3899.86,43,33.0
2025-12-29,11:16:03,62.5,3710.96,43,33.0
2025-12-29,11:16:13,63.4,3448.20,43,33.0
2025-12-29,11:16:23,70.6,3775.99,43,33.0
2025-12-29,11:16:33,65.0,3880.48,43,33.0
2025-12-29,11:16:44,66.2,3910.37,43,33.0
2025-12-29,11:16:54,65.5,3767.30,43,34.0
2025-12-29,11:17:04,65.4,3648.51,43,33.0
2025-12-29,11:17:14,65.1,4529.24,43,33.0
2025-12-29,11:17:24,65.2,3583.38,43,33.0
2025-12-29,11:17:34,65.1,3407.76,43,33.0
2025-12-29,11:17:45,65.1,3498.99,43,33.0
2025-12-29,11:17:55,65.5,3480.38,43,33.0
2025-12-29,11:18:05,65.2,3532.33,43,33.0
2025-12-29,11:18:15,65.5,3900.40,43,33.0
2025-12-29,11:18:25,65.1,3483.32,43,33.0
2025-12-29,11:18:36,64.8,3961.17,43,33.0
2025-12-29,11:18:46,66.2,3313.35,43,33.0
2025-12-29,11:18:56,64.9,3606.88,43,33.0
2025-12-29,11:19:06,64.5,3666.88,43,33.0
2025-12-29,11:19:16,64.9,3400.69,43,33.0
2025-12-29,11:19:26,66.1,3768.89,43,33.0
2025-12-29,11:19:37,65.1,4205.95,43,33.0
2025-12-29,11:19:47,65.8,3588.34,43,33.0
2025-12-29,11:19:57,63.1,3602.00,43,33.0
2025-12-29,11:20:07,62.8,3663.05,43,33.0
2025-12-29,11:20:17,64.1,3496.13,43,33.0
2025-12-29,11:20:27,67.1,4015.47,43,33.0
2025-12-29,11:20:38,67.0,3457.91,43,33.0
2025-12-29,11:20:48,67.8,4055.12,43,33.0
2025-12-29,11:20:58,67.8,3770.74,43,33.0
2025-12-29,11:21:08,67.4,3628.93,43,33.0
2025-12-29,11:21:18,66.9,4147.00,43,33.0
2025-12-29,11:21:28,66.0,3574.11,43,33.0
2025-12-29,11:21:39,66.5,3544.78,43,33.0
2025-12-29,11:21:49,66.9,3599.53,43,33.0
2025-12-29,11:21:59,66.5,3571.84,43,33.0
2025-12-29,11:22:09,67.1,4435.29,43,33.0
2025-12-29,11:22:19,67.0,3609.20,43,33.0
2025-12-29,11:22:29,67.0,3758.10,43,33.0
2025-12-29,11:22:40,66.9,3561.42,43,33.0
2025-12-29,11:22:50,67.4,3534.04,43,33.0
2025-12-29,11:23:00,67.5,4058.12,43,33.0
2025-12-29,11:23:10,67.0,3637.26,43,33.0
2025-12-29,11:23:20,66.4,3479.48,43,33.0
2025-12-29,11:23:30,66.6,3878.81,43,33.0
2025-12-29,11:23:41,66.5,3741.90,43,33.0
2025-12-29,11:23:51,66.6,3692.44,43,33.0
2025-12-29,11:24:01,61.9,3774.84,43,33.0
2025-12-29,11:24:11,59.8,3762.02,43,33.0
2025-12-29,11:24:21,68.5,3821.01,43,33.0
2025-12-29,11:24:32,65.9,3723.38,43,33.0
2025-12-29,11:24:42,66.0,3692.17,43,33.0
2025-12-29,11:24:52,65.4,4177.38,43,33.0
2025-12-29,11:25:02,65.8,3692.15,43,33.0
2025-12-29,11:25:12,65.4,3610.68,43,33.0
2025-12-29,11:25:22,65.2,4386.02,43,33.0
2025-12-29,11:25:33,65.2,3597.60,43,33.0
2025-12-29,11:25:43,66.6,3570.88,43,33.0
2025-12-29,11:25:53,65.9,3712.10,43,33.0
2025-12-29,11:26:03,66.0,3501.36,43,33.0
2025-12-29,11:26:13,65.8,3650.34,43,33.0
2025-12-29,11:26:23,65.6,3290.24,43,33.0
2025-12-29,11:26:34,65.8,3668.49,43,33.0
2025-12-29,11:26:44,65.4,3498.50,43,33.0
2025-12-29,11:26:54,65.5,3457.25,43,33.0
2025-12-29,11:27:04,65.4,3918.94,43,33.0
2025-12-29,11:27:14,65.6,3516.10,43,33.0
2025-12-29,11:27:24,66.0,3765.05,43,33.0
2025-12-29,11:27:35,65.2,3655.99,43,33.0
2025-12-29,11:27:45,66.2,3467.37,43,33.0
2025-12-29,11:27:55,62.0,3801.87,43,33.0
2025-12-29,11:28:05,60.0,3629.63,43,33.0
2025-12-29,11:28:15,64.0,3352.78,43,33.0
2025-12-29,11:28:25,65.5,3660.60,43,33.0
2025-12-29,11:28:36,65.2,3445.72,43,33.0
2025-12-29,11:28:46,65.9,3785.96,43,33.0
2025-12-29,11:28:56,64.8,3623.02,43,33.0
2025-12-29,11:29:06,65.1,3350.82,43,33.0
2025-12-29,11:29:16,65.4,3565.54,43,33.0
2025-12-29,11:29:26,65.0,3423.24,43,33.0
2025-12-29,11:29:37,64.8,3385.88,43,33.0
2025-12-29,11:29:47,64.6,3792.03,43,33.0
2025-12-29,11:29:57,64.8,3810.86,43,33.0
2025-12-29,11:30:07,66.1,3484.77,43,33.0
2025-12-29,11:30:17,65.2,3544.30,43,33.0
2025-12-29,11:30:27,64.9,3507.62,43,33.0
2025-12-29,11:30:38,65.1,3474.72,43,33.0
2025-12-29,11:30:48,65.1,4344.90,43,33.0
2025-12-29,11:30:58,65.2,4106.54,43,33.0
2025-12-29,11:31:08,65.8,3937.39,43,33.0
2025-12-29,11:31:18,65.2,3934.25,43,33.0
2025-12-29,11:31:28,64.8,3594.18,43,33.0
2025-12-29,11:31:39,66.6,3864.15,43,33.0
2025-12-29,11:31:49,62.8,3527.22,43,33.0
2025-12-29,11:31:59,59.9,3635.14,43,33.0
2025-12-29,11:32:09,67.2,3595.97,43,33.0
2025-12-29,11:32:19,66.2,3726.55,43,33.0
2025-12-29,11:32:30,66.2,3447.66,43,33.0
2025-12-29,11:32:40,66.8,4173.67,43,33.0
2025-12-29,11:32:50,67.1,3616.87,43,33.0
2025-12-29,11:33:00,67.1,3434.03,43,33.0
2025-12-29,11:33:10,67.0,4032.83,43,33.0
2025-12-29,11:33:20,65.9,3681.38,43,33.0
2025-12-29,11:33:31,67.0,4174.45,43,33.0
2025-12-29,11:33:41,65.8,3721.63,43,33.0
2025-12-29,11:33:51,66.9,3446.79,43,33.0
2025-12-29,11:34:01,67.0,3740.23,43,33.0
2025-12-29,11:34:11,66.4,4065.67,43,33.0
2025-12-29,11:34:21,65.5,3384.76,43,33.0
2025-12-29,11:34:32,65.8,3412.41,43,33.0
2025-12-29,11:34:42,66.0,3700.34,43,33.0
2025-12-29,11:34:52,66.8,3409.26,43,33.0
2025-12-29,11:35:02,67.9,3552.26,43,33.0
2025-12-29,11:35:12,65.9,4064.86,43,33.0
2025-12-29,11:35:22,65.4,3766.65,43,33.0
2025-12-29,11:35:32,65.8,3668.91,43,33.0
2025-12-29,11:35:43,67.1,3432.07,43,33.0
2025-12-29,11:35:53,61.0,3753.83,43,33.0
2025-12-29,11:36:03,63.6,3994.82,43,33.0
2025-12-29,11:36:13,65.9,4628.00,43,33.0
2025-12-29,11:36:23,65.1,3452.10,43,33.0
2025-12-29,11:36:33,65.1,3551.13,43,33.0
2025-12-29,11:36:44,65.2,3813.81,43,33.0
2025-12-29,11:36:54,65.2,4166.12,43,33.0
2025-12-29,11:37:04,64.8,3584.78,43,33.0
2025-12-29,11:37:14,64.9,3837.12,43,33.0
2025-12-29,11:37:24,65.2,3568.10,43,33.0
2025-12-29,11:37:35,65.0,3623.31,43,33.0
2025-12-29,11:37:45,65.0,3760.08,43,33.0
2025-12-29,11:37:55,64.9,3978.81,43,33.0
2025-12-29,11:38:05,66.1,3782.07,43,33.0
2025-12-29,11:38:15,65.4,3921.94,43,33.0
2025-12-29,11:38:25,64.6,3672.77,43,33.0
2025-12-29,11:38:36,64.9,3746.36,43,33.0
2025-12-29,11:38:46,65.2,3707.38,43,33.0
2025-12-29,11:38:56,65.2,3602.24,43,33.0
2025-12-29,11:39:06,65.5,3497.94,43,33.0
2025-12-29,11:39:16,65.8,3546.59,43,33.0
2025-12-29,11:39:26,65.1,3439.09,43,33.0
2025-12-29,11:39:37,65.0,4001.84,43,33.0
2025-12-29,11:39:47,62.8,3589.21,43,33.0
2025-12-29,11:39:57,64.1,3742.69,43,33.0
2025-12-29,11:40:07,67.8,4243.76,43,33.0
2025-12-29,11:40:17,64.6,3928.06,43,33.0
2025-12-29,11:40:27,65.2,3554.18,43,33.0
2025-12-29,11:40:38,64.9,4646.41,43,33.0
2025-12-29,11:40:48,65.2,4990.12,43,33.0
2025-12-29,11:40:58,65.0,3906.42,43,33.0
2025-12-29,11:41:08,64.8,3491.04,43,33.0
2025-12-29,11:41:18,65.0,4215.31,43,33.0
2025-12-29,11:41:28,64.9,3674.02,43,33.0
2025-12-29,11:41:39,65.2,3350.98,43,33.0
2025-12-29,11:41:49,64.9,3440.56,43,33.0
2025-12-29,11:41:59,65.5,3440.38,43,33.0
2025-12-29,11:42:09,65.9,4305.00,43,33.0
2025-12-29,11:42:19,65.9,3650.03,43,33.0
2025-12-29,11:42:29,65.2,3450.92,43,33.0
2025-12-29,11:42:40,64.4,3956.98,43,33.0
2025-12-29,11:42:50,64.6,3359.10,43,33.0
2025-12-29,11:43:00,64.8,3501.07,43,33.0
2025-12-29,11:43:10,65.5,3410.18,43,33.0
2025-12-29,11:43:20,65.4,3511.83,43,33.0
2025-12-29,11:43:30,64.8,3481.37,43,33.0
2025-12-29,11:43:41,63.0,3817.58,43,33.0
2025-12-29,11:43:51,61.4,3623.76,43,33.0
2025-12-29,11:44:01,67.8,3501.10,43,33.0
2025-12-29,11:44:11,65.5,3476.81,43,33.0
2025-12-29,11:44:21,66.0,3498.98,43,33.0
2025-12-29,11:44:31,66.5,3499.51,43,33.0
2025-12-29,11:44:42,66.9,3499.88,43,33.0
2025-12-29,11:44:52,66.9,3576.54,43,33.0
2025-12-29,11:45:02,66.6,4590.80,43,33.0
2025-12-29,11:45:12,67.4,3700.51,43,33.0
2025-12-29,11:45:22,65.9,3784.85,43,33.0
2025-12-29,11:45:32,66.5,3998.64,43,33.0
2025-12-29,11:45:43,66.2,4097.12,43,33.0
2025-12-29,11:45:53,66.6,3684.17,43,33.0
2025-12-29,11:46:03,67.1,3585.72,43,33.0
2025-12-29,11:46:13,67.1,3865.67,43,33.0
2025-12-29,11:46:23,66.4,4215.71,43,33.0
2025-12-29,11:46:33,66.0,3494.17,43,33.0
2025-12-29,11:46:44,66.1,3949.49,43,33.0
2025-12-29,11:46:54,66.0,3588.61,43,33.0
2025-12-29,11:47:04,67.4,3703.89,43,33.0
2025-12-29,11:47:14,66.8,3775.43,43,33.0
2025-12-29,11:47:24,67.1,3452.24,43,33.0
2025-12-29,11:47:34,66.4,4370.50,43,33.0
2025-12-29,11:47:45,63.6,3424.84,43,33.0
2025-12-29,11:47:55,61.0,3891.57,43,33.0
2025-12-29,11:48:05,69.8,3550.35,43,33.0
2025-12-29,11:48:15,65.4,3873.12,43,33.0
2025-12-29,11:48:25,65.2,3571.53,43,33.0
2025-12-29,11:48:36,65.1,3700.56,43,33.0
2025-12-29,11:48:46,65.2,3915.26,43,33.0
2025-12-29,11:48:56,65.0,3457.68,43,33.0
2025-12-29,11:49:06,64.9,3722.66,43,33.0
2025-12-29,11:49:16,65.0,3574.75,43,33.0
2025-12-29,11:49:26,64.9,3431.00,43,33.0
2025-12-29,11:49:37,65.0,3664.57,43,33.0
2025-12-29,11:49:47,64.2,3582.73,43,33.0
2025-12-29,11:49:57,66.2,3858.44,43,33.0
2025-12-29,11:50:07,64.9,3707.07,43,33.0
2025-12-29,11:50:17,64.8,3918.56,43,33.0
2025-12-29,11:50:27,64.8,3657.10,43,33.0
2025-12-29,11:50:38,65.2,3366.44,43,33.0
2025-12-29,11:50:48,65.2,4190.81,43,33.0
2025-12-29,11:50:58,65.9,3572.08,43,33.0
2025-12-29,11:51:08,65.6,3550.77,43,33.0
2025-12-29,11:51:18,65.8,3589.40,43,33.0
2025-12-29,11:51:28,65.8,4477.14,43,33.0
2025-12-29,11:51:39,63.5,4015.44,43,33.0
2025-12-29,11:51:49,60.0,3541.51,43,33.0
2025-12-29,11:51:59,68.4,3608.59,43,33.0
2025-12-29,11:52:09,65.8,3946.78,43,33.0
2025-12-29,11:52:19,64.9,3652.54,43,33.0
2025-12-29,11:52:29,65.0,3753.90,43,33.0
2025-12-29,11:52:40,64.9,3900.04,43,33.0
2025-12-29,11:52:50,65.1,3623.21,43,33.0
2025-12-29,11:53:00,64.6,3643.92,43,33.0
2025-12-29,11:53:10,64.9,3687.67,43,33.0
2025-12-29,11:53:20,64.5,3959.60,43,33.0
2025-12-29,11:53:30,65.8,3783.87,43,33.0
2025-12-29,11:53:41,64.8,3691.25,43,33.0
2025-12-29,11:53:51,65.9,3741.29,43,33.0
2025-12-29,11:54:01,64.9,4147.51,43,33.0
2025-12-29,11:54:11,65.5,3550.31,43,33.0
2025-12-29,11:54:21,65.2,3478.04,43,33.0
2025-12-29,11:54:31,65.8,3458.87,43,33.0
2025-12-29,11:54:42,65.1,3629.54,43,33.0
2025-12-29,11:54:52,65.1,3907.23,43,33.0
2025-12-29,11:55:02,65.4,3795.47,43,33.0
2025-12-29,11:55:12,66.1,3914.69,43,33.0
2025-12-29,11:55:22,65.9,3736.46,43,33.0
2025-12-29,11:55:33,64.0,3573.61,43,33.0
2025-12-29,11:55:43,63.4,3700.53,43,33.0
2025-12-29,11:55:53,69.9,3573.14,43,33.0
2025-12-29,11:56:03,66.1,4051.05,43,33.0
2025-12-29,11:56:13,66.5,3660.01,43,33.0
2025-12-29,11:56:23,67.4,3450.37,43,33.0
2025-12-29,11:56:34,67.1,4012.76,43,33.0
2025-12-29,11:56:44,66.6,3626.11,43,33.0
2025-12-29,11:56:54,66.0,4088.12,43,33.0
2025-12-29,11:57:04,67.2,3679.54,43,33.0
2025-12-29,11:57:14,66.2,3413.24,43,33.0
2025-12-29,11:57:24,66.8,3890.64,43,33.0
2025-12-29,11:57:35,66.9,3458.94,43,33.0
2025-12-29,11:57:45,67.4,3931.97,43,33.0
2025-12-29,11:57:55,66.2,3655.34,43,33.0
2025-12-29,11:58:05,66.6,4106.86,43,33.0
2025-12-29,11:58:15,66.1,3604.90,43,33.0
2025-12-29,11:58:25,66.9,4105.59,43,33.0
2025-12-29,11:58:36,67.2,4042.27,43,33.0
2025-12-29,11:58:46,65.8,3626.45,43,33.0
2025-12-29,11:58:56,66.1,4026.08,43,33.0
2025-12-29,11:59:06,66.2,3680.49,43,33.0
2025-12-29,11:59:16,66.9,3569.79,43,33.0
2025-12-29,11:59:26,67.2,3875.14,43,33.0
2025-12-29,11:59:37,63.0,3931.38,43,33.0
2025-12-29,11:59:47,57.6,3544.15,43,33.0
2025-12-29,11:59:57,68.4,3571.01,43,33.0
2025-12-29,12:00:07,64.5,3699.61,43,33.0
2025-12-29,12:00:17,65.0,3457.34,43,33.0
2025-12-29,12:00:28,65.2,3747.66,43,33.0
2025-12-29,12:00:38,64.9,4629.78,43,33.0
2025-12-29,12:00:48,66.1,3874.19,43,33.0
2025-12-29,12:00:58,64.6,3771.94,43,33.0
2025-12-29,12:01:08,65.5,3633.21,43,33.0
2025-12-29,12:01:18,64.5,3527.12,43,33.0
2025-12-29,12:01:29,64.5,3553.35,43,33.0
2025-12-29,12:01:39,64.9,3573.42,43,33.0
2025-12-29,12:01:49,64.4,3931.72,43,33.0
2025-12-29,12:01:59,65.0,3705.20,43,33.0
2025-12-29,12:02:09,65.0,3557.82,43,33.0
2025-12-29,12:02:19,64.6,3958.13,43,33.0
2025-12-29,12:02:30,65.0,4009.87,43,33.0
2025-12-29,12:02:40,65.0,3373.36,43,33.0
2025-12-29,12:02:50,65.1,3690.79,43,33.0
2025-12-29,12:03:00,64.6,3324.77,43,33.0
2025-12-29,12:03:10,65.6,3547.90,43,33.0
2025-12-29,12:03:20,66.0,3581.25,43,33.0
2025-12-29,12:03:31,62.0,3794.07,43,33.0
2025-12-29,12:03:41,62.4,3517.31,43,33.0
2025-12-29,12:03:51,70.0,3784.71,43,33.0
2025-12-29,12:04:01,64.6,3508.33,43,33.0
2025-12-29,12:04:11,64.9,3477.07,43,33.0
2025-12-29,12:04:21,64.5,4059.09,43,34.0
2025-12-29,12:04:32,65.6,3543.83,43,33.0
2025-12-29,12:04:42,64.9,3704.26,43,33.0
2025-12-29,12:04:52,65.1,3940.39,43,33.0
2025-12-29,12:05:02,64.8,4444.16,43,33.0
2025-12-29,12:05:12,64.5,3880.05,43,33.0
2025-12-29,12:05:23,64.6,3404.40,43,33.0
2025-12-29,12:05:33,65.1,3447.78,43,33.0
2025-12-29,12:05:43,64.5,3547.78,43,33.0
2025-12-29,12:05:53,65.2,3916.31,43,33.0
2025-12-29,12:06:03,64.6,3664.88,43,33.0
2025-12-29,12:06:13,64.9,4114.33,43,33.0
2025-12-29,12:06:24,64.2,3781.25,43,33.0
2025-12-29,12:06:34,64.9,3331.47,43,33.0
2025-12-29,12:06:44,65.0,3856.62,43,33.0
2025-12-29,12:06:54,64.4,3693.11,43,33.0
2025-12-29,12:07:04,65.2,4380.53,43,33.0
2025-12-29,12:07:14,64.9,3947.36,43,33.0
2025-12-29,12:07:25,67.0,3398.63,43,33.0
2025-12-29,12:07:35,63.1,3844.17,43,33.0
2025-12-29,12:07:45,60.4,3346.55,43,33.0
2025-12-29,12:07:55,66.8,3553.51,43,33.0
2025-12-29,12:08:05,66.1,3971.20,43,33.0
2025-12-29,12:08:15,66.5,3715.35,43,33.0
2025-12-29,12:08:26,66.9,4001.64,43,33.0
2025-12-29,12:08:36,67.2,3500.17,43,33.0
2025-12-29,12:08:46,67.4,3359.56,43,33.0
2025-12-29,12:08:56,67.4,3793.94,43,33.0
2025-12-29,12:09:06,67.2,3791.53,43,33.0
2025-12-29,12:09:16,66.0,4290.22,43,33.0
2025-12-29,12:09:27,66.4,3645.38,43,33.0
2025-12-29,12:09:37,66.6,3768.90,43,33.0
2025-12-29,12:09:47,67.2,4929.03,43,33.0
2025-12-29,12:09:57,67.2,3784.26,43,33.0
2025-12-29,12:10:07,66.0,3944.50,43,33.0
2025-12-29,12:10:17,66.0,4336.86,43,33.0
2025-12-29,12:10:28,66.1,3711.23,43,33.0
2025-12-29,12:10:38,66.9,3684.32,43,33.0
2025-12-29,12:10:48,67.5,3542.73,43,33.0
2025-12-29,12:10:58,68.4,4217.09,43,33.0
2025-12-29,12:11:08,67.5,4054.27,43,33.0
2025-12-29,12:11:18,66.8,4071.01,43,33.0
2025-12-29,12:11:29,66.5,3850.18,43,33.0
2025-12-29,12:11:39,61.1,4211.11,43,33.0
2025-12-29,12:11:49,68.8,4401.03,43,33.0
2025-12-29,12:11:59,68.8,4194.71,43,33.0
2025-12-29,12:12:09,66.6,4251.39,43,33.0
2025-12-29,12:12:19,66.4,4340.59,43,33.0
2025-12-29,12:12:30,66.6,4041.44,43,33.0
2025-12-29,12:12:40,66.0,4117.78,43,33.0
2025-12-29,12:12:50,66.8,4087.41,43,33.0
2025-12-29,12:13:00,66.9,3899.67,43,33.0
2025-12-29,12:13:10,67.6,4215.39,43,33.0
2025-12-29,12:13:20,66.8,4271.52,43,33.0
2025-12-29,12:13:31,67.1,4186.88,43,33.0
2025-12-29,12:13:41,67.4,4266.94,43,33.0
2025-12-29,12:13:51,67.4,4325.77,43,33.0
2025-12-29,12:14:01,67.9,4188.02,43,33.0
2025-12-29,12:14:11,68.1,4242.33,43,33.0
2025-12-29,12:14:21,67.9,4310.31,43,33.0
2025-12-29,12:14:32,66.2,4335.55,43,33.0
2025-12-29,12:14:42,66.8,4317.69,43,33.0
2025-12-29,12:14:52,67.4,3857.64,43,33.0
2025-12-29,12:15:02,67.8,4288.59,43,33.0
2025-12-29,12:15:12,67.8,4039.48,43,33.0
2025-12-29,12:15:22,67.4,4191.58,43,33.0
2025-12-29,12:15:33,67.4,4434.47,43,33.0
2025-12-29,12:15:43,59.8,3827.37,43,33.0
2025-12-29,12:15:53,70.6,3790.45,43,33.0
2025-12-29,12:16:03,65.6,3672.22,43,33.0
2025-12-29,12:16:13,65.2,3830.17,43,33.0
2025-12-29,12:16:23,65.8,4000.39,43,33.0
2025-12-29,12:16:34,67.1,4566.82,43,33.0
2025-12-29,12:16:44,67.9,4696.50,43,33.0
2025-12-29,12:16:54,68.4,4667.46,43,33.0
2025-12-29,12:17:04,69.0,4680.58,43,33.0
2025-12-29,12:17:14,74.1,4366.89,43,33.0
2025-12-29,12:17:24,74.1,4677.36,43,33.0
2025-12-29,12:17:35,71.8,4036.89,43,33.0
2025-12-29,12:17:45,70.2,4298.49,43,33.0
2025-12-29,12:17:55,70.6,4220.32,43,33.0
2025-12-29,12:18:05,70.9,3896.42,43,33.0
2025-12-29,12:18:15,70.6,4430.22,43,33.0
2025-12-29,12:18:25,69.9,4415.87,43,33.0
2025-12-29,12:18:36,71.5,4214.16,42,33.0
2025-12-29,12:18:46,67.0,4284.98,42,33.0
2025-12-29,12:18:56,66.8,4466.56,42,33.0
2025-12-29,12:19:06,67.1,4228.62,42,33.0
2025-12-29,12:19:16,67.5,4384.28,42,33.0
2025-12-29,12:19:26,66.5,4701.09,42,33.0
2025-12-29,12:19:37,68.0,3960.88,42,33.0
2025-12-29,12:19:47,65.1,4511.87,42,33.0
2025-12-29,12:19:57,64.1,3942.89,43,33.0
2025-12-29,12:20:07,61.6,4677.03,43,33.0
2025-12-29,12:20:17,68.8,4229.41,43,33.0
2025-12-29,12:20:27,69.4,3951.86,43,33.0
2025-12-29,12:20:38,68.9,4357.28,42,32.0
2025-12-29,12:20:48,68.0,4018.14,42,33.0
2025-12-29,12:20:58,68.6,3704.43,42,33.0
2025-12-29,12:21:08,67.2,4330.93,42,33.0
2025-12-29,12:21:18,68.2,4860.44,42,33.0
2025-12-29,12:21:28,68.6,4964.51,42,33.0
2025-12-29,12:21:39,67.9,4414.12,42,33.0
2025-12-29,12:21:49,68.8,4114.95,42,33.0
2025-12-29,12:21:59,68.5,4357.12,42,33.0
2025-12-29,12:22:09,68.2,4826.27,42,33.0
2025-12-29,12:22:19,68.6,4421.93,42,33.0
2025-12-29,12:22:29,68.6,4057.33,42,33.0
2025-12-29,12:22:40,68.9,4216.50,42,33.0
2025-12-29,12:22:50,68.2,4654.87,42,33.0
2025-12-29,12:23:00,68.1,4368.27,42,33.0
2025-12-29,12:23:10,69.2,4117.38,42,33.0
2025-12-29,12:23:20,68.0,4224.06,42,33.0
2025-12-29,12:23:30,68.5,4428.56,42,33.0
2025-12-29,12:23:41,68.4,4214.46,42,33.0
2025-12-29,12:23:51,68.6,4009.22,42,33.0
2025-12-29,12:24:01,65.4,4449.99,42,33.0
2025-12-29,12:24:11,63.6,4160.89,42,33.0
2025-12-29,12:24:21,71.9,4243.87,42,33.0
2025-12-29,12:24:31,67.5,4011.06,42,33.0
2025-12-29,12:24:42,67.1,4164.41,42,33.0
2025-12-29,12:24:52,66.9,4441.97,42,33.0
2025-12-29,12:25:02,67.4,4492.85,42,33.0
2025-12-29,12:25:12,67.4,4151.44,42,33.0
2025-12-29,12:25:22,67.9,4727.28,42,33.0
2025-12-29,12:25:32,67.5,4097.43,42,33.0
2025-12-29,12:25:43,67.6,4435.81,42,33.0
2025-12-29,12:25:53,68.1,4505.03,42,33.0
2025-12-29,12:26:03,67.5,4239.99,42,33.0
2025-12-29,12:26:13,67.5,4688.15,42,33.0
2025-12-29,12:26:23,67.1,4447.91,42,33.0
2025-12-29,12:26:33,66.6,3921.17,42,33.0
2025-12-29,12:26:44,67.5,4060.03,43,33.0
2025-12-29,12:26:54,67.0,4426.96,43,33.0
2025-12-29,12:27:04,67.2,3998.95,43,33.0
2025-12-29,12:27:14,67.9,4496.67,43,33.0
2025-12-29,12:27:24,68.0,4319.02,42,33.0
2025-12-29,12:27:34,67.9,4098.23,43,33.0
2025-12-29,12:27:45,67.5,3888.88,43,33.0
2025-12-29,12:27:55,68.5,4091.52,43,33.0
2025-12-29,12:28:05,64.8,4228.69,43,33.0
2025-12-29,12:28:15,63.5,4399.06,43,33.0
2025-12-29,12:28:25,70.4,4543.79,43,33.0
2025-12-29,12:28:35,66.9,4365.75,43,33.0
2025-12-29,12:28:46,67.0,4276.07,43,33.0
2025-12-29,12:28:56,67.1,3982.63,43,33.0
2025-12-29,12:29:06,67.6,4098.62,43,33.0
2025-12-29,12:29:16,67.5,4578.02,43,33.0
2025-12-29,12:29:26,66.6,4108.36,43,33.0
2025-12-29,12:29:36,67.5,4541.10,43,33.0
2025-12-29,12:29:47,67.0,3794.60,43,33.0
2025-12-29,12:29:57,67.8,4035.76,43,33.0
2025-12-29,12:30:07,67.5,4532.83,43,33.0
2025-12-29,12:30:17,67.6,4270.32,43,33.0
2025-12-29,12:30:27,67.6,4128.93,43,33.0
2025-12-29,12:30:37,67.2,4469.00,43,33.0
2025-12-29,12:30:48,68.0,3912.88,43,33.0
2025-12-29,12:30:58,67.0,3793.70,43,33.0
2025-12-29,12:31:08,66.8,4562.76,43,33.0
2025-12-29,12:31:18,66.6,4456.77,43,33.0
2025-12-29,12:31:28,67.4,4620.94,43,33.0
2025-12-29,12:31:38,67.4,4200.46,43,33.0
2025-12-29,12:31:48,67.2,4510.06,43,33.0
2025-12-29,12:31:59,67.2,4224.72,43,33.0
2025-12-29,12:32:09,66.1,4027.67,43,33.0
2025-12-29,12:32:19,65.0,4397.57,43,33.0
2025-12-29,12:32:29,72.9,4395.31,43,33.0
2025-12-29,12:32:39,67.5,3900.81,43,33.0
2025-12-29,12:32:49,67.8,4433.25,43,33.0
2025-12-29,12:33:00,68.8,4397.37,43,33.0
2025-12-29,12:33:10,68.8,4255.39,43,33.0
2025-12-29,12:33:20,69.1,4084.50,43,33.0
2025-12-29,12:33:30,68.9,4343.59,43,33.0
2025-12-29,12:33:40,68.5,4672.21,43,33.0
2025-12-29,12:33:51,69.2,4074.96,43,33.0
2025-12-29,12:34:01,68.1,4408.14,43,33.0
2025-12-29,12:34:11,68.6,4447.36,43,33.0
2025-12-29,12:34:21,68.5,4137.28,43,33.0
2025-12-29,12:34:31,68.4,4452.58,43,33.0
2025-12-29,12:34:41,68.1,4404.85,43,33.0
2025-12-29,12:34:52,69.0,4190.72,43,33.0
2025-12-29,12:35:02,68.9,4492.74,43,33.0
2025-12-29,12:35:12,68.9,4843.98,43,33.0
2025-12-29,12:35:22,68.8,4432.46,43,33.0
2025-12-29,12:35:32,69.2,4853.62,43,33.0
2025-12-29,12:35:42,68.2,4661.76,43,33.0
2025-12-29,12:35:52,68.9,4256.85,43,33.0
2025-12-29,12:36:03,68.9,4255.39,42,33.0
2025-12-29,12:36:13,67.0,4441.19,42,33.0
2025-12-29,12:36:23,64.1,4308.92,43,33.0
2025-12-29,12:36:33,60.1,4212.82,43,33.0
2025-12-29,12:36:43,62.6,4306.70,43,33.0
2025-12-29,12:36:54,67.9,4202.36,43,33.0
2025-12-29,12:37:04,67.9,4242.65,43,33.0
2025-12-29,12:37:14,67.6,4229.23,43,33.0
2025-12-29,12:37:24,67.1,4537.02,43,33.0
2025-12-29,12:37:34,67.5,4102.48,43,33.0
2025-12-29,12:37:44,67.1,4964.11,43,33.0
2025-12-29,12:37:54,67.5,4397.30,43,33.0
2025-12-29,12:38:05,68.2,4484.14,43,33.0
2025-12-29,12:38:15,67.5,4809.21,43,33.0
2025-12-29,12:38:25,67.4,4510.39,43,33.0
2025-12-29,12:38:35,67.9,4733.12,43,33.0
2025-12-29,12:38:45,67.1,4286.88,43,33.0
2025-12-29,12:38:55,67.5,4694.48,43,33.0
2025-12-29,12:39:06,67.5,4462.07,43,33.0
2025-12-29,12:39:16,67.9,4779.21,43,33.0
2025-12-29,12:39:26,68.0,4329.14,43,33.0
2025-12-29,12:39:36,68.2,4135.45,43,33.0
2025-12-29,12:39:46,67.2,4207.22,43,33.0
2025-12-29,12:39:56,67.6,4886.60,43,33.0
2025-12-29,12:40:07,66.9,4569.64,43,33.0
2025-12-29,12:40:17,65.9,4240.32,43,33.0
2025-12-29,12:40:27,63.6,4385.49,43,33.0
2025-12-29,12:40:37,69.1,4145.94,43,33.0
2025-12-29,12:40:47,68.6,4521.62,43,33.0
2025-12-29,12:40:57,67.0,4303.68,43,33.0
2025-12-29,12:41:08,67.0,4482.49,43,33.0
2025-12-29,12:41:18,67.5,4581.74,43,33.0
2025-12-29,12:41:28,67.6,4191.44,43,33.0
2025-12-29,12:41:38,68.2,4308.34,43,33.0
2025-12-29,12:41:48,68.6,4312.80,43,33.0
2025-12-29,12:41:58,67.2,4083.17,43,33.0
2025-12-29,12:42:09,67.9,4584.45,43,33.0
2025-12-29,12:42:19,67.2,3939.10,43,33.0
2025-12-29,12:42:29,67.6,4323.34,43,33.0
2025-12-29,12:42:39,67.6,4716.80,43,33.0
2025-12-29,12:42:49,66.5,4450.14,43,33.0
2025-12-29,12:42:59,67.2,4333.27,43,33.0
2025-12-29,12:43:10,68.0,4500.62,43,33.0
2025-12-29,12:43:20,67.2,4428.40,43,33.0
2025-12-29,12:43:30,67.2,4001.09,43,33.0
2025-12-29,12:43:40,68.1,4373.72,43,33.0
2025-12-29,12:43:50,67.5,3998.61,43,33.0
2025-12-29,12:44:01,67.6,4106.63,43,33.0
2025-12-29,12:44:11,67.4,4338.07,43,33.0
2025-12-29,12:44:21,69.0,4261.23,43,33.0
2025-12-29,12:44:31,66.2,4467.93,43,33.0
2025-12-29,12:44:41,61.6,4505.32,43,33.0
2025-12-29,12:44:51,71.0,4212.69,43,33.0
2025-12-29,12:45:02,69.4,4152.52,43,33.0
2025-12-29,12:45:12,69.2,4098.21,43,33.0
2025-12-29,12:45:22,69.0,4137.21,43,33.0
2025-12-29,12:45:32,69.1,4222.06,43,33.0
2025-12-29,12:45:42,69.4,4205.18,43,33.0
2025-12-29,12:45:52,69.5,3942.94,43,33.0
2025-12-29,12:46:02,69.2,3947.74,43,33.0
2025-12-29,12:46:13,69.0,4415.96,43,33.0
2025-12-29,12:46:23,69.9,4361.66,43,33.0
2025-12-29,12:46:33,69.2,3985.91,43,33.0
2025-12-29,12:46:43,69.0,4603.34,43,33.0
2025-12-29,12:46:53,68.6,4260.57,43,33.0
2025-12-29,12:47:04,68.9,4543.23,43,33.0
2025-12-29,12:47:14,69.1,4365.56,43,33.0
2025-12-29,12:47:24,69.6,4148.60,43,33.0
2025-12-29,12:47:34,68.4,4186.73,43,33.0
2025-12-29,12:47:44,68.9,4210.47,43,33.0
2025-12-29,12:47:54,69.2,4475.63,42,33.0
2025-12-29,12:48:04,69.1,4037.79,42,33.0
2025-12-29,12:48:15,68.8,4357.17,43,33.0
2025-12-29,12:48:25,69.1,4252.66,42,33.0
2025-12-29,12:48:35,65.6,4254.58,42,33.0
2025-12-29,12:48:45,64.5,4028.89,42,33.0
2025-12-29,12:48:55,72.1,4654.90,43,33.0
2025-12-29,12:49:05,67.5,4589.80,43,33.0
2025-12-29,12:49:16,68.0,4645.11,43,33.0
2025-12-29,12:49:26,67.2,4815.56,43,33.0
2025-12-29,12:49:36,69.5,4725.03,43,33.0
2025-12-29,12:49:46,69.0,4828.31,42,33.0
2025-12-29,12:49:56,69.5,4665.84,43,33.0
2025-12-29,12:50:07,69.4,4718.91,43,33.0
2025-12-29,12:50:17,69.5,4840.05,42,33.0
2025-12-29,12:50:27,69.8,4557.52,42,33.0
2025-12-29,12:50:37,69.5,4805.27,42,33.0
2025-12-29,12:50:47,69.2,4698.03,42,33.0
2025-12-29,12:50:57,69.9,4535.58,42,33.0
2025-12-29,12:51:08,69.2,4737.64,42,33.0
2025-12-29,12:51:18,69.0,4707.30,42,33.0
2025-12-29,12:51:28,70.4,4810.77,42,33.0
2025-12-29,12:51:38,68.8,4840.43,42,33.0
2025-12-29,12:51:48,69.2,4839.54,42,33.0
2025-12-29,12:51:58,69.5,4709.43,42,33.0
2025-12-29,12:52:09,69.9,4728.17,42,33.0
2025-12-29,12:52:19,70.0,4518.01,42,33.0
2025-12-29,12:52:29,69.2,4802.61,42,33.0
2025-12-29,12:52:39,69.9,4815.20,42,33.0
2025-12-29,12:52:49,69.6,4841.02,42,33.0
2025-12-29,12:53:00,69.8,4856.89,42,33.0
2025-12-29,12:53:10,69.5,4566.25,42,33.0
2025-12-29,12:53:20,66.9,4852.07,42,33.0
2025-12-29,12:53:30,65.0,4840.40,42,33.0
2025-12-29,12:53:40,73.8,4790.46,42,33.0
2025-12-29,12:53:50,70.6,4839.64,42,33.0
2025-12-29,12:54:01,69.5,4730.68,42,33.0
2025-12-29,12:54:11,69.4,4840.12,42,33.0
2025-12-29,12:54:21,69.8,4840.55,42,33.0
2025-12-29,12:54:31,68.9,4836.43,42,33.0
2025-12-29,12:54:41,68.4,4812.75,42,33.0
2025-12-29,12:54:52,69.4,4704.50,42,33.0
2025-12-29,12:55:02,70.1,4728.17,42,33.0
2025-12-29,12:55:12,70.4,4737.32,42,33.0
2025-12-29,12:55:22,68.8,4822.71,42,33.0
2025-12-29,12:55:32,70.0,4840.73,42,33.0
2025-12-29,12:55:42,70.2,4839.91,42,33.0
2025-12-29,12:55:53,70.1,4773.41,42,33.0
2025-12-29,12:56:03,69.4,4773.20,42,33.0
2025-12-29,12:56:13,69.6,4674.95,42,33.0
2025-12-29,12:56:23,69.4,4788.62,42,33.0
2025-12-29,12:56:33,68.8,4864.47,42,33.0
2025-12-29,12:56:44,69.5,4865.47,42,33.0
2025-12-29,12:56:54,69.8,4865.88,42,33.0
2025-12-29,12:57:04,69.6,4840.66,42,33.0
2025-12-29,12:57:14,68.2,4694.48,42,33.0
2025-12-29,12:57:24,69.5,4623.78,42,33.0
2025-12-29,12:57:34,69.5,4687.96,42,33.0
2025-12-29,12:57:45,68.0,4847.15,42,33.0
2025-12-29,12:57:55,67.9,4859.23,42,33.0
2025-12-29,12:58:05,69.6,4534.74,42,33.0
2025-12-29,12:58:15,69.5,4747.94,42,33.0
2025-12-29,12:58:25,68.5,4691.79,42,33.0
2025-12-29,12:58:35,68.2,4851.96,42,33.0
2025-12-29,12:58:46,68.2,4733.04,42,33.0
2025-12-29,12:58:56,73.1,4327.91,42,33.0
2025-12-29,12:59:06,71.1,4728.75,42,33.0
2025-12-29,12:59:16,70.6,4865.07,42,33.0
2025-12-29,12:59:26,70.2,4752.43,42,33.0
2025-12-29,12:59:37,70.9,4865.23,42,33.0
2025-12-29,12:59:47,71.0,4743.98,42,33.0
2025-12-29,12:59:57,70.4,4794.14,42,33.0
2025-12-29,13:00:07,70.1,4644.93,42,33.0
2025-12-29,13:00:17,69.4,4865.55,42,33.0
2025-12-29,13:00:27,70.8,4764.17,42,33.0
2025-12-29,13:00:38,64.9,4513.62,42,33.0
2025-12-29,13:00:48,64.8,4908.12,42,33.0
2025-12-29,13:00:58,70.4,4594.42,42,33.0
2025-12-29,13:01:08,75.0,4688.99,42,33.0
2025-12-29,13:01:18,76.0,4769.79,42,33.0
2025-12-29,13:01:29,74.5,4716.19,42,33.0
2025-12-29,13:01:39,74.0,4541.76,42,33.0
2025-12-29,13:01:49,70.5,4601.81,42,33.0
2025-12-29,13:01:59,69.1,4865.84,42,33.0
2025-12-29,13:02:09,70.6,4783.27,42,33.0
2025-12-29,13:02:19,64.2,4880.80,42,33.0
2025-12-29,13:02:30,62.8,4890.11,42,33.0
2025-12-29,13:02:40,69.5,4148.56,42,33.0
2025-12-29,13:02:50,80.4,4891.15,42,33.0
2025-12-29,13:03:00,74.0,4789.53,42,33.0
2025-12-29,13:03:10,74.8,4766.06,42,33.0
2025-12-29,13:03:20,69.8,4496.25,42,33.0
2025-12-29,13:03:31,69.9,4841.03,42,33.0
2025-12-29,13:03:41,70.4,4798.26,42,33.0
2025-12-29,13:03:51,71.1,4709.44,42,33.0
2025-12-29,13:04:01,67.5,4720.64,42,33.0
2025-12-29,13:04:11,68.0,4726.42,42,33.0
2025-12-29,13:04:22,67.8,4743.75,42,33.0
2025-12-29,13:04:32,70.2,4840.09,42,33.0
2025-12-29,13:04:42,70.2,4656.57,42,33.0
2025-12-29,13:04:52,70.5,4646.76,42,33.0
2025-12-29,13:05:02,69.8,4404.59,42,33.0
2025-12-29,13:05:12,70.1,4825.25,42,33.0
2025-12-29,13:05:23,69.6,4837.46,42,33.0
2025-12-29,13:05:33,69.6,4344.73,42,33.0
2025-12-29,13:05:43,69.2,4654.41,42,33.0
2025-12-29,13:05:53,70.0,4840.34,42,33.0
2025-12-29,13:06:03,69.9,4519.74,42,33.0
2025-12-29,13:06:13,70.4,4348.39,42,33.0
2025-12-29,13:06:24,68.9,4840.69,42,33.0
2025-12-29,13:06:34,68.8,4839.91,42,33.0
2025-12-29,13:06:44,69.8,4395.14,42,33.0
2025-12-29,13:06:54,69.0,4827.28,42,33.0
2025-12-29,13:07:04,68.4,4597.96,42,33.0
2025-12-29,13:07:14,68.0,4574.58,42,33.0
2025-12-29,13:07:25,68.5,4560.92,42,33.0
2025-12-29,13:07:35,69.1,4542.05,42,33.0
2025-12-29,13:07:45,68.1,4340.74,42,33.0
2025-12-29,13:07:55,68.9,4329.06,42,33.0
2025-12-29,13:08:05,70.0,4817.88,42,33.0
2025-12-29,13:08:15,69.2,4310.25,42,33.0
2025-12-29,13:08:26,69.2,4096.77,42,33.0
2025-12-29,13:08:36,68.5,4048.53,42,33.0
2025-12-29,13:08:46,67.8,3618.52,42,33.0
2025-12-29,13:08:56,64.0,4335.58,42,33.0
2025-12-29,13:09:06,65.5,4356.80,42,33.0
2025-12-29,13:09:16,71.8,4511.47,42,33.0
2025-12-29,13:09:27,68.5,4564.28,42,33.0
2025-12-29,13:09:37,68.6,4460.93,42,33.0
2025-12-29,13:09:47,67.6,4394.34,42,33.0
2025-12-29,13:09:57,69.2,4495.31,42,33.0
2025-12-29,13:10:07,68.5,4560.62,42,33.0
2025-12-29,13:10:18,67.6,4830.91,42,33.0
2025-12-29,13:10:28,69.1,4468.11,42,33.0
2025-12-29,13:10:38,69.4,4210.54,42,33.0
2025-12-29,13:10:48,66.5,4801.03,42,33.0
2025-12-29,13:10:58,66.5,4571.60,42,33.0
2025-12-29,13:11:08,78.6,4229.76,42,33.0
2025-12-29,13:11:19,74.1,4767.06,42,33.0
2025-12-29,13:11:29,74.0,4762.27,42,33.0
2025-12-29,13:11:39,71.9,3834.53,42,33.0
2025-12-29,13:11:49,66.9,3890.16,42,33.0
2025-12-29,13:11:59,66.6,3875.94,42,33.0
2025-12-29,13:12:09,65.2,4331.76,42,33.0
2025-12-29,13:12:20,67.4,4687.80,42,33.0
2025-12-29,13:12:30,66.8,3746.88,42,33.0
2025-12-29,13:12:40,65.2,3847.23,42,33.0
2025-12-29,13:12:50,66.0,3643.82,42,33.0
2025-12-29,13:13:00,65.8,3434.14,42,33.0
2025-12-29,13:13:10,65.6,3811.49,43,33.0
2025-12-29,13:13:21,66.0,4220.78,43,33.0
2025-12-29,13:13:31,63.5,4026.45,43,33.0
2025-12-29,13:13:41,60.2,3738.76,43,33.0
2025-12-29,13:13:51,59.5,3749.00,43,33.0
2025-12-29,13:14:01,67.0,3642.35,43,33.0
2025-12-29,13:14:12,66.5,3375.42,43,33.0
2025-12-29,13:14:22,67.0,3771.11,43,33.0
2025-12-29,13:14:32,67.8,3834.98,43,33.0
2025-12-29,13:14:42,66.9,4566.98,43,33.0
2025-12-29,13:14:52,68.5,4719.81,43,33.0
2025-12-29,13:15:02,68.9,4303.60,43,33.0
2025-12-29,13:15:13,69.5,4508.31,43,33.0
2025-12-29,13:15:23,71.1,4626.66,43,33.0
2025-12-29,13:15:33,69.6,4487.79,43,33.0
2025-12-29,13:15:43,69.8,4487.61,43,33.0
2025-12-29,13:15:53,69.8,4608.48,43,33.0
2025-12-29,13:16:03,70.1,4417.58,43,33.0
2025-12-29,13:16:14,70.1,4171.98,43,33.0
2025-12-29,13:16:24,70.0,4621.13,43,33.0
2025-12-29,13:16:34,69.5,4687.72,43,33.0
2025-12-29,13:16:44,69.6,4572.96,43,33.0
2025-12-29,13:16:54,69.5,4802.67,43,33.0
2025-12-29,13:17:04,69.9,4656.00,42,33.0
2025-12-29,13:17:15,69.6,4377.48,42,33.0
2025-12-29,13:17:25,70.2,4736.60,42,33.0
2025-12-29,13:17:35,70.5,4286.51,42,33.0
2025-12-29,13:17:45,70.4,4709.83,42,33.0
2025-12-29,13:17:55,70.0,4496.96,42,33.0
2025-12-29,13:18:06,69.4,4625.97,42,33.0
2025-12-29,13:18:16,70.5,4722.33,42,33.0
2025-12-29,13:18:26,66.9,4558.04,42,33.0
2025-12-29,13:18:36,66.0,4391.03,42,33.0
2025-12-29,13:18:46,66.0,4667.42,42,33.0
2025-12-29,13:18:56,72.1,4497.14,42,33.0
2025-12-29,13:19:07,69.2,4403.58,42,33.0
2025-12-29,13:19:17,69.0,4345.95,42,33.0
2025-12-29,13:19:27,68.4,4689.25,42,33.0
2025-12-29,13:19:37,68.6,4566.69,42,33.0
2025-12-29,13:19:47,69.8,4743.21,42,33.0
2025-12-29,13:19:58,69.0,3946.66,42,33.0
2025-12-29,13:20:08,67.6,4306.92,42,33.0
2025-12-29,13:20:18,69.2,4287.54,42,33.0
2025-12-29,13:20:28,68.6,4485.80,42,33.0
2025-12-29,13:20:38,68.5,4556.54,42,33.0
2025-12-29,13:20:48,68.5,4663.02,42,33.0
2025-12-29,13:20:59,68.9,4163.23,42,33.0
2025-12-29,13:21:09,64.4,4796.66,42,33.0
2025-12-29,13:21:19,68.9,4033.86,42,33.0
2025-12-29,13:21:29,69.0,4337.01,42,33.0
2025-12-29,13:21:39,70.2,3720.40,42,33.0
2025-12-29,13:21:49,76.0,4741.15,42,33.0
2025-12-29,13:22:00,74.1,4791.02,42,33.0
2025-12-29,13:22:10,69.8,3958.90,42,33.0
2025-12-29,13:22:20,67.0,4404.45,42,33.0
2025-12-29,13:22:30,66.8,3766.80,42,33.0
2025-12-29,13:22:40,66.4,3810.90,42,33.0
2025-12-29,13:22:50,66.4,4022.76,42,33.0
2025-12-29,13:23:01,66.6,3584.72,42,33.0
2025-12-29,13:23:11,63.4,4321.37,42,33.0
2025-12-29,13:23:21,60.6,3546.70,43,33.0
2025-12-29,13:23:31,63.6,3573.22,43,33.0
2025-12-29,13:23:41,66.2,3768.19,43,33.0
2025-12-29,13:23:51,65.9,3712.39,43,33.0
2025-12-29,13:24:02,66.0,3798.49,43,33.0
2025-12-29,13:24:12,65.9,3925.63,43,33.0
2025-12-29,13:24:22,66.0,3572.42,43,33.0
2025-12-29,13:24:32,66.1,3578.92,43,33.0
2025-12-29,13:24:42,66.2,3732.68,43,33.0
2025-12-29,13:24:52,65.8,3840.42,43,33.0
2025-12-29,13:25:03,66.0,3773.78,43,33.0
2025-12-29,13:25:13,65.4,3850.98,43,33.0
2025-12-29,13:25:23,66.4,3803.74,43,33.0
2025-12-29,13:25:33,65.8,4068.22,43,33.0
2025-12-29,13:25:43,65.5,3929.35,43,33.0
2025-12-29,13:25:53,65.4,3611.72,43,33.0
2025-12-29,13:26:04,65.8,3536.29,43,33.0
2025-12-29,13:26:14,66.4,3845.15,43,34.0
2025-12-29,13:26:24,65.8,3912.59,43,33.0
2025-12-29,13:26:34,66.1,3849.51,43,33.0
2025-12-29,13:26:44,65.9,3962.10,43,33.0
2025-12-29,13:26:54,65.8,3884.29,43,33.0
2025-12-29,13:27:05,63.4,3900.52,43,33.0
2025-12-29,13:27:15,59.6,3575.54,43,33.0
2025-12-29,13:27:25,70.1,3947.86,43,33.0
2025-12-29,13:27:35,66.4,3777.03,43,33.0
2025-12-29,13:27:45,66.9,3683.22,43,33.0
2025-12-29,13:27:56,67.4,3572.20,43,33.0
2025-12-29,13:28:06,68.2,3769.89,43,33.0
2025-12-29,13:28:16,67.5,4800.65,43,33.0
2025-12-29,13:28:26,67.6,4262.76,43,33.0
2025-12-29,13:28:36,66.5,3543.98,43,33.0
2025-12-29,13:28:46,66.9,3802.33,43,33.0
2025-12-29,13:28:57,67.1,4001.12,43,33.0
2025-12-29,13:29:07,67.5,4114.46,43,33.0
2025-12-29,13:29:17,67.2,3717.41,43,33.0
2025-12-29,13:29:27,67.8,4049.29,43,33.0
2025-12-29,13:29:37,66.5,3853.15,43,33.0
2025-12-29,13:29:47,66.4,3612.13,43,33.0
2025-12-29,13:29:58,67.5,3653.04,43,33.0
2025-12-29,13:30:08,67.5,3632.06,43,33.0
2025-12-29,13:30:18,67.2,3600.94,43,33.0
2025-12-29,13:30:28,66.6,4020.12,43,33.0
2025-12-29,13:30:38,67.4,3435.83,43,33.0
2025-12-29,13:30:48,67.0,3628.10,43,33.0
2025-12-29,13:30:59,67.5,3671.44,43,33.0
2025-12-29,13:31:09,63.4,3890.25,43,33.0
2025-12-29,13:31:19,63.8,3613.27,43,33.0
2025-12-29,13:31:29,70.8,3543.65,43,33.0
2025-12-29,13:31:39,65.4,4767.66,43,33.0
2025-12-29,13:31:49,65.6,4057.42,43,33.0
2025-12-29,13:32:00,65.6,3890.27,43,33.0
2025-12-29,13:32:10,65.9,4296.16,43,33.0
2025-12-29,13:32:20,65.6,3671.94,43,33.0
2025-12-29,13:32:30,66.0,3905.57,43,33.0
2025-12-29,13:32:40,65.2,3782.79,43,33.0
2025-12-29,13:32:50,65.4,3709.14,43,33.0
2025-12-29,13:33:01,66.2,3545.46,43,33.0
2025-12-29,13:33:11,66.0,3990.97,43,33.0
2025-12-29,13:33:21,65.8,3493.60,43,33.0
2025-12-29,13:33:31,65.6,3945.89,43,33.0
2025-12-29,13:33:41,65.6,3926.63,43,33.0
2025-12-29,13:33:51,65.4,3454.36,43,33.0
2025-12-29,13:34:02,66.1,3675.45,43,33.0
2025-12-29,13:34:12,65.2,3767.83,43,33.0
2025-12-29,13:34:22,66.0,3734.28,43,33.0
2025-12-29,13:34:32,66.0,3443.43,43,33.0
2025-12-29,13:34:42,66.4,3525.09,43,33.0
2025-12-29,13:34:52,65.9,4257.53,43,33.0
2025-12-29,13:35:03,64.8,3952.47,43,33.0
2025-12-29,13:35:13,60.6,3544.78,43,34.0
2025-12-29,13:35:23,60.4,3384.27,43,33.0
2025-12-29,13:35:33,65.5,4564.12,43,33.0
2025-12-29,13:35:43,65.2,4262.40,43,33.0
2025-12-29,13:35:53,65.1,4143.63,43,33.0
2025-12-29,13:36:04,65.9,3611.11,43,33.0
2025-12-29,13:36:14,65.4,3656.47,43,33.0
2025-12-29,13:36:24,66.0,3670.62,43,33.0
2025-12-29,13:36:34,66.2,3626.44,43,33.0
2025-12-29,13:36:44,65.5,3598.54,43,33.0
2025-12-29,13:36:54,65.4,4005.27,43,33.0
2025-12-29,13:37:05,65.5,3668.56,43,33.0
2025-12-29,13:37:15,65.6,3794.27,43,34.0
2025-12-29,13:37:25,65.9,4048.40,43,33.0
2025-12-29,13:37:35,65.8,3915.67,43,33.0
2025-12-29,13:37:45,65.8,3362.08,43,33.0
2025-12-29,13:37:55,65.1,3753.03,43,33.0
2025-12-29,13:38:06,65.4,3943.15,43,33.0
2025-12-29,13:38:16,65.1,3895.64,43,33.0
2025-12-29,13:38:26,65.9,3654.52,43,33.0
2025-12-29,13:38:36,65.8,3633.63,43,34.0
2025-12-29,13:38:46,65.4,3900.00,43,33.0
2025-12-29,13:38:56,66.4,3343.84,43,34.0
2025-12-29,13:39:07,64.4,3579.17,43,34.0
2025-12-29,13:39:17,62.5,4160.60,43,33.0
2025-12-29,13:39:27,71.1,3173.99,43,34.0
2025-12-29,13:39:37,67.0,3435.63,43,34.0
2025-12-29,13:39:47,67.1,3351.49,43,33.0
2025-12-29,13:39:57,67.6,3409.62,43,34.0
2025-12-29,13:40:08,67.9,3904.02,43,33.0
2025-12-29,13:40:18,67.2,3515.05,43,33.0
2025-12-29,13:40:28,67.5,3946.33,43,33.0
2025-12-29,13:40:38,67.5,3551.97,43,34.0
2025-12-29,13:40:48,67.2,3562.73,43,33.0
2025-12-29,13:40:58,67.1,3611.73,43,33.0
2025-12-29,13:41:09,67.2,4091.80,43,33.0
2025-12-29,13:41:19,67.9,3886.24,43,33.0
2025-12-29,13:41:29,68.0,3746.63,43,33.0
2025-12-29,13:41:39,68.2,3951.32,43,33.0
2025-12-29,13:41:49,68.2,3807.46,43,33.0
2025-12-29,13:41:59,66.9,3914.56,43,33.0
2025-12-29,13:42:10,67.2,3870.26,43,33.0
2025-12-29,13:42:20,67.8,3860.03,43,33.0
2025-12-29,13:42:30,67.4,3333.30,43,33.0
2025-12-29,13:42:40,67.6,4226.61,43,33.0
2025-12-29,13:42:50,66.9,3508.50,43,33.0
2025-12-29,13:43:00,67.4,3760.04,43,33.0
2025-12-29,13:43:11,63.5,4134.17,43,33.0
2025-12-29,13:43:21,64.4,3677.04,43,33.0
2025-12-29,13:43:31,67.2,3496.08,43,33.0
2025-12-29,13:43:41,66.2,4213.07,43,33.0
2025-12-29,13:43:51,66.4,3576.32,43,33.0
2025-12-29,13:44:01,66.0,3559.79,43,33.0
2025-12-29,13:44:12,66.2,3848.50,43,33.0
2025-12-29,13:44:22,65.6,4305.59,43,33.0
2025-12-29,13:44:32,65.6,3791.20,43,33.0
2025-12-29,13:44:42,66.4,3851.45,43,33.0
2025-12-29,13:44:52,66.1,3476.71,43,33.0
2025-12-29,13:45:02,65.8,3588.36,43,33.0
2025-12-29,13:45:13,65.5,3776.34,43,34.0
2025-12-29,13:45:23,65.4,3916.11,43,34.0
2025-12-29,13:45:33,65.5,3565.92,43,33.0
2025-12-29,13:45:43,66.0,3823.89,43,33.0
2025-12-29,13:45:53,65.8,3891.39,43,33.0
2025-12-29,13:46:03,65.6,3747.43,43,33.0
2025-12-29,13:46:14,66.1,3882.46,43,34.0
2025-12-29,13:46:24,66.0,4033.34,43,34.0
2025-12-29,13:46:34,67.0,3930.39,43,34.0
2025-12-29,13:46:44,66.1,3569.14,43,34.0
2025-12-29,13:46:54,66.0,3577.51,43,34.0
2025-12-29,13:47:04,62.2,3694.45,43,34.0
2025-12-29,13:47:15,59.0,3715.81,43,34.0
2025-12-29,13:47:25,68.5,3633.45,43,34.0
2025-12-29,13:47:35,66.2,3976.31,43,34.0
2025-12-29,13:47:45,65.5,4110.04,43,34.0
2025-12-29,13:47:55,65.6,3778.19,43,34.0
2025-12-29,13:48:05,66.2,3968.05,43,34.0
2025-12-29,13:48:16,65.9,3619.17,43,34.0
2025-12-29,13:48:26,66.6,4084.01,43,34.0
2025-12-29,13:48:36,66.5,4106.42,43,34.0
2025-12-29,13:48:46,66.1,4124.18,43,34.0
2025-12-29,13:48:56,65.8,3508.23,43,34.0
2025-12-29,13:49:06,66.4,3744.70,43,34.0
2025-12-29,13:49:17,66.4,4011.40,43,34.0
2025-12-29,13:49:27,66.8,4264.52,43,34.0
2025-12-29,13:49:37,66.6,3872.28,43,34.0
2025-12-29,13:49:47,66.1,4216.56,43,34.0
2025-12-29,13:49:57,66.6,3610.22,43,34.0
2025-12-29,13:50:07,67.0,4145.69,43,34.0
2025-12-29,13:50:18,66.6,3804.15,43,34.0
2025-12-29,13:50:28,66.9,3982.95,43,34.0
2025-12-29,13:50:38,66.6,3923.51,43,34.0
2025-12-29,13:50:48,66.9,4494.18,43,34.0
2025-12-29,13:50:58,64.5,3553.05,43,34.0
2025-12-29,13:51:08,63.9,3780.89,43,34.0
2025-12-29,13:51:19,65.9,3830.64,43,34.0
2025-12-29,13:51:29,68.0,3979.85,43,34.0
2025-12-29,13:51:39,67.4,3467.94,43,34.0
2025-12-29,13:51:49,67.2,3577.82,43,34.0
2025-12-29,13:51:59,68.1,3492.61,43,34.0
2025-12-29,13:52:09,68.2,3513.47,43,34.0
2025-12-29,13:52:20,67.6,3895.06,43,34.0
2025-12-29,13:52:30,67.5,4251.74,43,34.0
2025-12-29,13:52:40,67.5,3753.63,43,34.0
2025-12-29,13:52:50,67.8,4444.92,43,34.0
2025-12-29,13:53:00,68.6,3794.12,43,34.0
2025-12-29,13:53:10,68.1,3873.54,43,34.0
2025-12-29,13:53:21,67.4,3894.56,43,34.0
2025-12-29,13:53:31,68.0,4283.40,43,34.0
2025-12-29,13:53:41,68.4,3495.59,43,34.0
2025-12-29,13:53:51,66.6,4187.97,43,34.0
2025-12-29,13:54:01,67.6,3912.35,43,34.0
2025-12-29,13:54:11,67.2,3504.32,43,34.0
2025-12-29,13:54:22,68.0,3935.19,43,34.0
2025-12-29,13:54:32,67.0,4448.39,43,34.0
2025-12-29,13:54:42,67.4,4250.28,43,34.0
2025-12-29,13:54:52,67.5,3896.52,43,34.0
2025-12-29,13:55:02,65.8,3938.34,43,34.0
2025-12-29,13:55:12,61.8,3854.49,43,34.0
2025-12-29,13:55:23,68.6,3920.23,43,34.0
2025-12-29,13:55:33,68.6,3796.97,43,34.0
2025-12-29,13:55:43,67.0,3727.00,43,34.0
2025-12-29,13:55:53,66.8,4085.43,43,34.0
2025-12-29,13:56:03,66.9,3953.64,43,34.0
2025-12-29,13:56:13,66.6,4673.09,43,34.0
2025-12-29,13:56:24,66.5,3967.23,43,34.0
2025-12-29,13:56:34,66.9,3714.36,43,35.0
2025-12-29,13:56:44,66.9,4143.83,44,34.0
2025-12-29,13:56:54,66.6,3641.81,43,34.0
2025-12-29,13:57:04,66.9,3570.75,44,35.0
2025-12-29,13:57:14,67.0,3698.21,44,35.0
2025-12-29,13:57:25,66.4,3960.46,44,34.0
2025-12-29,13:57:35,66.5,3876.07,44,35.0
2025-12-29,13:57:45,66.6,3471.68,44,35.0
2025-12-29,13:57:55,66.5,3856.08,44,34.0
2025-12-29,13:58:05,66.8,3929.81,44,34.0
2025-12-29,13:58:15,66.5,4095.45,44,35.0
2025-12-29,13:58:26,66.6,3986.24,44,34.0
2025-12-29,13:58:36,67.2,3745.43,44,34.0
2025-12-29,13:58:46,66.1,3985.27,44,34.0
2025-12-29,13:58:56,66.9,3705.61,44,34.0
2025-12-29,13:59:06,63.9,4041.53,44,34.0
2025-12-29,13:59:16,63.5,3843.86,44,35.0
2025-12-29,13:59:27,72.0,3812.96,44,34.0
2025-12-29,13:59:37,65.9,3821.22,44,35.0
2025-12-29,13:59:47,66.5,3825.61,44,35.0
2025-12-29,13:59:57,67.0,3848.90,44,34.0
2025-12-29,14:00:07,66.9,4213.96,44,34.0
2025-12-29,14:00:17,66.5,3887.74,44,35.0
2025-12-29,14:00:28,66.9,3995.71,44,35.0
2025-12-29,14:00:38,66.6,3707.36,44,35.0
2025-12-29,14:00:48,67.1,3625.41,44,34.0
2025-12-29,14:00:58,66.8,3712.91,44,35.0
2025-12-29,14:01:08,66.8,4001.72,44,34.0
2025-12-29,14:01:18,65.5,4249.02,44,34.0
2025-12-29,14:01:29,66.4,4084.72,44,34.0
2025-12-29,14:01:39,66.5,3919.46,44,34.0
2025-12-29,14:01:49,67.0,3997.67,44,34.0
2025-12-29,14:01:59,66.5,4357.33,44,34.0
2025-12-29,14:02:09,66.5,4097.19,44,34.0
2025-12-29,14:02:19,66.1,4418.50,44,34.0
2025-12-29,14:02:30,66.1,3698.04,44,34.0
2025-12-29,14:02:40,66.9,4186.97,44,34.0
2025-12-29,14:02:50,67.4,3844.84,44,34.0
2025-12-29,14:03:00,68.1,3865.82,44,34.0
2025-12-29,14:03:10,65.0,4088.44,44,34.0
2025-12-29,14:03:20,62.6,3360.02,44,34.0
2025-12-29,14:03:31,69.1,3997.69,44,34.0
2025-12-29,14:03:41,67.4,4113.28,44,34.0
2025-12-29,14:03:51,68.8,4381.24,44,34.0
2025-12-29,14:04:01,67.8,4543.00,44,34.0
2025-12-29,14:04:11,68.2,4679.66,44,34.0
2025-12-29,14:04:21,68.5,3913.81,44,34.0
2025-12-29,14:04:32,67.8,4247.95,44,34.0
2025-12-29,14:04:42,67.8,4460.65,44,34.0
2025-12-29,14:04:52,68.1,4443.86,44,34.0
2025-12-29,14:05:02,68.1,4364.63,44,34.0
2025-12-29,14:05:12,68.9,4297.61,44,34.0
2025-12-29,14:05:22,68.2,3872.02,44,34.0
2025-12-29,14:05:33,69.0,3925.08,43,34.0
2025-12-29,14:05:43,67.8,4615.52,43,34.0
2025-12-29,14:05:53,68.4,4070.20,43,34.0
2025-12-29,14:06:03,69.4,4561.44,43,34.0
2025-12-29,14:06:13,69.6,4096.87,43,34.0
2025-12-29,14:06:23,70.8,4156.33,43,34.0
2025-12-29,14:06:33,68.9,4673.75,43,34.0
2025-12-29,14:06:44,69.4,3834.36,43,34.0
2025-12-29,14:06:54,69.2,4177.95,43,34.0
2025-12-29,14:07:04,69.5,4112.95,43,34.0
2025-12-29,14:07:14,69.9,4405.70,43,34.0
2025-12-29,14:07:24,65.5,4218.72,43,34.0
2025-12-29,14:07:34,61.8,4321.20,43,34.0
2025-12-29,14:07:45,71.1,4154.93,43,34.0
2025-12-29,14:07:55,68.1,4027.62,43,34.0
2025-12-29,14:08:05,67.6,4286.54,43,34.0
2025-12-29,14:08:15,68.1,4111.48,43,34.0
2025-12-29,14:08:25,68.2,3895.84,43,34.0
2025-12-29,14:08:35,67.5,4396.31,43,34.0
2025-12-29,14:08:46,68.6,4120.88,43,34.0
2025-12-29,14:08:56,68.0,4057.08,43,34.0
2025-12-29,14:09:06,67.9,4736.03,43,34.0
2025-12-29,14:09:16,67.2,4382.40,43,34.0
2025-12-29,14:09:26,67.6,3621.82,43,34.0
2025-12-29,14:09:36,67.6,4106.84,43,34.0
2025-12-29,14:09:47,67.0,4312.02,43,33.0
2025-12-29,14:09:57,65.9,3857.97,43,34.0
2025-12-29,14:10:07,66.6,4147.95,43,33.0
2025-12-29,14:10:17,67.0,3357.70,43,34.0
2025-12-29,14:10:27,64.8,4218.89,43,33.0
2025-12-29,14:10:37,68.4,3856.89,43,33.0
2025-12-29,14:10:48,68.9,4201.09,43,33.0
2025-12-29,14:10:58,68.2,4380.72,43,33.0
2025-12-29,14:11:08,69.9,4044.59,43,33.0
2025-12-29,14:11:18,66.9,3876.72,43,33.0
2025-12-29,14:11:28,65.1,3828.54,43,33.0
2025-12-29,14:11:38,66.5,3660.64,43,34.0
2025-12-29,14:11:49,63.9,4219.89,43,33.0
2025-12-29,14:11:59,65.6,3836.10,43,34.0
2025-12-29,14:12:09,66.2,4669.81,43,33.0
2025-12-29,14:12:19,66.6,3725.86,43,33.0
2025-12-29,14:12:29,66.1,3932.98,43,34.0
2025-12-29,14:12:39,66.5,3556.30,43,33.0
2025-12-29,14:12:50,66.2,3546.42,43,33.0
2025-12-29,14:13:00,66.2,4588.33,43,34.0
2025-12-29,14:13:10,66.9,3745.39,43,33.0
2025-12-29,14:13:20,67.1,3598.88,43,33.0
2025-12-29,14:13:30,66.5,3587.81,43,33.0
2025-12-29,14:13:40,66.8,4352.30,43,33.0
2025-12-29,14:13:51,67.2,3794.93,43,34.0
2025-12-29,14:14:01,66.2,3270.80,43,34.0
2025-12-29,14:14:11,66.6,4314.63,43,34.0
2025-12-29,14:14:21,66.8,4055.37,43,34.0
2025-12-29,14:14:31,66.5,3890.03,43,34.0
2025-12-29,14:14:42,66.9,3476.21,43,34.0
2025-12-29,14:14:52,67.1,3853.48,43,34.0
2025-12-29,14:15:02,66.4,4176.13,43,33.0
2025-12-29,14:15:12,66.2,3729.75,43,34.0
2025-12-29,14:15:22,66.1,3736.21,43,34.0
2025-12-29,14:15:32,65.2,3775.63,43,33.0
2025-12-29,14:15:43,63.6,4238.24,43,33.0
2025-12-29,14:15:53,72.0,3929.11,43,34.0
2025-12-29,14:16:03,67.4,4829.67,43,33.0
2025-12-29,14:16:13,67.6,3835.59,43,33.0
2025-12-29,14:16:23,67.9,3663.86,43,33.0
2025-12-29,14:16:33,68.4,3990.67,43,34.0
2025-12-29,14:16:44,69.1,4013.59,43,34.0
2025-12-29,14:16:54,67.5,3914.05,43,33.0
2025-12-29,14:17:04,67.2,4348.97,43,33.0
2025-12-29,14:17:14,67.9,3633.02,43,34.0
2025-12-29,14:17:24,68.1,3835.12,43,33.0
2025-12-29,14:17:34,68.4,3690.20,43,34.0
2025-12-29,14:17:45,67.9,3643.23,43,33.0
2025-12-29,14:17:55,68.4,3712.20,43,33.0
2025-12-29,14:18:05,68.0,3489.80,43,33.0
2025-12-29,14:18:15,68.5,4178.92,43,33.0
2025-12-29,14:18:25,67.2,4273.49,43,33.0
2025-12-29,14:18:35,67.5,3977.48,43,33.0
2025-12-29,14:18:46,67.4,4251.20,43,33.0
2025-12-29,14:18:56,68.2,3618.05,43,33.0
2025-12-29,14:19:06,67.8,4564.66,43,33.0
2025-12-29,14:19:16,68.2,3887.49,43,33.0
2025-12-29,14:19:26,68.0,4018.72,43,33.0
2025-12-29,14:19:36,65.2,3760.21,43,33.0
2025-12-29,14:19:47,58.6,3673.88,43,33.0
2025-12-29,14:19:57,68.1,3396.64,43,33.0
2025-12-29,14:20:07,66.0,4492.67,43,33.0
2025-12-29,14:20:17,66.6,4323.66,43,33.0
2025-12-29,14:20:27,66.6,4007.51,43,33.0
2025-12-29,14:20:37,67.0,3848.67,43,33.0
2025-12-29,14:20:48,67.4,4329.95,43,33.0
2025-12-29,14:20:58,66.8,4122.07,43,33.0
2025-12-29,14:21:08,66.9,4272.55,43,33.0
2025-12-29,14:21:18,66.8,3967.55,43,33.0
2025-12-29,14:21:28,67.4,4150.12,43,33.0
2025-12-29,14:21:38,67.0,3634.10,43,33.0
2025-12-29,14:21:49,67.4,3792.69,43,33.0
2025-12-29,14:21:59,67.5,3862.02,43,33.0
2025-12-29,14:22:09,67.1,4173.44,43,33.0
2025-12-29,14:22:19,67.0,4083.42,43,33.0
2025-12-29,14:22:29,67.1,3547.87,43,33.0
2025-12-29,14:22:39,67.0,3374.54,43,33.0
2025-12-29,14:22:50,66.8,4143.90,43,33.0
2025-12-29,14:23:00,67.2,3631.06,43,33.0
2025-12-29,14:23:10,66.9,3535.76,43,33.0
2025-12-29,14:23:20,67.2,3742.50,43,33.0
2025-12-29,14:23:30,65.6,3778.06,43,33.0
2025-12-29,14:23:40,60.6,4436.88,43,33.0
2025-12-29,14:23:51,71.4,3640.20,43,33.0
2025-12-29,14:24:01,65.5,3853.06,43,33.0
2025-12-29,14:24:11,66.0,4364.42,43,33.0
2025-12-29,14:24:21,66.1,4162.59,43,33.0
2025-12-29,14:24:31,66.2,3773.56,43,33.0
2025-12-29,14:24:41,66.5,3857.16,43,33.0
2025-12-29,14:24:52,67.1,3448.01,43,33.0
2025-12-29,14:25:02,66.6,4221.83,43,33.0
2025-12-29,14:25:12,66.4,3926.81,43,33.0
2025-12-29,14:25:22,66.5,3579.83,43,34.0
2025-12-29,14:25:32,66.6,4093.86,43,33.0
2025-12-29,14:25:43,66.5,3440.72,43,33.0
2025-12-29,14:25:53,66.1,3643.15,43,33.0
2025-12-29,14:26:03,66.8,3814.09,43,33.0
2025-12-29,14:26:13,66.6,3664.71,43,33.0
2025-12-29,14:26:23,67.2,4076.65,43,33.0
2025-12-29,14:26:33,67.2,3633.62,43,34.0
2025-12-29,14:26:43,66.0,4051.52,43,33.0
2025-12-29,14:26:54,66.6,4237.02,43,33.0
2025-12-29,14:27:04,66.9,3484.17,43,33.0
2025-12-29,14:27:14,66.0,4036.74,43,33.0
2025-12-29,14:27:24,66.5,4174.07,43,33.0
2025-12-29,14:27:34,66.2,3996.60,43,33.0
2025-12-29,14:27:44,63.9,3676.02,43,33.0
2025-12-29,14:27:55,72.0,3554.01,43,33.0
2025-12-29,14:28:05,68.2,4676.86,43,33.0
2025-12-29,14:28:15,67.9,4470.29,43,33.0
2025-12-29,14:28:25,68.0,3807.73,43,33.0
2025-12-29,14:28:35,68.5,3737.66,43,33.0
2025-12-29,14:28:45,68.9,3552.69,43,33.0
2025-12-29,14:28:56,68.6,3951.82,43,33.0
2025-12-29,14:29:06,68.2,4188.61,43,33.0
2025-12-29,14:29:16,67.4,3987.39,43,33.0
2025-12-29,14:29:26,67.8,4147.76,43,33.0
2025-12-29,14:29:36,68.0,4412.99,43,33.0
2025-12-29,14:29:47,68.0,3335.73,43,33.0
2025-12-29,14:29:57,68.8,3735.70,43,33.0
2025-12-29,14:30:07,67.4,3919.75,43,33.0
2025-12-29,14:30:17,67.5,3912.39,43,33.0
2025-12-29,14:30:27,68.4,3391.37,43,33.0
2025-12-29,14:30:37,68.0,3909.31,43,33.0
2025-12-29,14:30:48,67.8,3861.55,43,33.0
2025-12-29,14:30:58,67.6,3585.15,43,33.0
2025-12-29,14:31:08,67.6,4005.12,43,33.0
2025-12-29,14:31:18,67.4,3946.97,43,33.0
2025-12-29,14:31:28,67.9,3792.81,43,33.0
2025-12-29,14:31:38,62.5,3920.13,43,33.0
2025-12-29,14:31:49,59.9,3488.70,43,33.0
2025-12-29,14:31:59,69.0,3707.08,43,33.0
2025-12-29,14:32:09,66.0,3612.94,43,33.0
2025-12-29,14:32:19,66.5,3756.55,43,33.0
2025-12-29,14:32:29,67.0,3638.38,43,33.0
2025-12-29,14:32:39,66.4,4118.27,43,33.0
2025-12-29,14:32:50,66.0,3591.12,43,33.0
2025-12-29,14:33:00,66.0,3807.85,43,33.0
2025-12-29,14:33:10,65.6,4016.65,43,33.0
2025-12-29,14:33:20,66.5,4199.92,43,33.0
2025-12-29,14:33:30,66.8,4263.47,43,33.0
2025-12-29,14:33:40,66.2,3936.41,43,33.0
2025-12-29,14:33:51,66.6,3846.14,43,33.0
2025-12-29,14:34:01,66.2,3728.66,43,33.0
2025-12-29,14:34:11,67.1,4118.40,43,33.0
2025-12-29,14:34:21,66.8,4214.78,43,33.0
2025-12-29,14:34:31,67.0,3868.66,43,33.0
2025-12-29,14:34:41,66.4,3944.00,43,33.0
2025-12-29,14:34:51,66.6,3785.99,43,33.0
2025-12-29,14:35:02,67.2,3473.60,43,33.0
2025-12-29,14:35:12,66.8,3454.01,43,33.0
2025-12-29,14:35:22,67.5,3915.50,43,33.0
2025-12-29,14:35:32,65.1,3908.42,43,33.0
2025-12-29,14:35:42,61.4,3529.17,43,33.0
2025-12-29,14:35:52,70.0,3755.16,43,33.0
2025-12-29,14:36:03,66.5,3877.57,43,33.0
2025-12-29,14:36:13,66.1,3433.15,43,33.0
2025-12-29,14:36:23,66.2,3897.27,43,33.0
2025-12-29,14:36:33,66.1,3767.28,43,33.0
2025-12-29,14:36:43,66.4,3483.24,43,33.0
2025-12-29,14:36:54,65.9,3890.87,43,33.0
2025-12-29,14:37:04,66.6,3553.72,43,33.0
2025-12-29,14:37:14,66.4,3848.93,43,33.0
2025-12-29,14:37:24,66.4,3721.09,43,33.0
2025-12-29,14:37:34,66.5,3696.89,43,33.0
2025-12-29,14:37:44,66.9,4378.42,43,33.0
2025-12-29,14:37:55,67.1,3820.18,43,33.0
2025-12-29,14:38:05,66.8,3843.72,43,33.0
2025-12-29,14:38:15,67.1,3754.24,43,33.0
2025-12-29,14:38:25,66.9,3813.58,43,33.0
2025-12-29,14:38:35,66.6,4254.98,43,33.0
2025-12-29,14:38:45,66.5,4140.90,43,33.0
2025-12-29,14:38:56,66.2,4084.91,43,33.0
2025-12-29,14:39:06,66.1,4151.39,43,33.0
2025-12-29,14:39:16,67.1,3797.74,43,33.0
2025-12-29,14:39:26,64.9,3668.05,43,33.0
2025-12-29,14:39:36,63.8,3980.09,43,33.0
2025-12-29,14:39:46,70.0,3457.88,43,33.0
2025-12-29,14:39:57,68.8,3854.57,43,33.0
2025-12-29,14:40:07,68.5,3796.52,43,33.0
2025-12-29,14:40:17,67.9,3729.69,43,33.0
2025-12-29,14:40:27,67.9,4267.96,43,33.0
2025-12-29,14:40:37,67.9,3578.49,43,33.0
2025-12-29,14:40:47,68.0,4106.60,43,33.0
2025-12-29,14:40:58,68.1,3850.52,43,33.0
2025-12-29,14:41:08,67.9,3898.23,43,33.0
2025-12-29,14:41:18,67.8,3795.00,43,33.0
2025-12-29,14:41:28,67.9,3342.61,43,33.0
2025-12-29,14:41:38,68.2,3639.52,43,33.0
2025-12-29,14:41:48,68.4,4317.06,43,33.0
2025-12-29,14:41:59,67.2,3798.83,43,33.0
2025-12-29,14:42:09,68.0,3973.90,43,33.0
2025-12-29,14:42:19,68.0,3647.65,43,33.0
2025-12-29,14:42:29,67.9,3831.30,43,33.0
2025-12-29,14:42:39,68.1,4348.99,43,33.0
2025-12-29,14:42:49,68.1,3546.77,43,33.0
2025-12-29,14:43:00,67.5,3797.73,43,33.0
2025-12-29,14:43:10,67.8,3742.26,43,33.0
2025-12-29,14:43:20,67.9,3841.56,43,33.0
2025-12-29,14:43:30,64.6,4455.52,43,33.0
2025-12-29,14:43:40,64.0,4177.09,43,33.0
2025-12-29,14:43:50,70.5,4142.02,43,33.0
2025-12-29,14:44:01,62.8,4073.38,43,33.0
2025-12-29,14:44:11,67.0,3517.13,43,33.0
2025-12-29,14:44:21,67.1,3988.44,43,33.0
2025-12-29,14:44:31,67.5,4208.49,43,33.0
2025-12-29,14:44:41,67.5,3552.84,43,34.0
2025-12-29,14:44:52,66.8,4262.58,43,33.0
2025-12-29,14:45:02,67.0,3410.63,43,33.0
2025-12-29,14:45:12,67.6,3609.58,43,33.0
2025-12-29,14:45:22,67.1,3635.58,43,33.0
2025-12-29,14:45:32,67.4,4057.78,43,33.0
2025-12-29,14:45:42,66.9,3812.26,43,33.0
2025-12-29,14:45:53,66.8,3322.42,43,34.0
2025-12-29,14:46:03,68.0,3755.07,43,33.0
2025-12-29,14:46:13,66.9,3663.48,43,33.0
2025-12-29,14:46:23,66.6,4007.39,43,33.0
2025-12-29,14:46:33,67.2,3827.43,43,33.0
2025-12-29,14:46:43,67.0,4280.26,43,33.0
2025-12-29,14:46:54,67.1,4410.78,43,33.0
2025-12-29,14:47:04,67.2,4793.58,43,33.0
2025-12-29,14:47:14,66.4,4365.31,43,33.0
2025-12-29,14:47:24,67.2,4159.71,43,33.0
2025-12-29,14:47:34,63.0,3672.75,43,33.0
2025-12-29,14:47:44,65.5,3666.69,43,33.0
2025-12-29,14:47:55,69.2,3780.72,43,33.0
2025-12-29,14:48:05,66.6,3948.46,43,34.0
2025-12-29,14:48:15,66.6,3910.17,43,33.0
2025-12-29,14:48:25,66.8,3631.33,43,33.0
2025-12-29,14:48:35,66.4,3624.41,43,33.0
2025-12-29,14:48:45,66.8,3768.78,43,33.0
2025-12-29,14:48:56,66.1,4051.03,43,33.0
2025-12-29,14:49:06,65.9,3743.97,43,33.0
2025-12-29,14:49:16,66.6,3605.84,43,33.0
2025-12-29,14:49:26,66.2,3810.91,43,33.0
2025-12-29,14:49:36,66.4,3659.63,43,33.0
2025-12-29,14:49:46,67.1,3443.91,43,33.0
2025-12-29,14:49:57,66.5,4075.38,43,33.0
2025-12-29,14:50:07,66.6,3762.71,43,33.0
2025-12-29,14:50:17,67.0,3752.38,43,33.0
2025-12-29,14:50:27,66.1,3519.51,43,33.0
2025-12-29,14:50:37,66.6,3566.36,43,33.0
2025-12-29,14:50:47,67.1,3847.97,43,33.0
2025-12-29,14:50:58,66.9,3574.24,43,33.0
2025-12-29,14:51:08,66.6,4009.58,43,33.0
2025-12-29,14:51:18,67.2,3596.37,43,33.0
2025-12-29,14:51:28,64.8,3677.73,43,33.0
2025-12-29,14:51:38,64.2,3565.90,43,33.0
2025-12-29,14:51:48,69.4,3642.73,43,33.0
2025-12-29,14:51:59,68.0,3829.41,43,33.0
2025-12-29,14:52:09,68.0,3608.82,43,33.0
2025-12-29,14:52:19,68.6,3813.47,43,33.0
2025-12-29,14:52:29,68.1,3852.27,43,33.0
2025-12-29,14:52:39,68.6,3834.60,43,33.0
2025-12-29,14:52:50,68.4,4124.92,43,33.0
2025-12-29,14:53:00,67.4,3538.23,43,33.0
2025-12-29,14:53:10,67.5,3636.80,43,34.0
2025-12-29,14:53:20,67.9,3709.48,43,33.0
2025-12-29,14:53:30,68.0,3342.46,43,33.0
2025-12-29,14:53:40,67.8,4053.45,43,33.0
2025-12-29,14:53:51,68.1,3501.79,43,33.0
2025-12-29,14:54:01,67.8,3777.95,43,33.0
2025-12-29,14:54:11,68.8,4297.77,43,33.0
2025-12-29,14:54:21,68.6,4154.42,43,33.0
2025-12-29,14:54:31,67.6,3875.80,43,33.0
2025-12-29,14:54:41,68.1,3593.20,43,33.0
2025-12-29,14:54:51,68.1,4033.13,43,33.0
2025-12-29,14:55:02,68.1,3706.99,43,33.0
2025-12-29,14:55:12,67.9,3989.04,43,33.0
2025-12-29,14:55:22,67.2,3864.25,43,33.0
2025-12-29,14:55:32,65.9,4300.14,43,33.0
2025-12-29,14:55:42,63.0,3676.66,43,33.0
2025-12-29,14:55:53,68.4,3601.51,43,33.0
2025-12-29,14:56:03,67.8,3974.36,43,33.0
2025-12-29,14:56:13,66.6,4207.25,43,33.0
2025-12-29,14:56:23,66.8,3906.67,43,33.0
2025-12-29,14:56:33,66.0,3892.94,43,33.0
2025-12-29,14:56:43,66.1,4106.92,43,34.0
2025-12-29,14:56:54,66.8,3822.56,43,33.0
2025-12-29,14:57:04,67.0,4865.03,43,33.0
2025-12-29,14:57:14,67.0,3970.19,43,33.0
2025-12-29,14:57:24,66.6,3847.02,43,33.0
2025-12-29,14:57:34,67.8,3816.04,43,33.0
2025-12-29,14:57:44,66.9,3509.02,43,33.0
2025-12-29,14:57:55,67.0,3934.56,43,33.0
2025-12-29,14:58:05,67.1,3712.74,43,33.0
2025-12-29,14:58:15,67.1,3554.83,43,33.0
2025-12-29,14:58:25,66.5,3287.44,43,33.0
2025-12-29,14:58:35,67.8,4002.16,43,33.0
2025-12-29,14:58:45,67.0,4063.31,43,33.0
2025-12-29,14:58:56,67.5,3866.07,43,33.0
2025-12-29,14:59:06,67.5,3872.30,43,33.0
2025-12-29,14:59:16,67.0,3775.14,43,34.0
2025-12-29,14:59:26,67.6,3819.46,43,34.0
2025-12-29,14:59:36,62.9,3762.92,43,34.0
2025-12-29,14:59:46,62.0,3429.96,43,33.0
2025-12-29,14:59:57,63.6,3656.64,43,33.0
2025-12-29,15:00:07,66.6,3438.59,43,33.0
2025-12-29,15:00:17,65.8,4009.41,43,33.0
2025-12-29,15:00:27,66.8,3626.25,43,33.0
2025-12-29,15:00:37,66.4,3852.38,43,33.0
2025-12-29,15:00:47,67.0,3853.44,43,33.0
2025-12-29,15:00:58,66.2,3639.80,43,33.0
2025-12-29,15:01:08,66.4,3989.65,43,33.0
2025-12-29,15:01:18,66.5,4090.39,43,33.0
2025-12-29,15:01:28,67.1,4015.04,43,33.0
2025-12-29,15:01:38,67.1,3846.15,43,33.0
2025-12-29,15:01:48,67.5,3710.69,43,33.0
2025-12-29,15:01:59,65.9,4094.79,43,33.0
2025-12-29,15:02:09,66.9,3876.38,43,33.0
2025-12-29,15:02:19,66.9,4333.32,43,33.0
2025-12-29,15:02:29,66.8,3727.04,43,33.0
2025-12-29,15:02:39,67.2,3728.81,43,33.0
2025-12-29,15:02:49,66.8,3940.55,43,34.0
2025-12-29,15:03:00,66.9,4276.57,43,34.0
2025-12-29,15:03:10,67.1,4018.75,43,34.0
2025-12-29,15:03:20,65.6,3947.02,43,33.0
2025-12-29,15:03:30,63.6,4100.99,43,33.0
2025-12-29,15:03:40,64.2,3501.09,43,34.0
2025-12-29,15:03:50,62.2,3845.85,43,34.0
2025-12-29,15:04:01,67.1,4086.50,43,33.0
2025-12-29,15:04:11,68.1,3968.20,43,34.0
2025-12-29,15:04:21,68.1,4011.04,43,34.0
2025-12-29,15:04:31,67.8,3878.79,43,34.0
2025-12-29,15:04:41,67.4,4089.35,43,34.0
2025-12-29,15:04:51,68.0,4026.34,43,33.0
2025-12-29,15:05:02,67.1,3922.88,43,34.0
2025-12-29,15:05:12,67.6,4380.77,43,33.0
2025-12-29,15:05:22,67.9,4865.96,43,33.0
2025-12-29,15:05:32,67.1,4231.10,43,34.0
2025-12-29,15:05:42,67.9,3993.14,43,33.0
2025-12-29,15:05:52,66.5,4249.80,43,34.0
2025-12-29,15:06:03,67.8,4422.25,43,34.0
2025-12-29,15:06:13,67.9,3937.34,43,34.0
2025-12-29,15:06:23,67.4,3771.01,43,34.0
2025-12-29,15:06:33,67.4,3666.15,43,34.0
2025-12-29,15:06:43,66.9,3873.43,43,33.0
2025-12-29,15:06:53,67.1,4559.70,43,33.0
2025-12-29,15:07:04,67.9,3743.97,43,33.0
2025-12-29,15:07:14,67.0,3343.54,43,34.0
2025-12-29,15:07:24,67.4,3835.18,43,34.0
2025-12-29,15:07:34,68.1,4321.71,43,34.0
2025-12-29,15:07:44,65.1,4019.64,43,33.0
2025-12-29,15:07:54,63.0,3691.75,43,33.0
2025-12-29,15:08:05,68.8,4364.91,43,34.0
2025-12-29,15:08:15,64.1,4320.30,43,33.0
2025-12-29,15:08:25,66.8,3669.38,43,33.0
2025-12-29,15:08:35,65.8,4264.09,43,34.0
2025-12-29,15:08:45,66.1,4055.20,43,33.0
2025-12-29,15:08:55,66.4,3957.82,43,33.0
2025-12-29,15:09:06,66.8,3731.93,43,34.0
2025-12-29,15:09:16,66.4,3539.63,43,33.0
2025-12-29,15:09:26,66.4,3452.51,43,34.0
2025-12-29,15:09:36,67.0,3936.79,43,33.0
2025-12-29,15:09:46,66.6,4057.73,43,34.0
2025-12-29,15:09:57,66.8,3622.00,43,34.0
2025-12-29,15:10:07,66.0,3979.13,43,33.0
2025-12-29,15:10:17,66.2,3929.75,43,33.0
2025-12-29,15:10:27,66.9,4456.73,43,33.0
2025-12-29,15:10:37,67.5,4070.59,43,33.0
2025-12-29,15:10:47,66.6,4415.20,43,34.0
2025-12-29,15:10:58,67.0,3749.84,43,33.0
2025-12-29,15:11:08,66.4,3872.65,43,34.0
2025-12-29,15:11:18,67.4,3903.48,43,34.0
2025-12-29,15:11:28,67.0,4095.88,43,34.0
2025-12-29,15:11:38,66.1,3837.01,43,33.0
2025-12-29,15:11:48,66.5,3682.41,43,34.0
2025-12-29,15:11:59,62.0,3820.60,43,33.0
2025-12-29,15:12:09,64.5,4288.97,43,34.0
2025-12-29,15:12:19,68.9,3609.51,43,33.0
2025-12-29,15:12:29,66.4,4262.38,43,34.0
2025-12-29,15:12:39,66.1,3907.69,43,33.0
2025-12-29,15:12:49,66.1,3614.94,43,33.0
2025-12-29,15:13:00,66.5,3696.82,43,33.0
2025-12-29,15:13:10,66.6,3560.43,43,33.0
2025-12-29,15:13:20,65.9,4125.17,43,33.0
2025-12-29,15:13:30,65.8,3669.00,43,33.0
2025-12-29,15:13:40,66.6,3910.65,43,34.0
2025-12-29,15:13:50,66.1,3557.74,43,33.0
2025-12-29,15:14:01,66.2,4611.32,43,34.0
2025-12-29,15:14:11,66.4,3386.72,43,33.0
2025-12-29,15:14:21,67.1,4039.23,43,34.0
2025-12-29,15:14:31,65.9,4195.27,43,34.0
2025-12-29,15:14:41,66.5,4468.11,43,34.0
2025-12-29,15:14:51,66.0,3702.42,43,34.0
2025-12-29,15:15:02,66.4,3744.89,43,34.0
2025-12-29,15:15:12,66.4,3884.05,43,33.0
2025-12-29,15:15:22,66.1,4220.42,43,33.0
2025-12-29,15:15:32,66.5,3959.78,43,34.0
2025-12-29,15:15:42,66.4,4335.32,43,34.0
2025-12-29,15:15:52,66.9,3599.09,43,33.0
2025-12-29,15:16:03,64.9,4745.37,43,33.0
2025-12-29,15:16:13,61.4,3945.79,43,33.0
2025-12-29,15:16:23,71.1,3851.47,43,34.0
2025-12-29,15:16:33,67.9,3814.08,43,33.0
2025-12-29,15:16:43,68.1,4252.71,43,33.0
2025-12-29,15:16:53,68.6,3707.29,43,33.0
2025-12-29,15:17:04,66.9,3660.31,43,34.0
2025-12-29,15:17:14,67.5,3750.46,43,34.0
2025-12-29,15:17:24,68.6,4044.70,43,33.0
2025-12-29,15:17:34,68.1,3776.84,43,33.0
2025-12-29,15:17:44,68.0,4313.97,43,34.0
2025-12-29,15:17:54,68.6,3857.45,43,33.0
2025-12-29,15:18:05,67.5,3503.34,43,33.0
2025-12-29,15:18:15,68.2,3798.23,43,34.0
2025-12-29,15:18:25,68.1,3507.24,43,34.0
2025-12-29,15:18:35,67.8,3522.87,43,34.0
2025-12-29,15:18:45,68.1,3769.21,43,33.0
2025-12-29,15:18:55,68.8,4188.20,43,34.0
2025-12-29,15:19:06,67.2,3889.64,43,33.0
2025-12-29,15:19:16,67.4,4341.78,43,33.0
2025-12-29,15:19:26,67.9,3642.35,43,33.0
2025-12-29,15:19:36,67.9,3813.25,43,34.0
2025-12-29,15:19:46,67.1,4019.92,43,33.0
2025-12-29,15:19:56,67.2,3632.52,43,34.0
2025-12-29,15:20:07,66.2,3726.68,43,34.0
2025-12-29,15:20:17,61.0,3590.81,43,33.0
2025-12-29,15:20:27,60.6,4135.36,43,34.0
2025-12-29,15:20:37,62.9,4022.00,43,33.0
2025-12-29,15:20:47,67.2,3573.70,43,33.0
2025-12-29,15:20:58,66.4,3775.75,43,33.0
2025-12-29,15:21:08,66.5,3937.14,43,34.0
2025-12-29,15:21:18,66.5,4310.14,43,33.0
2025-12-29,15:21:28,66.8,3771.84,43,34.0
2025-12-29,15:21:38,67.2,3354.81,43,34.0
2025-12-29,15:21:48,66.9,3452.61,43,33.0
2025-12-29,15:21:59,66.8,3718.80,43,33.0
2025-12-29,15:22:09,66.4,3672.56,43,34.0
2025-12-29,15:22:19,66.4,3979.63,43,34.0
2025-12-29,15:22:29,67.1,3688.67,43,34.0
2025-12-29,15:22:39,66.4,3985.67,43,34.0
2025-12-29,15:22:49,65.9,4265.63,43,33.0
2025-12-29,15:23:00,66.6,3906.31,43,34.0
2025-12-29,15:23:10,66.4,3637.65,43,34.0
2025-12-29,15:23:20,66.0,3898.94,44,34.0
2025-12-29,15:23:30,68.2,4440.37,46,33.0
2025-12-29,15:23:40,68.0,3752.94,46,34.0
2025-12-29,15:23:50,66.9,3862.83,46,34.0
2025-12-29,15:24:00,67.6,4317.93,46,34.0
2025-12-29,15:24:11,64.9,4302.32,48,34.0
2025-12-29,15:24:21,62.4,3692.32,48,34.0
2025-12-29,15:24:31,71.8,3802.39,48,34.0
2025-12-29,15:24:41,63.1,4614.59,49,34.0
2025-12-29,15:24:51,66.0,3784.92,48,34.0
2025-12-29,15:25:01,67.1,4194.46,49,34.0
2025-12-29,15:25:11,66.2,3738.44,49,33.0
2025-12-29,15:25:22,66.8,3838.93,49,33.0
2025-12-29,15:25:32,66.6,3833.22,49,34.0
2025-12-29,15:25:42,66.0,3665.27,50,34.0
2025-12-29,15:25:52,67.4,4163.45,50,33.0
2025-12-29,15:26:02,66.6,3773.73,50,34.0
2025-12-29,15:26:12,67.2,3794.09,50,34.0
2025-12-29,15:26:23,67.0,3787.66,50,34.0
2025-12-29,15:26:33,66.9,4175.11,50,34.0
2025-12-29,15:26:43,66.4,3622.96,51,34.0
2025-12-29,15:26:53,66.1,3874.71,51,34.0
2025-12-29,15:27:03,66.4,4109.93,51,34.0
2025-12-29,15:27:13,67.0,3659.29,51,34.0
2025-12-29,15:27:23,67.4,3611.43,51,34.0
2025-12-29,15:27:34,66.8,4677.45,51,34.0
2025-12-29,15:27:44,66.4,4168.51,52,34.0
2025-12-29,15:27:54,67.1,3546.32,52,34.0
2025-12-29,15:28:04,66.9,3741.03,52,34.0
2025-12-29,15:28:14,65.0,3767.53,52,34.0
2025-12-29,15:28:24,61.8,3830.28,52,34.0
2025-12-29,15:28:35,60.8,3598.33,52,34.0
2025-12-29,15:28:45,67.6,4131.50,52,34.0
2025-12-29,15:28:55,68.5,3787.73,52,34.0
2025-12-29,15:29:05,68.4,3705.60,52,34.0
2025-12-29,15:29:15,69.4,3657.18,53,34.0
2025-12-29,15:29:25,68.2,3869.25,53,34.0
2025-12-29,15:29:35,68.9,4084.96,53,34.0
2025-12-29,15:29:46,68.5,4486.83,53,34.0
2025-12-29,15:29:56,68.2,4253.71,53,34.0
2025-12-29,15:30:06,68.5,4214.61,53,34.0
2025-12-29,15:30:16,69.2,4085.69,53,34.0
2025-12-29,15:30:26,69.5,3590.15,52,34.0
2025-12-29,15:30:36,68.4,3948.46,51,34.0
2025-12-29,15:30:46,68.0,4233.99,51,34.0
2025-12-29,15:30:57,68.5,4059.99,51,34.0
2025-12-29,15:31:07,68.8,3935.98,50,34.0
2025-12-29,15:31:17,69.2,3999.97,50,34.0
2025-12-29,15:31:27,68.6,3769.10,50,34.0
2025-12-29,15:31:37,69.2,4412.19,50,34.0
2025-12-29,15:31:47,69.8,4008.91,50,34.0
2025-12-29,15:31:57,68.0,3786.85,49,34.0
2025-12-29,15:32:08,68.6,3833.59,49,34.0
2025-12-29,15:32:18,69.1,3831.48,49,34.0
2025-12-29,15:32:28,62.8,4401.63,49,34.0
2025-12-29,15:32:38,64.0,3709.81,49,34.0
2025-12-29,15:32:48,70.2,3812.87,48,34.0
2025-12-29,15:32:58,66.8,3574.31,48,34.0
2025-12-29,15:33:09,67.2,4003.17,48,34.0
2025-12-29,15:33:19,67.5,3944.12,48,34.0
2025-12-29,15:33:29,67.6,4438.97,48,34.0
2025-12-29,15:33:39,68.2,3964.55,48,34.0
2025-12-29,15:33:49,68.6,4143.64,48,34.0
2025-12-29,15:33:59,68.4,4052.23,47,34.0
2025-12-29,15:34:09,67.9,4001.86,47,34.0
2025-12-29,15:34:20,67.1,3814.77,47,34.0
2025-12-29,15:34:30,67.8,3825.96,47,34.0
2025-12-29,15:34:40,67.6,3636.02,47,34.0
2025-12-29,15:34:50,67.0,4226.63,47,34.0
2025-12-29,15:35:00,66.4,3774.99,47,34.0
2025-12-29,15:35:10,68.2,3936.51,47,34.0
2025-12-29,15:35:21,67.8,4260.58,47,34.0
2025-12-29,15:35:31,67.4,3854.44,47,34.0
2025-12-29,15:35:41,67.6,3997.28,46,34.0
2025-12-29,15:35:51,67.5,4377.15,46,34.0
2025-12-29,15:36:01,67.8,4152.54,49,34.0
2025-12-29,15:36:11,67.1,3866.32,49,34.0
2025-12-29,15:36:21,65.9,3591.90,49,34.0
2025-12-29,15:36:32,61.2,3658.60,49,34.0
2025-12-29,15:36:42,73.1,3725.08,49,34.0
2025-12-29,15:36:52,68.1,4265.08,49,34.0
2025-12-29,15:37:02,68.1,4380.82,50,34.0
2025-12-29,15:37:12,68.1,3936.21,50,34.0
2025-12-29,15:37:22,67.9,4042.78,50,34.0
2025-12-29,15:37:32,67.2,4147.79,50,34.0
2025-12-29,15:37:43,68.2,4006.23,50,34.0
2025-12-29,15:37:53,67.8,4268.03,51,34.0
2025-12-29,15:38:03,68.1,3793.40,51,34.0
2025-12-29,15:38:13,68.0,4105.47,51,34.0
2025-12-29,15:38:23,68.0,4462.55,51,34.0
2025-12-29,15:38:33,68.2,4265.88,51,34.0
2025-12-29,15:38:43,68.2,3774.63,51,34.0
2025-12-29,15:38:54,68.4,4485.56,52,34.0
2025-12-29,15:39:04,67.9,3676.41,52,34.0
2025-12-29,15:39:14,68.5,4187.53,52,34.0
2025-12-29,15:39:24,68.5,4157.83,52,34.0
2025-12-29,15:39:34,68.2,4020.59,52,34.0
2025-12-29,15:39:44,68.4,4234.90,52,34.0
2025-12-29,15:39:54,67.5,4300.67,52,34.0
2025-12-29,15:40:05,68.2,4075.89,52,34.0
2025-12-29,15:40:15,68.4,4118.66,52,34.0
2025-12-29,15:40:25,65.5,4815.34,53,34.0
2025-12-29,15:40:35,66.6,4393.54,54,34.0
2025-12-29,15:40:45,67.5,3819.02,54,34.0
2025-12-29,15:40:55,70.5,4226.12,54,34.0
2025-12-29,15:41:05,69.5,4629.75,54,34.0
2025-12-29,15:41:16,69.6,4015.60,53,34.0
2025-12-29,15:41:26,70.2,4424.89,54,34.0
2025-12-29,15:41:36,69.6,4518.36,54,34.0
2025-12-29,15:41:46,70.2,4593.14,54,34.0
2025-12-29,15:41:56,70.1,4314.80,54,34.0
2025-12-29,15:42:06,69.8,3906.65,55,34.0
2025-12-29,15:42:16,69.0,4796.18,54,34.0
2025-12-29,15:42:27,70.8,3787.59,54,34.0
2025-12-29,15:42:37,69.4,4107.20,54,34.0
2025-12-29,15:42:47,69.8,4231.31,55,34.0
2025-12-29,15:42:57,70.6,4034.94,55,34.0
2025-12-29,15:43:07,69.4,3945.18,54,34.0
2025-12-29,15:43:17,70.2,4372.03,55,34.0
2025-12-29,15:43:28,69.1,4015.24,55,34.0
2025-12-29,15:43:38,70.4,4510.61,55,34.0
2025-12-29,15:43:48,69.8,4345.50,55,34.0
2025-12-29,15:43:58,69.6,4433.08,55,34.0
2025-12-29,15:44:08,69.9,4293.10,56,34.0
2025-12-29,15:44:18,68.6,4176.09,55,34.0
2025-12-29,15:44:28,69.8,4461.55,56,34.0
2025-12-29,15:44:39,68.1,3760.54,56,34.0
2025-12-29,15:44:49,64.1,4333.94,56,34.0
2025-12-29,15:44:59,68.8,4101.34,56,34.0
2025-12-29,15:45:09,70.8,4151.59,56,34.0
2025-12-29,15:45:19,68.8,4553.12,56,34.0
2025-12-29,15:45:29,68.4,4236.71,57,34.0
2025-12-29,15:45:39,68.6,4118.17,56,34.0
2025-12-29,15:45:50,68.5,4180.87,56,34.0
2025-12-29,15:46:00,68.8,4200.09,56,34.0
2025-12-29,15:46:10,68.9,4000.45,54,34.0
2025-12-29,15:46:20,69.4,4451.32,53,34.0
2025-12-29,15:46:30,68.9,4153.19,53,34.0
2025-12-29,15:46:40,70.1,4388.99,52,34.0
2025-12-29,15:46:50,69.4,4198.25,52,34.0
2025-12-29,15:47:01,69.1,3965.36,51,34.0
2025-12-29,15:47:11,70.1,4192.21,50,34.0
2025-12-29,15:47:21,69.4,4443.93,50,34.0
2025-12-29,15:47:31,69.2,4529.75,50,34.0
2025-12-29,15:47:41,70.0,4625.57,49,34.0
2025-12-29,15:47:51,69.1,4345.32,49,34.0
2025-12-29,15:48:01,69.0,4498.15,48,34.0
2025-12-29,15:48:12,69.2,4701.73,48,34.0
2025-12-29,15:48:22,69.0,4150.75,48,34.0
2025-12-29,15:48:32,68.6,4472.98,48,34.0
2025-12-29,15:48:42,70.0,4468.55,47,34.0
2025-12-29,15:48:52,67.4,4120.30,48,34.0
2025-12-29,15:49:02,67.5,4368.08,48,34.0
2025-12-29,15:49:13,71.4,4124.32,48,34.0
2025-12-29,15:49:23,69.1,4288.35,45,34.0
2025-12-29,15:49:33,68.9,4233.77,45,34.0
2025-12-29,15:49:43,69.5,4174.78,44,34.0
2025-12-29,15:49:53,69.8,4311.17,44,34.0
2025-12-29,15:50:03,69.8,4121.70,43,34.0
2025-12-29,15:50:13,68.8,4245.23,43,34.0
2025-12-29,15:50:24,68.6,4208.91,43,34.0
2025-12-29,15:50:34,69.9,4321.17,43,34.0
2025-12-29,15:50:44,68.4,4190.36,43,34.0
2025-12-29,15:50:54,68.5,4510.33,43,34.0
2025-12-29,15:51:04,68.1,4550.15,43,34.0
2025-12-29,15:51:14,69.2,4186.56,43,34.0
2025-12-29,15:51:25,68.4,4025.13,43,34.0
2025-12-29,15:51:35,68.6,4273.80,43,34.0
2025-12-29,15:51:45,68.1,4499.31,43,34.0
2025-12-29,15:51:55,68.4,4053.31,44,34.0
2025-12-29,15:52:05,68.6,4302.50,43,34.0
2025-12-29,15:52:15,68.8,3963.51,43,34.0
2025-12-29,15:52:25,68.4,4323.69,43,34.0
2025-12-29,15:52:36,67.8,4454.05,43,34.0
2025-12-29,15:52:46,68.5,3573.29,43,34.0
2025-12-29,15:52:56,66.5,4273.98,43,34.0
2025-12-29,15:53:06,64.0,4607.98,43,34.0
2025-12-29,15:53:16,72.6,4381.13,43,34.0
2025-12-29,15:53:26,68.9,4240.34,43,34.0
2025-12-29,15:53:36,70.5,4126.53,43,33.0
2025-12-29,15:53:47,68.9,4479.30,43,33.0
2025-12-29,15:53:57,70.4,4412.11,43,34.0
2025-12-29,15:54:07,69.2,4503.41,43,34.0
2025-12-29,15:54:17,70.2,4193.76,43,34.0
2025-12-29,15:54:27,69.1,4272.84,43,34.0
2025-12-29,15:54:37,69.1,4284.69,43,34.0
2025-12-29,15:54:47,70.2,4110.56,43,34.0
2025-12-29,15:54:58,70.9,4865.47,43,33.0
2025-12-29,15:55:08,69.0,4344.22,43,34.0
2025-12-29,15:55:18,68.9,4211.37,43,34.0
2025-12-29,15:55:28,69.5,4339.50,43,34.0
2025-12-29,15:55:38,70.0,4267.28,43,33.0
2025-12-29,15:55:48,69.0,4366.26,43,34.0
2025-12-29,15:55:59,69.0,4268.03,43,34.0
2025-12-29,15:56:09,69.5,4167.00,43,33.0
2025-12-29,15:56:19,69.5,4551.09,43,34.0
2025-12-29,15:56:29,68.6,4680.74,43,34.0
2025-12-29,15:56:39,69.9,4019.46,43,33.0
2025-12-29,15:56:49,70.1,3920.57,43,34.0
2025-12-29,15:56:59,67.2,4350.04,43,34.0
2025-12-29,15:57:10,64.0,4234.44,43,33.0
2025-12-29,15:57:20,64.2,4415.72,43,34.0
2025-12-29,15:57:30,70.6,4365.97,43,34.0
2025-12-29,15:57:40,68.0,4310.95,43,34.0
2025-12-29,15:57:50,67.5,4249.43,43,33.0
2025-12-29,15:58:00,68.1,3919.99,43,33.0
2025-12-29,15:58:11,66.6,4312.05,43,34.0
2025-12-29,15:58:21,68.4,4200.05,43,34.0
2025-12-29,15:58:31,68.5,3968.91,43,34.0
2025-12-29,15:58:41,68.1,4025.58,43,33.0
2025-12-29,15:58:51,68.4,4488.10,43,34.0
2025-12-29,15:59:01,68.8,4174.64,43,34.0
2025-12-29,15:59:11,67.8,4287.69,43,34.0
2025-12-29,15:59:22,67.5,3752.83,43,33.0
2025-12-29,15:59:32,67.9,4182.63,43,34.0
2025-12-29,15:59:42,68.8,4559.82,43,34.0
2025-12-29,15:59:52,68.2,4259.86,43,34.0
2025-12-29,16:00:02,67.9,4211.94,43,34.0
2025-12-29,16:00:12,66.8,4133.84,43,34.0
2025-12-29,16:00:22,67.2,4234.26,43,34.0
2025-12-29,16:00:33,68.0,4402.65,43,34.0
2025-12-29,16:00:43,67.8,4204.49,43,34.0
2025-12-29,16:00:53,67.8,3918.35,43,34.0
2025-12-29,16:01:03,65.2,4234.93,43,33.0
2025-12-29,16:01:13,65.9,3940.09,43,34.0
2025-12-29,16:01:23,71.9,4264.54,43,34.0
2025-12-29,16:01:33,67.9,3726.16,43,33.0
2025-12-29,16:01:44,67.9,3890.08,43,34.0
2025-12-29,16:01:54,67.8,4757.67,43,34.0
2025-12-29,16:02:04,67.2,4452.27,43,33.0
2025-12-29,16:02:14,68.2,4333.55,43,33.0
2025-12-29,16:02:24,67.6,4146.74,43,34.0
2025-12-29,16:02:34,68.2,3647.46,43,33.0
2025-12-29,16:02:44,68.8,3913.70,43,34.0
2025-12-29,16:02:55,67.6,3978.75,43,33.0
2025-12-29,16:03:05,67.6,4337.31,43,34.0
2025-12-29,16:03:15,68.2,3994.89,43,34.0
2025-12-29,16:03:25,68.0,4405.59,43,34.0
2025-12-29,16:03:35,67.9,4011.96,43,33.0
2025-12-29,16:03:45,67.9,4253.77,43,34.0
2025-12-29,16:03:56,67.9,4202.81,43,34.0
2025-12-29,16:04:06,67.8,4102.59,43,33.0
2025-12-29,16:04:16,68.6,4123.52,43,34.0
2025-12-29,16:04:26,68.0,3996.24,43,34.0
2025-12-29,16:04:36,67.4,4144.36,43,33.0
2025-12-29,16:04:46,68.0,4167.89,43,33.0
2025-12-29,16:04:56,68.9,4407.47,43,34.0
2025-12-29,16:05:07,66.2,3948.91,43,34.0
2025-12-29,16:05:17,65.9,4351.06,43,34.0
2025-12-29,16:05:27,69.0,3865.83,43,34.0
2025-12-29,16:05:37,68.5,4300.27,43,33.0
2025-12-29,16:05:47,69.8,4248.48,43,33.0
2025-12-29,16:05:57,69.8,4501.89,43,34.0
2025-12-29,16:06:08,70.5,4227.36,43,33.0
2025-12-29,16:06:18,69.1,4017.15,43,33.0
2025-12-29,16:06:28,69.5,3677.60,43,33.0
2025-12-29,16:06:38,69.9,4266.13,43,33.0
2025-12-29,16:06:48,69.1,4104.69,43,33.0
2025-12-29,16:06:58,69.5,4017.70,43,33.0
2025-12-29,16:07:08,68.8,4060.34,43,33.0
2025-12-29,16:07:19,68.9,3986.18,43,33.0
2025-12-29,16:07:29,69.5,4539.07,43,34.0
2025-12-29,16:07:39,69.5,4215.94,43,33.0
2025-12-29,16:07:49,69.1,4710.00,43,33.0
2025-12-29,16:07:59,70.2,4290.57,43,34.0
2025-12-29,16:08:09,69.4,4279.65,43,34.0
2025-12-29,16:08:19,69.5,4366.10,43,33.0
2025-12-29,16:08:30,69.5,4355.15,43,34.0
2025-12-29,16:08:40,69.6,4100.92,43,33.0
2025-12-29,16:08:50,69.6,4369.37,43,34.0
2025-12-29,16:09:00,68.8,4358.35,43,34.0
2025-12-29,16:09:10,70.2,4126.17,43,34.0
2025-12-29,16:09:20,67.8,4131.06,43,33.0
2025-12-29,16:09:31,62.6,4178.93,43,33.0
2025-12-29,16:09:41,73.5,4454.31,43,33.0
2025-12-29,16:09:51,66.8,4254.22,43,33.0
2025-12-29,16:10:01,68.0,4455.69,43,33.0
2025-12-29,16:10:11,67.6,4270.56,43,33.0
2025-12-29,16:10:21,68.0,4226.81,43,33.0
2025-12-29,16:10:32,68.2,4088.30,43,33.0
2025-12-29,16:10:42,68.6,4059.32,43,33.0
2025-12-29,16:10:52,67.9,4242.84,43,33.0
2025-12-29,16:11:02,68.6,4147.49,43,33.0
2025-12-29,16:11:12,68.0,3738.44,43,34.0
2025-12-29,16:11:22,68.2,4255.44,43,34.0
2025-12-29,16:11:32,69.0,4273.39,43,33.0
2025-12-29,16:11:43,69.0,4540.68,43,33.0
2025-12-29,16:11:53,67.6,4101.25,43,33.0
2025-12-29,16:12:03,68.2,4145.04,43,33.0
2025-12-29,16:12:13,68.2,4221.12,43,33.0
2025-12-29,16:12:23,68.2,4037.74,43,33.0
2025-12-29,16:12:33,68.8,4227.64,43,33.0
2025-12-29,16:12:43,67.6,4129.27,43,33.0
2025-12-29,16:12:54,69.1,4508.44,43,33.0
2025-12-29,16:13:04,68.1,3960.08,43,33.0
2025-12-29,16:13:14,67.9,4506.33,43,33.0
2025-12-29,16:13:24,64.1,4005.26,43,34.0
2025-12-29,16:13:34,62.8,4342.21,43,33.0
2025-12-29,16:13:44,69.1,4117.64,43,33.0
2025-12-29,16:13:54,66.9,3584.41,43,33.0
2025-12-29,16:14:05,66.6,3670.79,43,34.0
2025-12-29,16:14:15,67.1,3905.75,43,33.0
2025-12-29,16:14:25,67.0,4177.72,43,34.0
2025-12-29,16:14:35,66.1,4202.68,43,33.0
2025-12-29,16:14:45,70.0,3665.23,43,33.0
2025-12-29,16:14:55,67.8,3741.80,43,33.0
2025-12-29,16:15:06,67.5,4162.93,43,33.0
2025-12-29,16:15:16,68.0,4576.99,43,33.0
2025-12-29,16:15:26,66.6,3850.48,43,33.0
2025-12-29,16:15:36,66.4,3649.74,43,33.0
2025-12-29,16:15:46,67.8,3770.38,43,33.0
2025-12-29,16:15:56,66.5,3882.66,43,33.0
2025-12-29,16:16:07,66.5,3592.05,43,33.0
2025-12-29,16:16:17,66.6,3393.36,43,33.0
2025-12-29,16:16:27,66.6,3530.40,43,33.0
2025-12-29,16:16:37,66.4,3865.28,43,33.0
2025-12-29,16:16:47,66.9,4053.05,43,33.0
2025-12-29,16:16:57,66.2,3632.54,43,33.0
2025-12-29,16:17:07,66.5,3975.56,43,34.0
2025-12-29,16:17:18,66.2,3888.99,43,34.0
2025-12-29,16:17:28,66.1,4474.88,43,34.0
2025-12-29,16:17:38,65.6,3685.58,43,33.0
2025-12-29,16:17:48,65.0,4339.70,43,33.0
2025-12-29,16:17:58,72.0,3865.53,43,34.0
2025-12-29,16:18:08,68.4,4320.75,43,33.0
2025-12-29,16:18:19,68.6,3592.16,43,34.0
2025-12-29,16:18:29,67.9,4100.53,43,33.0
2025-12-29,16:18:39,68.5,4041.34,43,33.0
2025-12-29,16:18:49,69.0,3809.70,43,34.0
2025-12-29,16:18:59,68.1,4491.05,43,34.0
2025-12-29,16:19:09,68.1,4157.54,43,34.0
2025-12-29,16:19:20,68.5,4306.75,43,33.0
2025-12-29,16:19:30,68.4,3970.08,43,33.0
2025-12-29,16:19:40,68.1,4556.07,43,33.0
2025-12-29,16:19:50,67.1,4149.72,43,33.0
2025-12-29,16:20:00,67.9,4405.67,43,33.0
2025-12-29,16:20:10,68.5,3573.68,43,33.0
2025-12-29,16:20:20,68.6,3833.32,43,33.0
2025-12-29,16:20:31,68.4,4059.51,43,33.0
2025-12-29,16:20:41,68.2,3592.69,43,33.0
2025-12-29,16:20:51,68.9,3749.13,43,33.0
2025-12-29,16:21:01,67.2,4490.01,43,33.0
2025-12-29,16:21:11,67.6,4988.98,43,34.0
2025-12-29,16:21:21,68.0,4061.47,43,34.0
2025-12-29,16:21:31,68.9,3836.99,43,33.0
2025-12-29,16:21:42,67.4,3863.05,43,34.0
2025-12-29,16:21:52,64.2,4237.82,43,33.0
2025-12-29,16:22:02,65.4,4340.55,43,34.0
2025-12-29,16:22:12,71.4,3865.41,43,33.0
2025-12-29,16:22:22,67.0,3750.21,43,33.0
2025-12-29,16:22:32,66.5,4210.05,43,33.0
2025-12-29,16:22:42,66.8,4030.50,43,34.0
2025-12-29,16:22:53,66.1,3682.23,43,33.0
2025-12-29,16:23:03,66.6,4320.59,43,33.0
2025-12-29,16:23:13,66.5,4032.30,43,34.0
2025-12-29,16:23:23,66.5,3891.44,43,34.0
2025-12-29,16:23:33,66.6,4045.62,43,33.0
2025-12-29,16:23:43,66.8,3614.89,43,33.0
2025-12-29,16:23:54,66.1,3545.61,43,34.0
2025-12-29,16:24:04,66.5,3804.65,43,33.0
2025-12-29,16:24:14,66.4,3784.91,43,33.0
2025-12-29,16:24:24,67.0,4006.15,43,34.0
2025-12-29,16:24:34,66.6,3685.64,43,33.0
2025-12-29,16:24:44,66.6,3691.34,43,33.0
2025-12-29,16:24:54,66.9,3566.72,43,33.0
2025-12-29,16:25:05,66.8,4192.31,43,33.0
2025-12-29,16:25:15,66.2,3785.84,43,33.0
2025-12-29,16:25:25,67.2,3436.07,43,33.0
2025-12-29,16:25:35,67.0,3892.18,43,33.0
2025-12-29,16:25:45,65.9,3688.84,43,33.0
2025-12-29,16:25:55,62.0,3562.29,43,34.0
2025-12-29,16:26:06,66.8,3891.60,43,33.0
2025-12-29,16:26:16,67.2,3597.67,43,33.0
2025-12-29,16:26:26,66.8,3641.10,43,34.0
2025-12-29,16:26:36,67.1,3722.80,43,34.0
2025-12-29,16:26:46,66.2,4041.28,43,33.0
2025-12-29,16:26:56,66.1,3747.13,43,34.0
2025-12-29,16:27:07,66.1,4188.79,43,33.0
2025-12-29,16:27:17,66.2,3647.98,43,34.0
2025-12-29,16:27:27,66.4,3692.61,43,33.0
2025-12-29,16:27:37,65.8,4124.29,43,33.0
2025-12-29,16:27:47,65.9,3708.30,43,33.0
2025-12-29,16:27:57,65.5,3991.36,43,33.0
2025-12-29,16:28:07,66.1,3926.23,43,33.0
2025-12-29,16:28:18,66.1,3753.11,43,33.0
2025-12-29,16:28:28,66.8,3612.74,43,33.0
2025-12-29,16:28:38,66.2,3749.50,43,33.0
2025-12-29,16:28:48,66.1,3613.48,43,33.0
2025-12-29,16:28:58,65.9,3554.73,43,33.0
2025-12-29,16:29:08,65.9,4226.02,43,33.0
2025-12-29,16:29:18,66.8,3923.91,43,33.0
2025-12-29,16:29:29,67.2,3843.10,43,33.0
2025-12-29,16:29:39,65.9,3668.33,43,33.0
2025-12-29,16:29:49,63.4,3717.29,43,33.0
2025-12-29,16:29:59,64.0,3761.99,43,33.0
2025-12-29,16:30:09,59.5,3567.90,43,33.0
2025-12-29,16:30:19,66.8,3985.30,43,33.0
2025-12-29,16:30:30,67.9,4175.70,43,33.0
2025-12-29,16:30:40,67.9,3671.52,43,33.0
2025-12-29,16:30:50,67.9,3771.62,43,33.0
2025-12-29,16:31:00,68.1,4280.26,43,33.0
2025-12-29,16:31:10,67.6,3983.21,43,33.0
2025-12-29,16:31:20,66.9,4058.86,43,33.0
2025-12-29,16:31:30,67.2,3435.48,43,33.0
2025-12-29,16:31:41,68.0,3746.66,43,33.0
2025-12-29,16:31:51,68.0,4159.46,43,33.0
2025-12-29,16:32:01,67.4,3434.67,43,33.0
2025-12-29,16:32:11,67.8,3546.91,43,33.0
2025-12-29,16:32:21,67.9,3865.86,43,33.0
2025-12-29,16:32:31,67.4,4582.06,43,33.0
2025-12-29,16:32:42,68.2,3810.33,43,33.0
2025-12-29,16:32:52,68.1,3657.96,43,33.0
2025-12-29,16:33:02,68.1,3525.07,43,33.0
2025-12-29,16:33:12,67.4,4207.20,43,33.0
2025-12-29,16:33:22,67.8,3651.91,43,33.0
2025-12-29,16:33:32,68.1,3756.10,43,33.0
2025-12-29,16:33:42,67.1,4092.02,43,33.0
2025-12-29,16:33:53,68.4,3991.45,43,33.0
2025-12-29,16:34:03,63.9,3889.35,43,33.0
2025-12-29,16:34:13,63.8,3724.70,43,33.0
2025-12-29,16:34:23,63.4,4299.12,43,33.0
2025-12-29,16:34:33,66.5,3714.78,43,33.0
2025-12-29,16:34:43,66.4,3840.14,43,33.0
2025-12-29,16:34:53,66.6,3707.15,43,33.0
2025-12-29,16:35:04,66.5,3743.55,43,33.0
2025-12-29,16:35:14,66.4,3877.70,43,33.0
2025-12-29,16:35:24,66.1,3872.28,43,33.0
2025-12-29,16:35:34,66.2,3698.03,43,33.0
2025-12-29,16:35:44,66.0,4214.47,43,33.0
2025-12-29,16:35:54,66.1,3626.57,43,33.0
2025-12-29,16:36:05,66.2,4268.94,43,33.0
2025-12-29,16:36:15,66.5,3972.14,43,33.0
2025-12-29,16:36:25,66.5,3692.95,43,33.0
2025-12-29,16:36:35,66.4,3584.41,43,33.0
2025-12-29,16:36:45,67.4,3578.21,43,33.0
2025-12-29,16:36:55,66.6,3598.61,43,33.0
2025-12-29,16:37:05,66.5,3721.88,43,33.0
2025-12-29,16:37:16,66.2,3875.25,43,33.0
2025-12-29,16:37:26,66.1,3750.80,43,33.0
2025-12-29,16:37:36,65.8,3893.76,43,33.0
2025-12-29,16:37:46,66.2,3722.35,43,33.0
2025-12-29,16:37:56,67.1,3869.80,43,33.0
2025-12-29,16:38:06,62.5,3686.89,43,33.0
2025-12-29,16:38:17,62.6,4020.85,43,33.0
2025-12-29,16:38:27,67.9,3813.03,43,33.0
2025-12-29,16:38:37,65.8,3747.50,43,33.0
2025-12-29,16:38:47,66.9,4294.29,43,33.0
2025-12-29,16:38:57,66.6,4402.36,43,33.0
2025-12-29,16:39:07,66.5,3834.88,43,33.0
2025-12-29,16:39:17,66.8,3994.01,43,33.0
2025-12-29,16:39:28,65.6,3524.25,43,33.0
2025-12-29,16:39:38,66.2,3779.40,43,33.0
2025-12-29,16:39:48,66.2,4131.44,43,33.0
2025-12-29,16:39:58,66.5,3796.48,43,33.0
2025-12-29,16:40:08,66.4,3677.28,43,33.0
2025-12-29,16:40:18,66.6,3663.22,43,33.0
2025-12-29,16:40:29,66.1,3957.59,43,33.0
2025-12-29,16:40:39,66.2,3949.13,43,33.0
2025-12-29,16:40:49,67.0,3662.86,43,33.0
2025-12-29,16:40:59,65.6,3935.19,43,33.0
2025-12-29,16:41:09,66.6,3729.33,43,33.0
2025-12-29,16:41:19,66.2,3646.18,43,33.0
2025-12-29,16:41:30,66.6,3929.49,43,33.0
2025-12-29,16:41:40,66.8,3822.52,43,33.0
2025-12-29,16:41:50,66.1,3887.49,43,33.0
2025-12-29,16:42:00,64.1,3353.37,43,33.0
2025-12-29,16:42:10,64.6,4097.92,43,33.0
2025-12-29,16:42:20,60.5,3444.38,43,33.0
2025-12-29,16:42:30,66.9,3517.28,43,33.0
2025-12-29,16:42:41,68.4,3704.49,43,33.0
2025-12-29,16:42:51,67.8,3903.81,43,33.0
2025-12-29,16:43:01,67.5,3396.35,43,33.0
2025-12-29,16:43:11,67.8,3671.77,43,33.0
2025-12-29,16:43:21,69.2,3821.76,43,33.0
2025-12-29,16:43:31,68.2,3546.09,43,33.0
2025-12-29,16:43:41,67.1,4532.32,43,33.0
2025-12-29,16:43:52,67.9,3424.32,43,33.0
2025-12-29,16:44:02,67.5,3971.68,43,33.0
2025-12-29,16:44:12,68.0,3822.20,43,33.0
2025-12-29,16:44:22,67.8,3676.13,43,33.0
2025-12-29,16:44:32,67.6,3856.13,43,33.0
2025-12-29,16:44:42,67.9,3497.27,43,33.0
2025-12-29,16:44:53,68.8,4400.29,43,33.0
2025-12-29,16:45:03,66.9,3936.36,43,33.0
2025-12-29,16:45:13,67.0,4177.63,43,33.0
2025-12-29,16:45:23,67.5,3558.66,43,33.0
2025-12-29,16:45:33,68.1,3693.24,43,33.0
2025-12-29,16:45:43,69.5,3859.75,43,33.0
2025-12-29,16:45:53,67.6,3521.59,43,33.0
2025-12-29,16:46:04,67.1,4108.12,43,33.0
2025-12-29,16:46:14,61.8,3923.19,43,33.0
2025-12-29,16:46:24,64.2,4600.93,43,33.0
2025-12-29,16:46:34,68.0,3415.45,43,33.0
2025-12-29,16:46:44,67.0,3651.07,43,33.0
2025-12-29,16:46:54,66.8,3642.06,43,33.0
2025-12-29,16:47:05,66.4,3765.69,43,33.0
2025-12-29,16:47:15,66.2,4157.59,43,33.0
2025-12-29,16:47:25,67.4,3959.92,43,33.0
2025-12-29,16:47:35,66.4,3927.73,43,33.0
2025-12-29,16:47:45,65.8,3590.23,43,33.0
2025-12-29,16:47:55,66.1,3556.43,43,33.0
2025-12-29,16:48:05,65.8,4366.03,43,33.0
2025-12-29,16:48:16,66.2,3516.43,43,33.0
2025-12-29,16:48:26,67.0,4146.18,43,33.0
2025-12-29,16:48:36,66.6,4337.44,43,33.0
2025-12-29,16:48:46,66.6,3703.79,43,33.0
2025-12-29,16:48:56,66.2,3934.47,43,33.0
2025-12-29,16:49:06,66.2,4132.55,43,33.0
2025-12-29,16:49:17,66.1,3476.79,43,33.0
2025-12-29,16:49:27,66.1,3665.42,43,33.0
2025-12-29,16:49:37,66.9,3545.41,43,33.0
2025-12-29,16:49:47,66.5,3544.12,43,33.0
2025-12-29,16:49:57,66.4,3639.64,43,33.0
2025-12-29,16:50:07,65.0,3517.32,43,33.0
2025-12-29,16:50:18,60.0,4080.69,43,33.0
2025-12-29,16:50:28,70.9,3762.20,43,33.0
2025-12-29,16:50:38,66.0,3502.09,43,33.0
2025-12-29,16:50:48,65.4,3682.34,43,33.0
2025-12-29,16:50:58,65.5,3648.89,43,33.0
2025-12-29,16:51:08,66.1,3514.68,43,33.0
2025-12-29,16:51:18,65.9,3958.06,43,33.0
2025-12-29,16:51:29,66.0,3745.12,43,33.0
2025-12-29,16:51:39,65.9,3961.96,43,33.0
2025-12-29,16:51:49,66.4,3346.64,43,33.0
2025-12-29,16:51:59,66.2,3444.82,43,33.0
2025-12-29,16:52:09,66.1,3639.25,43,33.0
2025-12-29,16:52:19,67.0,3867.62,43,33.0
2025-12-29,16:52:30,66.4,3657.18,43,33.0
2025-12-29,16:52:40,66.1,3696.21,43,33.0
2025-12-29,16:52:50,66.0,4363.13,43,33.0
2025-12-29,16:53:00,66.2,3521.89,43,33.0
2025-12-29,16:53:10,65.9,3646.20,43,33.0
2025-12-29,16:53:20,66.5,3451.27,43,33.0
2025-12-29,16:53:30,66.0,4453.22,43,34.0
2025-12-29,16:53:41,66.1,3341.85,43,33.0
2025-12-29,16:53:51,66.6,4347.99,43,33.0
2025-12-29,16:54:01,66.2,4042.43,43,33.0
2025-12-29,16:54:11,65.1,3558.87,43,33.0
2025-12-29,16:54:21,62.5,3648.03,43,34.0
2025-12-29,16:54:31,71.8,4103.17,43,33.0
2025-12-29,16:54:42,68.1,4631.20,43,33.0
2025-12-29,16:54:52,67.9,3921.15,43,33.0
2025-12-29,16:55:02,68.1,3453.90,43,33.0
2025-12-29,16:55:12,67.8,3581.07,43,33.0
2025-12-29,16:55:22,67.0,4240.76,43,33.0
2025-12-29,16:55:32,67.2,3388.82,43,33.0
2025-12-29,16:55:43,68.1,3496.13,43,33.0
2025-12-29,16:55:53,67.5,4316.49,43,33.0
2025-12-29,16:56:03,67.1,3820.58,43,33.0
2025-12-29,16:56:13,67.5,3919.24,43,33.0
2025-12-29,16:56:23,67.8,4293.04,43,33.0
2025-12-29,16:56:33,67.1,3918.73,43,33.0
2025-12-29,16:56:43,66.9,3788.09,43,33.0
2025-12-29,16:56:54,67.8,3797.30,43,33.0
2025-12-29,16:57:04,68.0,3590.86,43,33.0
2025-12-29,16:57:14,68.0,3761.28,43,33.0
2025-12-29,16:57:24,67.9,3705.92,43,33.0
2025-12-29,16:57:34,68.1,3577.78,43,33.0
2025-12-29,16:57:44,67.0,4221.25,43,33.0
2025-12-29,16:57:54,67.4,3863.28,43,33.0
2025-12-29,16:58:05,67.5,3754.92,43,33.0
2025-12-29,16:58:15,64.1,3689.41,43,33.0
2025-12-29,16:58:25,59.4,3743.81,43,33.0
2025-12-29,16:58:35,69.9,3765.45,43,33.0
2025-12-29,16:58:45,67.1,3382.36,43,33.0
2025-12-29,16:58:55,66.6,4031.95,43,33.0
2025-12-29,16:59:06,67.2,3833.58,43,33.0
2025-12-29,16:59:16,66.0,4102.28,43,33.0
2025-12-29,16:59:26,65.6,4164.45,43,33.0
2025-12-29,16:59:36,66.1,4277.32,43,33.0
2025-12-29,16:59:46,65.9,4182.35,43,33.0
2025-12-29,16:59:56,66.2,3925.48,43,33.0
2025-12-29,17:00:07,66.2,3659.06,43,33.0
2025-12-29,17:00:17,66.8,4219.69,43,33.0
2025-12-29,17:00:27,65.9,4129.72,43,33.0
2025-12-29,17:00:37,66.4,3630.41,43,33.0
2025-12-29,17:00:47,66.6,3863.35,43,33.0
2025-12-29,17:00:57,66.0,3693.14,43,33.0
2025-12-29,17:01:07,66.4,3899.56,43,33.0
2025-12-29,17:01:18,67.5,3839.27,43,33.0
2025-12-29,17:01:28,66.6,3892.95,43,33.0
2025-12-29,17:01:38,66.2,3856.45,43,33.0
2025-12-29,17:01:48,66.4,4219.05,43,33.0
2025-12-29,17:01:58,65.8,3602.94,43,33.0
2025-12-29,17:02:08,66.5,3690.06,43,33.0
2025-12-29,17:02:19,65.4,3415.90,43,33.0
2025-12-29,17:02:29,62.6,3534.99,43,33.0
2025-12-29,17:02:39,61.5,3768.64,43,33.0
2025-12-29,17:02:49,65.8,3654.74,43,33.0
2025-12-29,17:02:59,65.4,3788.71,43,33.0
2025-12-29,17:03:09,65.5,3630.81,43,33.0
2025-12-29,17:03:19,65.2,3852.30,43,33.0
2025-12-29,17:03:30,66.0,3589.73,43,33.0
2025-12-29,17:03:40,66.1,3954.32,43,33.0
2025-12-29,17:03:50,65.8,3396.68,43,33.0
2025-12-29,17:04:00,65.9,3401.08,43,33.0
2025-12-29,17:04:10,65.9,3567.71,43,33.0
2025-12-29,17:04:20,65.9,3736.01,43,33.0
2025-12-29,17:04:31,65.9,3480.79,43,34.0
2025-12-29,17:04:41,65.8,3408.61,43,33.0
2025-12-29,17:04:51,66.9,4089.67,43,33.0
2025-12-29,17:05:01,66.8,3771.43,43,34.0
2025-12-29,17:05:11,65.2,3649.50,43,33.0
2025-12-29,17:05:21,66.2,3577.24,43,34.0
2025-12-29,17:05:31,65.9,3788.80,43,34.0
2025-12-29,17:05:42,66.4,4110.58,43,33.0
2025-12-29,17:05:52,66.1,4518.33,43,33.0
2025-12-29,17:06:02,65.9,3629.48,43,33.0
2025-12-29,17:06:12,66.0,3469.33,43,33.0
2025-12-29,17:06:22,64.0,4116.85,43,33.0
2025-12-29,17:06:32,60.4,3556.36,43,34.0
2025-12-29,17:06:42,71.5,3541.03,43,34.0
2025-12-29,17:06:53,68.9,3876.55,43,34.0
2025-12-29,17:07:03,67.1,4149.34,43,34.0
2025-12-29,17:07:13,67.5,3538.67,43,34.0
2025-12-29,17:07:23,67.8,3446.93,43,33.0
2025-12-29,17:07:33,67.8,3606.49,43,33.0
2025-12-29,17:07:43,68.2,3738.89,43,33.0
2025-12-29,17:07:54,67.6,3489.09,43,33.0
2025-12-29,17:08:04,67.6,3944.68,43,33.0
2025-12-29,17:08:14,68.4,3496.36,43,33.0
2025-12-29,17:08:24,67.8,3879.15,43,33.0
2025-12-29,17:08:34,67.6,3992.33,43,33.0
2025-12-29,17:08:44,67.1,3870.09,43,33.0
2025-12-29,17:08:54,67.9,3783.88,43,33.0
2025-12-29,17:09:05,68.1,3885.74,43,33.0
2025-12-29,17:09:15,68.0,3624.38,43,33.0
2025-12-29,17:09:25,67.5,3612.63,43,33.0
2025-12-29,17:09:35,67.4,3659.74,43,33.0
2025-12-29,17:09:45,68.0,3333.99,43,33.0
2025-12-29,17:09:55,68.0,3628.59,43,33.0
2025-12-29,17:10:06,68.0,3755.08,43,33.0
2025-12-29,17:10:16,67.6,4561.22,43,33.0
2025-12-29,17:10:26,63.9,3921.89,43,33.0
2025-12-29,17:10:36,59.0,3609.23,43,33.0
2025-12-29,17:10:46,71.0,3446.23,43,33.0
2025-12-29,17:10:56,66.2,3870.72,43,33.0
2025-12-29,17:11:07,66.1,3595.49,43,33.0
2025-12-29,17:11:17,66.0,3773.51,43,33.0
2025-12-29,17:11:27,66.0,3720.86,43,33.0
2025-12-29,17:11:37,65.9,3699.93,43,33.0
2025-12-29,17:11:47,66.8,3756.63,43,33.0
2025-12-29,17:11:57,66.2,3836.01,43,33.0
2025-12-29,17:12:07,65.5,3765.87,43,33.0
2025-12-29,17:12:18,65.9,4013.62,43,33.0
2025-12-29,17:12:28,66.4,4046.64,43,33.0
2025-12-29,17:12:38,66.5,3509.12,43,33.0
2025-12-29,17:12:48,66.0,3675.67,43,33.0
2025-12-29,17:12:58,66.5,3684.17,43,33.0
2025-12-29,17:13:08,66.8,3952.75,43,33.0
2025-12-29,17:13:18,66.8,3670.68,43,33.0
2025-12-29,17:13:29,66.8,3730.46,43,33.0
2025-12-29,17:13:39,66.4,3284.09,43,33.0
2025-12-29,17:13:49,66.8,3915.33,43,33.0
2025-12-29,17:13:59,66.1,3548.80,43,33.0
2025-12-29,17:14:09,65.9,4288.64,43,33.0
2025-12-29,17:14:19,67.6,3291.53,43,33.0
2025-12-29,17:14:29,62.5,3903.74,43,33.0
2025-12-29,17:14:40,60.6,3402.78,43,33.0
2025-12-29,17:14:50,67.4,3870.61,43,33.0
2025-12-29,17:15:00,66.1,3792.99,43,33.0
2025-12-29,17:15:10,66.1,3406.25,43,33.0
2025-12-29,17:15:20,66.2,3828.71,43,33.0
2025-12-29,17:15:30,66.4,3967.66,43,33.0
2025-12-29,17:15:41,66.0,3530.97,43,34.0
2025-12-29,17:15:51,65.5,3400.51,43,33.0
2025-12-29,17:16:01,66.4,3187.85,43,33.0
2025-12-29,17:16:11,67.1,4522.09,43,33.0
2025-12-29,17:16:21,66.2,3909.74,43,33.0
2025-12-29,17:16:31,66.2,3655.93,43,33.0
2025-12-29,17:16:42,66.2,3719.48,43,33.0
2025-12-29,17:16:52,66.1,3656.60,43,33.0
2025-12-29,17:17:02,66.2,3971.25,43,33.0
2025-12-29,17:17:12,66.5,4608.47,43,33.0
2025-12-29,17:17:22,65.8,3796.76,43,33.0
2025-12-29,17:17:32,66.2,3859.68,43,33.0
2025-12-29,17:17:42,65.9,3986.42,43,33.0
2025-12-29,17:17:53,65.9,3753.49,43,33.0
2025-12-29,17:18:03,66.0,3767.98,43,33.0
2025-12-29,17:18:13,66.2,3699.73,43,33.0
2025-12-29,17:18:23,64.0,3744.97,43,33.0
2025-12-29,17:18:33,62.5,3920.98,43,33.0
2025-12-29,17:18:43,62.6,3661.09,43,33.0
2025-12-29,17:18:54,67.5,3917.34,43,33.0
2025-12-29,17:19:04,67.5,4492.13,43,33.0
2025-12-29,17:19:14,67.0,4108.68,43,33.0
2025-12-29,17:19:24,67.1,3490.34,43,33.0
2025-12-29,17:19:34,67.4,3945.93,43,33.0
2025-12-29,17:19:44,68.1,4991.06,43,33.0
2025-12-29,17:19:55,68.4,3553.12,43,33.0
2025-12-29,17:20:05,67.5,4219.95,43,33.0
2025-12-29,17:20:15,67.6,3695.38,43,33.0
2025-12-29,17:20:25,67.8,3964.55,43,33.0
2025-12-29,17:20:35,68.2,4087.06,43,33.0
2025-12-29,17:20:45,68.2,3742.86,43,33.0
2025-12-29,17:20:55,67.5,3814.61,43,33.0
2025-12-29,17:21:06,67.1,3743.93,43,33.0
2025-12-29,17:21:16,67.6,3777.51,43,33.0
2025-12-29,17:21:26,68.5,3418.92,43,33.0
2025-12-29,17:21:36,68.1,4066.22,43,33.0
2025-12-29,17:21:46,67.4,3834.79,43,33.0
2025-12-29,17:21:56,67.5,3420.74,43,33.0
2025-12-29,17:22:07,68.1,3696.53,43,33.0
2025-12-29,17:22:17,68.1,3442.04,43,33.0
2025-12-29,17:22:27,68.2,4331.58,43,33.0
2025-12-29,17:22:37,63.2,4244.23,43,33.0
2025-12-29,17:22:47,60.8,3871.45,43,33.0
2025-12-29,17:22:57,68.8,3647.14,43,33.0
2025-12-29,17:23:07,66.1,3599.49,43,33.0
2025-12-29,17:23:18,66.2,3501.58,43,33.0
2025-12-29,17:23:28,66.0,4287.16,43,33.0
2025-12-29,17:23:38,66.2,3636.36,43,33.0
2025-12-29,17:23:48,66.2,3513.87,43,33.0
2025-12-29,17:23:58,66.1,3414.14,43,33.0
2025-12-29,17:24:08,66.1,3775.12,43,33.0
2025-12-29,17:24:19,67.1,3499.11,43,33.0
2025-12-29,17:24:29,66.4,3527.39,43,33.0
2025-12-29,17:24:39,66.5,3928.31,43,33.0
2025-12-29,17:24:49,65.8,3664.01,43,33.0
2025-12-29,17:24:59,66.6,3540.64,43,33.0
2025-12-29,17:25:09,66.5,3671.32,43,33.0
2025-12-29,17:25:19,66.4,3394.66,43,33.0
2025-12-29,17:25:30,66.2,3690.98,43,33.0
2025-12-29,17:25:40,66.8,3877.37,43,33.0
2025-12-29,17:25:50,66.6,3731.87,43,33.0
2025-12-29,17:26:00,66.6,3332.19,43,33.0
2025-12-29,17:26:10,66.0,3843.29,43,33.0
2025-12-29,17:26:20,66.4,3748.45,43,33.0
2025-12-29,17:26:31,64.2,3697.58,43,33.0
2025-12-29,17:26:41,62.4,3502.64,43,33.0
2025-12-29,17:26:51,71.5,3645.04,43,33.0
2025-12-29,17:27:01,66.4,3688.98,43,33.0
2025-12-29,17:27:11,66.6,3457.57,43,33.0
2025-12-29,17:27:21,66.4,3753.40,43,33.0
2025-12-29,17:27:31,65.9,3437.07,43,33.0
2025-12-29,17:27:42,66.0,4263.66,43,33.0
2025-12-29,17:27:52,65.9,3619.83,43,33.0
2025-12-29,17:28:02,66.0,3456.77,43,33.0
2025-12-29,17:28:12,66.0,3600.17,43,33.0
2025-12-29,17:28:22,66.2,4638.62,43,33.0
2025-12-29,17:28:32,66.2,3901.28,43,33.0
2025-12-29,17:28:43,66.1,3980.51,43,33.0
2025-12-29,17:28:53,66.6,3829.08,43,33.0
2025-12-29,17:29:03,66.5,4448.05,43,33.0
2025-12-29,17:29:13,66.2,3640.44,43,33.0
2025-12-29,17:29:23,66.1,3742.63,43,33.0
2025-12-29,17:29:33,66.4,3629.57,43,33.0
2025-12-29,17:29:43,66.8,4078.46,43,33.0
2025-12-29,17:29:54,65.8,3867.54,43,33.0
2025-12-29,17:30:04,66.2,3977.52,43,33.0
2025-12-29,17:30:14,66.1,3518.95,43,33.0
2025-12-29,17:30:24,64.8,3835.64,43,33.0
2025-12-29,17:30:34,64.6,3650.40,43,33.0
2025-12-29,17:30:44,65.0,4538.94,43,33.0
2025-12-29,17:30:55,67.9,3397.14,43,33.0
2025-12-29,17:31:05,67.0,3825.32,43,33.0
2025-12-29,17:31:15,67.2,3769.11,43,33.0
2025-12-29,17:31:25,67.8,4519.78,43,33.0
2025-12-29,17:31:35,68.1,4609.31,43,33.0
2025-12-29,17:31:45,66.9,4016.60,43,33.0
2025-12-29,17:31:56,68.0,3531.62,43,33.0
2025-12-29,17:32:06,68.4,3727.40,43,33.0
2025-12-29,17:32:16,67.6,3412.76,43,33.0
2025-12-29,17:32:26,67.8,3465.44,43,33.0
2025-12-29,17:32:36,68.1,3361.06,43,33.0
2025-12-29,17:32:46,68.0,3742.77,43,33.0
2025-12-29,17:32:56,67.6,3934.58,43,33.0
2025-12-29,17:33:07,67.9,3521.99,43,33.0
2025-12-29,17:33:17,68.5,3648.11,43,33.0
2025-12-29,17:33:27,66.8,4199.59,43,33.0
2025-12-29,17:33:37,67.5,3991.60,43,33.0
2025-12-29,17:33:47,67.5,3927.61,43,33.0
2025-12-29,17:33:57,68.0,4189.84,43,33.0
2025-12-29,17:34:07,66.6,4096.01,43,33.0
2025-12-29,17:34:18,67.1,4413.09,43,33.0
2025-12-29,17:34:28,67.6,4337.49,43,33.0
2025-12-29,17:34:38,62.5,4064.28,43,33.0
2025-12-29,17:34:48,59.6,3438.18,43,33.0
2025-12-29,17:34:58,70.8,3999.66,43,33.0
2025-12-29,17:35:08,66.4,4151.51,43,33.0
2025-12-29,17:35:19,66.1,3732.43,43,33.0
2025-12-29,17:35:29,66.0,3512.55,43,33.0
2025-12-29,17:35:39,65.6,3787.74,43,33.0
2025-12-29,17:35:49,65.1,4268.03,43,33.0
2025-12-29,17:35:59,66.1,3267.57,43,33.0
2025-12-29,17:36:09,66.1,3563.11,43,33.0
2025-12-29,17:36:19,65.8,3565.71,43,33.0
2025-12-29,17:36:30,66.2,3516.41,43,33.0
2025-12-29,17:36:40,66.2,3672.48,43,33.0
2025-12-29,17:36:50,65.8,4476.87,43,33.0
2025-12-29,17:37:00,66.2,3382.11,43,33.0
2025-12-29,17:37:10,66.1,3989.24,43,33.0
2025-12-29,17:37:20,66.6,3985.07,43,33.0
2025-12-29,17:37:31,66.9,3409.10,43,33.0
2025-12-29,17:37:41,66.2,4022.81,43,33.0
2025-12-29,17:37:51,66.1,3834.86,43,33.0
2025-12-29,17:38:01,65.6,3877.83,43,33.0
2025-12-29,17:38:11,65.8,4028.31,43,33.0
2025-12-29,17:38:21,66.0,3684.62,43,33.0
2025-12-29,17:38:31,65.4,3495.31,43,33.0
2025-12-29,17:38:42,62.0,3990.57,43,33.0
2025-12-29,17:38:52,61.0,3545.20,43,33.0
2025-12-29,17:39:02,66.0,3855.78,43,33.0
2025-12-29,17:39:12,65.6,3951.51,43,33.0
2025-12-29,17:39:22,65.8,3947.29,43,33.0
2025-12-29,17:39:32,65.8,4352.62,43,33.0
2025-12-29,17:39:43,66.2,4371.93,43,33.0
2025-12-29,17:39:53,66.5,4565.47,43,33.0
2025-12-29,17:40:03,65.6,4622.08,43,33.0
2025-12-29,17:40:13,66.1,4420.28,43,33.0
2025-12-29,17:40:23,66.5,3918.18,43,33.0
2025-12-29,17:40:33,66.0,3838.29,43,33.0
2025-12-29,17:40:43,66.0,3704.00,43,33.0
2025-12-29,17:40:54,65.9,3695.41,43,33.0
2025-12-29,17:41:04,66.0,3576.11,43,33.0
2025-12-29,17:41:14,66.1,3951.10,43,33.0
2025-12-29,17:41:24,65.5,3714.62,43,33.0
2025-12-29,17:41:34,67.0,3495.61,43,33.0
2025-12-29,17:41:44,66.4,4169.53,43,33.0
2025-12-29,17:41:54,65.9,4224.34,43,33.0
2025-12-29,17:42:05,66.2,3613.88,43,33.0
2025-12-29,17:42:15,66.4,3822.33,43,33.0
2025-12-29,17:42:25,66.2,3660.34,43,33.0
2025-12-29,17:42:35,62.8,4890.87,43,33.0
2025-12-29,17:42:45,63.0,3673.94,43,33.0
2025-12-29,17:42:55,63.9,3731.12,43,33.0
2025-12-29,17:43:06,69.0,4737.56,43,33.0
2025-12-29,17:43:16,67.1,3879.23,43,33.0
2025-12-29,17:43:26,67.9,3555.91,43,33.0
2025-12-29,17:43:36,68.0,3889.88,43,33.0
2025-12-29,17:43:46,67.4,3917.50,43,33.0
2025-12-29,17:43:56,67.4,3676.01,43,33.0
2025-12-29,17:44:06,67.8,3848.25,43,33.0
2025-12-29,17:44:17,67.8,4204.43,43,33.0
2025-12-29,17:44:27,67.4,3870.21,43,33.0
2025-12-29,17:44:37,66.9,3921.56,43,33.0
2025-12-29,17:44:47,67.0,3801.83,43,33.0
2025-12-29,17:44:57,67.0,3687.42,43,33.0
2025-12-29,17:45:07,67.0,3637.15,43,33.0
2025-12-29,17:45:18,67.2,3860.74,43,33.0
2025-12-29,17:45:28,67.8,3798.84,43,33.0
2025-12-29,17:45:38,67.6,3928.26,43,33.0
2025-12-29,17:45:48,67.0,4298.47,43,33.0
2025-12-29,17:45:58,67.0,3565.21,43,33.0
2025-12-29,17:46:08,67.1,3733.19,43,33.0
2025-12-29,17:46:18,68.0,3634.57,43,33.0
2025-12-29,17:46:29,66.6,3591.70,43,33.0
2025-12-29,17:46:39,67.5,3280.24,43,33.0
2025-12-29,17:46:49,64.4,3552.27,43,33.0
2025-12-29,17:46:59,64.1,3780.81,43,33.0
2025-12-29,17:47:09,64.8,3959.43,43,33.0
2025-12-29,17:47:19,65.5,4557.30,43,33.0
2025-12-29,17:47:30,66.0,3804.95,43,33.0
2025-12-29,17:47:40,66.1,4103.91,43,33.0
2025-12-29,17:47:50,66.0,4103.84,43,33.0
2025-12-29,17:48:00,66.2,3532.96,43,33.0
2025-12-29,17:48:10,66.2,3443.95,43,33.0
2025-12-29,17:48:20,66.5,4111.25,43,33.0
2025-12-29,17:48:30,66.0,3793.82,43,33.0
2025-12-29,17:48:41,65.8,4061.76,43,33.0
2025-12-29,17:48:51,66.4,4076.05,43,33.0
2025-12-29,17:49:01,66.4,3429.65,43,33.0
2025-12-29,17:49:11,66.8,3726.82,43,33.0
2025-12-29,17:49:21,66.2,3563.51,43,33.0
2025-12-29,17:49:31,66.0,3573.91,43,33.0
2025-12-29,17:49:42,65.2,3790.99,43,33.0
2025-12-29,17:49:52,66.5,3752.65,43,33.0
2025-12-29,17:50:02,66.1,3521.35,43,33.0
2025-12-29,17:50:12,65.6,3605.53,43,33.0
2025-12-29,17:50:22,66.2,3685.03,43,33.0
2025-12-29,17:50:32,65.9,3455.60,43,33.0
2025-12-29,17:50:42,64.9,3508.83,43,33.0
2025-12-29,17:50:53,60.4,4667.25,43,33.0
2025-12-29,17:51:03,60.9,3880.32,43,33.0
2025-12-29,17:51:13,66.6,3753.49,43,33.0
2025-12-29,17:51:23,66.1,3606.26,43,33.0
2025-12-29,17:51:33,65.2,4028.99,43,33.0
2025-12-29,17:51:43,65.4,3384.20,43,33.0
2025-12-29,17:51:54,65.6,3645.60,43,33.0
2025-12-29,17:52:04,65.8,3797.16,43,33.0
2025-12-29,17:52:14,65.4,3691.69,43,33.0
2025-12-29,17:52:24,65.6,4303.95,43,33.0
2025-12-29,17:52:34,65.8,3430.06,43,33.0
2025-12-29,17:52:44,65.8,3854.08,43,33.0
2025-12-29,17:52:55,65.9,3927.41,43,34.0
2025-12-29,17:53:05,66.6,3642.80,43,33.0
2025-12-29,17:53:15,65.6,3678.46,43,33.0
2025-12-29,17:53:25,65.6,3404.85,43,33.0
2025-12-29,17:53:35,65.4,3955.60,43,33.0
2025-12-29,17:53:45,65.6,3410.21,43,33.0
2025-12-29,17:53:55,65.9,3605.00,43,33.0
2025-12-29,17:54:06,65.9,3412.26,43,33.0
2025-12-29,17:54:16,66.4,3362.18,43,33.0
2025-12-29,17:54:26,65.6,3497.65,43,33.0
2025-12-29,17:54:36,66.6,3875.62,43,33.0
2025-12-29,17:54:46,63.8,3571.19,43,34.0
2025-12-29,17:54:56,63.5,3531.12,43,33.0
2025-12-29,17:55:06,70.1,3521.65,43,33.0
2025-12-29,17:55:17,68.1,3795.26,43,33.0
2025-12-29,17:55:27,66.9,3529.26,43,33.0
2025-12-29,17:55:37,66.9,3600.42,43,33.0
2025-12-29,17:55:47,67.4,3535.79,43,33.0
2025-12-29,17:55:57,67.6,3407.06,43,33.0
2025-12-29,17:56:07,67.2,3859.74,43,33.0
2025-12-29,17:56:18,67.2,4091.86,43,33.0
2025-12-29,17:56:28,67.1,3690.29,43,33.0
2025-12-29,17:56:38,67.9,4048.53,43,33.0
2025-12-29,17:56:48,67.0,3645.02,43,33.0
2025-12-29,17:56:58,67.2,3648.80,43,33.0
2025-12-29,17:57:08,67.6,3462.18,43,33.0
2025-12-29,17:57:18,67.5,3845.30,43,33.0
2025-12-29,17:57:29,67.0,3660.87,43,33.0
2025-12-29,17:57:39,67.4,3901.87,43,33.0
2025-12-29,17:57:49,68.1,3590.34,43,33.0
2025-12-29,17:57:59,67.0,3745.05,43,33.0
2025-12-29,17:58:09,67.1,4197.11,43,33.0
2025-12-29,17:58:19,66.9,4609.48,43,33.0
2025-12-29,17:58:30,67.8,3838.33,43,33.0
2025-12-29,17:58:40,66.4,3635.86,43,33.0
2025-12-29,17:58:50,66.6,3591.00,43,33.0
2025-12-29,17:59:00,63.1,3634.91,43,33.0
2025-12-29,17:59:10,61.4,3918.43,43,33.0
2025-12-29,17:59:20,62.4,3866.07,43,33.0
2025-12-29,17:59:30,66.0,3713.50,43,33.0
2025-12-29,17:59:41,66.1,3673.11,43,33.0
2025-12-29,17:59:51,66.0,3664.62,43,33.0
2025-12-29,18:00:01,66.4,3824.13,43,33.0
2025-12-29,18:00:11,66.4,3712.80,43,33.0
2025-12-29,18:00:21,66.1,3630.90,43,33.0
2025-12-29,18:00:31,66.4,3774.25,43,33.0
2025-12-29,18:00:41,66.0,3583.04,43,33.0
2025-12-29,18:00:52,66.5,3657.25,43,34.0
2025-12-29,18:01:02,66.2,3473.25,43,33.0
2025-12-29,18:01:12,66.4,3444.42,43,33.0
2025-12-29,18:01:22,66.4,4234.85,43,33.0
2025-12-29,18:01:32,66.5,3775.69,43,33.0
2025-12-29,18:01:42,65.9,3685.05,43,33.0
2025-12-29,18:01:53,66.0,3912.43,43,33.0
2025-12-29,18:02:03,66.5,3723.01,43,33.0
2025-12-29,18:02:13,67.0,3839.62,43,33.0
2025-12-29,18:02:23,66.4,3700.29,43,33.0
2025-12-29,18:02:33,66.2,4433.72,43,33.0
2025-12-29,18:02:43,66.2,4044.17,43,33.0
2025-12-29,18:02:53,63.2,3799.82,43,33.0
2025-12-29,18:03:04,61.2,3747.62,43,33.0
2025-12-29,18:03:14,71.1,4561.16,43,33.0
2025-12-29,18:03:24,64.8,3433.67,43,33.0
2025-12-29,18:03:34,65.4,3615.33,43,33.0
2025-12-29,18:03:44,65.2,3733.82,43,34.0
2025-12-29,18:03:54,65.6,4015.44,43,33.0
2025-12-29,18:04:05,65.6,3480.55,43,33.0
2025-12-29,18:04:15,66.1,3868.94,43,33.0
2025-12-29,18:04:25,66.1,3662.51,43,33.0
2025-12-29,18:04:35,66.2,3872.77,43,33.0
2025-12-29,18:04:45,65.5,3557.70,43,33.0
2025-12-29,18:04:55,65.6,3820.29,43,33.0
2025-12-29,18:05:05,66.2,3791.71,43,33.0
2025-12-29,18:05:16,66.0,4032.93,43,34.0
2025-12-29,18:05:26,66.0,4129.66,43,33.0
2025-12-29,18:05:36,65.6,3590.69,43,33.0
2025-12-29,18:05:46,65.6,3616.19,43,33.0
2025-12-29,18:05:56,65.4,3728.27,43,33.0
2025-12-29,18:06:06,66.5,3623.67,43,33.0
2025-12-29,18:06:17,66.2,3965.19,43,33.0
2025-12-29,18:06:27,66.4,3911.78,43,33.0
2025-12-29,18:06:37,65.5,3978.00,43,33.0
2025-12-29,18:06:47,65.5,3701.21,43,33.0
2025-12-29,18:06:57,63.8,4042.78,43,33.0
2025-12-29,18:07:07,62.5,3824.03,43,33.0
2025-12-29,18:07:17,68.5,3615.27,43,33.0
2025-12-29,18:07:28,67.4,3819.35,43,33.0
2025-12-29,18:07:38,66.9,3819.42,43,33.0
2025-12-29,18:07:48,67.9,3740.69,43,33.0
2025-12-29,18:07:58,67.4,3562.79,43,33.0
2025-12-29,18:08:08,68.1,3899.24,43,33.0
2025-12-29,18:08:18,67.0,3668.54,43,33.0
2025-12-29,18:08:29,67.4,3672.59,43,33.0
2025-12-29,18:08:39,67.5,3516.73,43,33.0
2025-12-29,18:08:49,67.9,3575.68,43,33.0
2025-12-29,18:08:59,67.6,4435.25,43,33.0
2025-12-29,18:09:09,66.8,3514.19,43,33.0
2025-12-29,18:09:19,67.4,4019.23,43,33.0
2025-12-29,18:09:29,68.0,3824.04,43,33.0
2025-12-29,18:09:40,66.6,4479.23,43,33.0
2025-12-29,18:09:50,67.2,3700.05,43,33.0
2025-12-29,18:10:00,67.8,4142.68,43,33.0
2025-12-29,18:10:10,68.1,3732.85,43,33.0
2025-12-29,18:10:20,67.2,3800.60,43,33.0
2025-12-29,18:10:30,66.5,3892.43,43,33.0
2025-12-29,18:10:40,67.0,3917.22,43,33.0
2025-12-29,18:10:51,67.1,3688.31,43,33.0
2025-12-29,18:11:01,64.2,3872.09,43,33.0
2025-12-29,18:11:11,62.5,3778.71,43,33.0
2025-12-29,18:11:21,69.6,3598.55,43,33.0
2025-12-29,18:11:31,68.1,3839.83,43,33.0
2025-12-29,18:11:41,66.5,3897.27,43,33.0
2025-12-29,18:11:52,66.1,3624.65,43,33.0
2025-12-29,18:12:02,65.6,3982.46,43,33.0
2025-12-29,18:12:12,66.0,4109.34,43,33.0
2025-12-29,18:12:22,66.4,3784.05,43,33.0
2025-12-29,18:12:32,66.4,3985.00,43,33.0
2025-12-29,18:12:42,66.6,3815.72,43,33.0
2025-12-29,18:12:52,66.2,3463.05,43,33.0
2025-12-29,18:13:03,66.8,3894.67,43,33.0
2025-12-29,18:13:13,66.1,4300.23,43,33.0
2025-12-29,18:13:23,67.1,3585.71,43,33.0
2025-12-29,18:13:33,66.9,3363.68,43,33.0
2025-12-29,18:13:43,66.5,3552.69,43,33.0
2025-12-29,18:13:53,66.0,4186.81,43,33.0
2025-12-29,18:14:04,67.2,3799.12,43,33.0
2025-12-29,18:14:14,66.6,3909.66,43,33.0
2025-12-29,18:14:24,66.0,3972.33,43,33.0
2025-12-29,18:14:34,66.2,3977.12,43,33.0
2025-12-29,18:14:44,66.1,4160.27,43,33.0
2025-12-29,18:14:54,65.1,3730.81,43,33.0
2025-12-29,18:15:05,61.1,4240.90,43,33.0
2025-12-29,18:15:15,64.6,3486.43,43,33.0
2025-12-29,18:15:25,65.1,3483.02,43,33.0
2025-12-29,18:15:35,66.2,4193.75,43,33.0
2025-12-29,18:15:45,65.5,3741.55,43,33.0
2025-12-29,18:15:55,65.8,3496.22,43,33.0
2025-12-29,18:16:05,66.1,3787.54,43,33.0
2025-12-29,18:16:16,65.6,3711.08,43,33.0
2025-12-29,18:16:26,66.1,3556.49,43,34.0
2025-12-29,18:16:36,67.0,3804.98,43,33.0
2025-12-29,18:16:46,66.6,3953.59,43,33.0
2025-12-29,18:16:56,65.9,3744.41,43,33.0
2025-12-29,18:17:06,66.4,3561.11,43,33.0
2025-12-29,18:17:17,65.5,3633.27,43,33.0
2025-12-29,18:17:27,66.2,3695.50,43,33.0
2025-12-29,18:17:37,66.0,3963.79,43,33.0
2025-12-29,18:17:47,66.0,3633.36,43,33.0
2025-12-29,18:17:57,65.2,3625.88,43,33.0
2025-12-29,18:18:07,65.9,4050.10,43,33.0
2025-12-29,18:18:17,66.1,3721.36,43,33.0
2025-12-29,18:18:28,65.8,3693.51,43,33.0
2025-12-29,18:18:38,65.6,4442.21,43,33.0
2025-12-29,18:18:48,66.0,3614.76,43,33.0
2025-12-29,18:18:58,63.6,3948.63,43,33.0
2025-12-29,18:19:08,64.0,3954.35,43,33.0
2025-12-29,18:19:18,67.4,3580.49,43,33.0
2025-12-29,18:19:29,66.9,3930.61,43,33.0
2025-12-29,18:19:39,66.9,3749.25,43,33.0
2025-12-29,18:19:49,67.4,3706.01,43,33.0
2025-12-29,18:19:59,67.6,3500.51,43,33.0
2025-12-29,18:20:09,67.1,3432.36,43,33.0
2025-12-29,18:20:19,67.6,3804.19,43,33.0
2025-12-29,18:20:30,68.2,3890.16,43,33.0
2025-12-29,18:20:40,68.1,4576.65,43,33.0
2025-12-29,18:20:50,67.2,4306.97,43,33.0
2025-12-29,18:21:00,67.5,3661.83,43,33.0
2025-12-29,18:21:10,68.0,4182.24,43,33.0
2025-12-29,18:21:20,68.0,3697.99,43,33.0
2025-12-29,18:21:30,67.8,4041.51,43,33.0
2025-12-29,18:21:41,68.0,3922.55,43,33.0
2025-12-29,18:21:51,68.0,3527.99,43,33.0
2025-12-29,18:22:01,66.9,4604.53,43,33.0
2025-12-29,18:22:11,67.2,4236.21,43,33.0
2025-12-29,18:22:21,67.8,3830.84,43,33.0
2025-12-29,18:22:31,67.2,3418.78,43,33.0
2025-12-29,18:22:41,67.5,3817.66,43,33.0
2025-12-29,18:22:52,68.0,3577.80,43,33.0
2025-12-29,18:23:02,64.1,4293.55,43,33.0
2025-12-29,18:23:12,63.5,3935.87,43,33.0
2025-12-29,18:23:22,71.6,3893.28,43,33.0
2025-12-29,18:23:32,66.9,4029.73,43,33.0
2025-12-29,18:23:42,66.4,4740.39,43,33.0
2025-12-29,18:23:53,66.9,4119.63,43,33.0
2025-12-29,18:24:03,66.4,4103.58,43,33.0
2025-12-29,18:24:13,66.5,4143.44,43,33.0
2025-12-29,18:24:23,66.5,3782.63,43,33.0
2025-12-29,18:24:33,66.6,4189.71,43,33.0
2025-12-29,18:24:43,66.0,4143.05,43,33.0
2025-12-29,18:24:53,65.8,4848.25,43,33.0
2025-12-29,18:25:04,66.4,4165.62,43,33.0
2025-12-29,18:25:14,66.1,3862.65,43,33.0
2025-12-29,18:25:24,66.5,3507.23,43,33.0
2025-12-29,18:25:34,66.5,3868.20,43,33.0
2025-12-29,18:25:44,66.1,4535.57,43,33.0
2025-12-29,18:25:54,66.2,4141.43,43,33.0
2025-12-29,18:26:05,67.0,3768.99,43,33.0
2025-12-29,18:26:15,66.1,4049.52,43,33.0
2025-12-29,18:26:25,66.0,4224.50,43,33.0
2025-12-29,18:26:35,66.4,4027.47,43,33.0
2025-12-29,18:26:45,66.2,4209.36,43,33.0
2025-12-29,18:26:55,66.6,3719.99,43,33.0
2025-12-29,18:27:05,63.2,3691.45,43,33.0
2025-12-29,18:27:16,59.6,4278.40,43,33.0
2025-12-29,18:27:26,70.1,3510.91,43,33.0
2025-12-29,18:27:36,66.8,4040.54,43,33.0
2025-12-29,18:27:46,66.2,4378.97,43,33.0
2025-12-29,18:27:56,66.5,3534.02,43,33.0
2025-12-29,18:28:06,65.4,3924.56,43,33.0
2025-12-29,18:28:17,66.5,4092.65,43,33.0
2025-12-29,18:28:27,65.5,4218.76,43,33.0
2025-12-29,18:28:37,66.2,4071.61,43,33.0
2025-12-29,18:28:47,66.4,4298.95,43,33.0
2025-12-29,18:28:57,66.6,4293.08,43,33.0
2025-12-29,18:29:07,66.1,4174.66,43,33.0
2025-12-29,18:29:17,66.4,3805.74,43,33.0
2025-12-29,18:29:28,66.5,3685.91,43,33.0
2025-12-29,18:29:38,66.4,4059.71,43,33.0
2025-12-29,18:29:48,66.0,3813.29,43,33.0
2025-12-29,18:29:58,66.0,3981.73,43,33.0
2025-12-29,18:30:08,66.9,4258.94,43,33.0
2025-12-29,18:30:18,66.5,3867.36,43,33.0
2025-12-29,18:30:28,66.0,3564.51,43,33.0
2025-12-29,18:30:39,66.0,4106.19,43,33.0
2025-12-29,18:30:49,66.4,4066.96,43,33.0
2025-12-29,18:30:59,66.4,4072.27,43,33.0
2025-12-29,18:31:09,64.2,3784.42,43,33.0
2025-12-29,18:31:19,64.2,3702.58,43,33.0
2025-12-29,18:31:29,67.8,3612.03,43,33.0
2025-12-29,18:31:39,68.2,3694.58,43,33.0
2025-12-29,18:31:50,67.9,3620.92,43,33.0
2025-12-29,18:32:00,68.0,4051.19,43,33.0
2025-12-29,18:32:10,67.8,3827.54,43,33.0
2025-12-29,18:32:20,67.8,3803.31,43,33.0
2025-12-29,18:32:30,68.2,3899.16,43,33.0
2025-12-29,18:32:40,67.2,3501.54,43,33.0
2025-12-29,18:32:50,68.0,3725.58,43,33.0
2025-12-29,18:33:01,68.8,4427.62,43,33.0
2025-12-29,18:33:11,67.8,3825.31,43,33.0
2025-12-29,18:33:21,68.1,4148.55,43,33.0
2025-12-29,18:33:31,67.4,4108.54,43,33.0
2025-12-29,18:33:41,67.9,3878.65,43,33.0
2025-12-29,18:33:51,68.4,3962.09,43,33.0
2025-12-29,18:34:02,67.4,4238.53,43,33.0
2025-12-29,18:34:12,68.2,3533.41,43,33.0
2025-12-29,18:34:22,67.8,4242.49,43,33.0
2025-12-29,18:34:32,67.9,4882.41,43,33.0
2025-12-29,18:34:42,68.6,4441.01,43,33.0
2025-12-29,18:34:52,67.1,4302.94,43,33.0
2025-12-29,18:35:02,68.0,4243.63,43,33.0
2025-12-29,18:35:13,65.1,4151.30,43,33.0
2025-12-29,18:35:23,63.6,3780.89,43,33.0
2025-12-29,18:35:33,60.8,4108.27,43,33.0
2025-12-29,18:35:43,67.8,3949.02,43,33.0
2025-12-29,18:35:53,66.9,3674.91,43,33.0
2025-12-29,18:36:03,66.8,3549.09,43,33.0
2025-12-29,18:36:14,66.9,4760.15,43,33.0
2025-12-29,18:36:24,66.6,3819.92,43,33.0
2025-12-29,18:36:34,67.2,4335.12,43,33.0
2025-12-29,18:36:44,66.4,3808.31,43,33.0
2025-12-29,18:36:54,66.6,4109.48,43,33.0
2025-12-29,18:37:04,67.6,3771.98,43,33.0
2025-12-29,18:37:14,66.4,3785.19,43,33.0
2025-12-29,18:37:25,66.5,4103.17,43,33.0
2025-12-29,18:37:35,67.4,3521.51,43,33.0
2025-12-29,18:37:45,67.2,3525.58,43,33.0
2025-12-29,18:37:55,67.2,3658.12,43,33.0
2025-12-29,18:38:05,67.2,3743.61,43,33.0
2025-12-29,18:38:15,66.8,3874.34,43,33.0
2025-12-29,18:38:25,66.8,3738.13,43,33.0
2025-12-29,18:38:36,66.9,3580.36,43,33.0
2025-12-29,18:38:46,67.0,3754.89,43,33.0
2025-12-29,18:38:56,66.8,3861.81,43,33.0
2025-12-29,18:39:06,66.8,3825.04,43,33.0
2025-12-29,18:39:16,64.5,3333.79,43,33.0
2025-12-29,18:39:26,61.0,3828.07,43,33.0
2025-12-29,18:39:37,67.0,4302.49,43,33.0
2025-12-29,18:39:47,66.8,3795.15,43,33.0
2025-12-29,18:39:57,66.8,3793.10,43,33.0
2025-12-29,18:40:07,66.5,3989.82,43,33.0
2025-12-29,18:40:17,66.0,4007.53,43,33.0
2025-12-29,18:40:27,66.2,3626.29,43,33.0
2025-12-29,18:40:37,66.1,3752.67,43,33.0
2025-12-29,18:40:48,65.9,3503.00,43,33.0
2025-12-29,18:40:58,66.1,3681.32,43,33.0
2025-12-29,18:41:08,66.9,3439.48,43,33.0
2025-12-29,18:41:18,66.2,4302.64,43,33.0
2025-12-29,18:41:28,65.6,3915.52,43,33.0
2025-12-29,18:41:38,66.6,3601.49,43,33.0
2025-12-29,18:41:49,66.0,3732.21,43,33.0
2025-12-29,18:41:59,66.1,3958.61,43,33.0
2025-12-29,18:42:09,66.1,4225.67,43,33.0
2025-12-29,18:42:19,66.2,4231.66,43,33.0
2025-12-29,18:42:29,66.4,3793.01,43,33.0
2025-12-29,18:42:39,66.1,3667.90,43,33.0
2025-12-29,18:42:49,66.4,3818.13,43,33.0
2025-12-29,18:43:00,66.5,3755.51,43,33.0
2025-12-29,18:43:10,65.9,4231.04,43,33.0
2025-12-29,18:43:20,63.6,3781.45,43,33.0
2025-12-29,18:43:30,64.4,3725.56,43,33.0
2025-12-29,18:43:40,60.9,3713.14,43,33.0
2025-12-29,18:43:50,66.0,3726.64,43,33.0
2025-12-29,18:44:01,66.4,4106.14,43,33.0
2025-12-29,18:44:11,67.2,3491.28,43,33.0
2025-12-29,18:44:21,68.1,4024.45,43,33.0
2025-12-29,18:44:31,66.8,3671.68,43,33.0
2025-12-29,18:44:41,67.6,3459.10,43,33.0
2025-12-29,18:44:51,67.0,4059.87,43,33.0
2025-12-29,18:45:01,67.9,4197.11,43,33.0
2025-12-29,18:45:12,67.8,4002.29,43,33.0
2025-12-29,18:45:22,66.6,4227.29,43,33.0
2025-12-29,18:45:32,67.4,4132.95,43,33.0
2025-12-29,18:45:42,66.2,4254.18,43,33.0
2025-12-29,18:45:52,67.1,4491.00,43,33.0
2025-12-29,18:46:02,67.6,3656.10,43,33.0
2025-12-29,18:46:12,67.1,3449.71,43,33.0
2025-12-29,18:46:23,67.5,3878.53,43,33.0
2025-12-29,18:46:33,66.4,3387.75,43,33.0
2025-12-29,18:46:43,67.4,3324.91,43,33.0
2025-12-29,18:46:53,66.1,3646.33,43,33.0
2025-12-29,18:47:03,66.9,4482.53,43,33.0
2025-12-29,18:47:13,67.5,3582.22,43,33.0
2025-12-29,18:47:24,66.5,3352.04,43,33.0
2025-12-29,18:47:34,64.8,3678.52,43,33.0
2025-12-29,18:47:44,60.0,4082.91,43,33.0
2025-12-29,18:47:54,65.6,4179.16,43,33.0
2025-12-29,18:48:04,63.4,3480.75,43,33.0
2025-12-29,18:48:14,66.0,3951.67,43,33.0
2025-12-29,18:48:25,64.8,4050.35,43,33.0
2025-12-29,18:48:35,65.5,3809.92,43,33.0
2025-12-29,18:48:45,65.6,4076.46,43,33.0
2025-12-29,18:48:55,65.8,3745.19,43,33.0
2025-12-29,18:49:05,66.1,3766.48,43,33.0
2025-12-29,18:49:15,65.8,4102.15,43,33.0
2025-12-29,18:49:25,65.4,3474.57,43,33.0
2025-12-29,18:49:36,64.9,3985.22,43,33.0
2025-12-29,18:49:46,65.9,3665.01,43,33.0
2025-12-29,18:49:56,65.6,3577.46,43,33.0
2025-12-29,18:50:06,65.2,3719.34,43,33.0
2025-12-29,18:50:16,65.8,4152.98,43,33.0
2025-12-29,18:50:26,65.4,3681.62,43,33.0
2025-12-29,18:50:36,65.1,4123.48,43,33.0
2025-12-29,18:50:47,65.2,3728.88,43,33.0
2025-12-29,18:50:57,66.2,3734.70,43,33.0
2025-12-29,18:51:07,65.2,3939.70,43,33.0
2025-12-29,18:51:17,65.8,3427.26,43,33.0
2025-12-29,18:51:27,65.5,3632.93,43,33.0
2025-12-29,18:51:37,64.6,3565.35,43,34.0
2025-12-29,18:51:48,60.6,4142.30,43,33.0
2025-12-29,18:51:58,63.4,3642.63,43,33.0
2025-12-29,18:52:08,68.2,3833.45,43,33.0
2025-12-29,18:52:18,65.1,3690.28,43,33.0
2025-12-29,18:52:28,65.2,3961.26,43,33.0
2025-12-29,18:52:38,64.9,3977.23,43,33.0
2025-12-29,18:52:49,65.1,3748.35,43,33.0
2025-12-29,18:52:59,65.1,3714.81,43,33.0
2025-12-29,18:53:09,65.9,4637.39,43,33.0
2025-12-29,18:53:19,66.1,3592.78,43,33.0
2025-12-29,18:53:29,65.4,3441.71,43,33.0
2025-12-29,18:53:39,65.1,3605.26,43,33.0
2025-12-29,18:53:49,64.5,3989.03,43,33.0
2025-12-29,18:54:00,65.5,3624.99,43,33.0
2025-12-29,18:54:10,65.4,3908.61,43,34.0
2025-12-29,18:54:20,65.1,3546.32,43,33.0
2025-12-29,18:54:30,65.2,3752.78,43,34.0
2025-12-29,18:54:40,65.5,3707.34,43,33.0
2025-12-29,18:54:50,65.8,3280.57,43,34.0
2025-12-29,18:55:01,65.2,3899.73,43,33.0
2025-12-29,18:55:11,65.2,4403.56,43,33.0
2025-12-29,18:55:21,65.6,3405.17,43,33.0
2025-12-29,18:55:31,65.4,3899.57,43,33.0
2025-12-29,18:55:41,65.9,3877.70,43,33.0
2025-12-29,18:55:51,63.6,3513.02,43,34.0
2025-12-29,18:56:01,63.4,3932.92,43,33.0
2025-12-29,18:56:12,70.2,3717.08,43,33.0
2025-12-29,18:56:22,67.8,4220.33,43,33.0
2025-12-29,18:56:32,68.0,3408.72,43,33.0
2025-12-29,18:56:42,67.0,3537.38,43,33.0
2025-12-29,18:56:52,66.8,3567.24,43,33.0
2025-12-29,18:57:02,67.5,3968.18,43,33.0
2025-12-29,18:57:13,67.6,3322.65,43,33.0
2025-12-29,18:57:23,67.9,3812.21,43,33.0
2025-12-29,18:57:33,67.2,3619.36,43,33.0
2025-12-29,18:57:43,67.0,3633.89,43,33.0
2025-12-29,18:57:53,67.1,3523.88,43,33.0
2025-12-29,18:58:03,68.1,3827.86,43,33.0
2025-12-29,18:58:13,66.1,3957.27,43,33.0
2025-12-29,18:58:24,67.2,3982.42,43,33.0
2025-12-29,18:58:34,67.1,3521.43,43,33.0
2025-12-29,18:58:44,68.0,3845.44,43,33.0
2025-12-29,18:58:54,67.0,4991.07,43,33.0
2025-12-29,18:59:04,67.2,4060.94,43,33.0
2025-12-29,18:59:14,68.1,3495.34,43,33.0
2025-12-29,18:59:25,68.0,3956.85,43,33.0
2025-12-29,18:59:35,66.9,3788.26,43,33.0
2025-12-29,18:59:45,67.1,3779.87,43,33.0
2025-12-29,18:59:55,64.8,3771.73,43,33.0
2025-12-29,19:00:05,63.0,3288.85,43,33.0
2025-12-29,19:00:15,70.2,3930.04,43,33.0
2025-12-29,19:00:25,66.6,3534.62,43,33.0
2025-12-29,19:00:36,66.8,3843.31,43,33.0
2025-12-29,19:00:46,66.0,3803.43,43,33.0
2025-12-29,19:00:56,65.5,3806.79,43,33.0
2025-12-29,19:01:06,65.6,3647.39,43,33.0
2025-12-29,19:01:16,66.0,3681.14,43,33.0
2025-12-29,19:01:26,65.5,3502.31,43,33.0
2025-12-29,19:01:37,66.2,3827.24,43,33.0
2025-12-29,19:01:47,66.1,3521.57,43,33.0
2025-12-29,19:01:57,65.9,3909.84,43,33.0
2025-12-29,19:02:07,66.4,3717.92,43,33.0
2025-12-29,19:02:17,66.0,3626.84,43,33.0
2025-12-29,19:02:27,65.8,3682.84,43,33.0
2025-12-29,19:02:37,66.1,3531.60,43,33.0
2025-12-29,19:02:48,66.4,3682.29,43,33.0
2025-12-29,19:02:58,66.5,3311.74,43,33.0
2025-12-29,19:03:08,66.9,3616.87,43,33.0
2025-12-29,19:03:18,65.9,3807.65,43,33.0
2025-12-29,19:03:28,66.4,3720.47,43,33.0
2025-12-29,19:03:38,66.0,4001.98,43,33.0
2025-12-29,19:03:49,66.4,3391.78,43,33.0
2025-12-29,19:03:59,63.6,3287.76,43,33.0
2025-12-29,19:04:09,65.0,3797.42,43,33.0
2025-12-29,19:04:19,69.2,3335.40,43,33.0
2025-12-29,19:04:29,66.2,3698.07,43,33.0
2025-12-29,19:04:39,65.4,3293.83,43,33.0
2025-12-29,19:04:50,65.9,3769.05,43,33.0
2025-12-29,19:05:00,66.4,3630.78,43,33.0
2025-12-29,19:05:10,66.4,3611.70,43,33.0
2025-12-29,19:05:20,66.0,3887.09,43,33.0
2025-12-29,19:05:30,65.2,4042.18,43,33.0
2025-12-29,19:05:40,66.1,3963.67,43,33.0
2025-12-29,19:05:50,65.9,3852.75,43,33.0
2025-12-29,19:06:01,65.8,4498.04,43,33.0
2025-12-29,19:06:11,66.1,3610.19,43,33.0
2025-12-29,19:06:21,65.6,3692.33,43,33.0
2025-12-29,19:06:31,66.4,3826.51,43,33.0
2025-12-29,19:06:41,65.8,3706.12,43,33.0
2025-12-29,19:06:51,65.5,3716.12,43,33.0
2025-12-29,19:07:02,65.5,3577.86,43,33.0
2025-12-29,19:07:12,66.4,3437.59,43,33.0
2025-12-29,19:07:22,65.9,3433.85,43,33.0
2025-12-29,19:07:32,66.1,3799.39,43,33.0
2025-12-29,19:07:42,65.9,3807.50,43,33.0
2025-12-29,19:07:52,66.4,4865.96,43,33.0
2025-12-29,19:08:02,65.2,4080.90,43,33.0
2025-12-29,19:08:13,60.1,3624.12,43,33.0
2025-12-29,19:08:23,68.5,3540.98,43,33.0
2025-12-29,19:08:33,67.0,3564.66,43,33.0
2025-12-29,19:08:43,67.6,3541.74,43,33.0
2025-12-29,19:08:53,67.8,4028.08,43,33.0
2025-12-29,19:09:03,67.6,3427.87,43,33.0
2025-12-29,19:09:14,67.5,3620.43,43,33.0
2025-12-29,19:09:24,67.6,3632.33,43,33.0
2025-12-29,19:09:34,67.8,3910.88,43,33.0
2025-12-29,19:09:44,67.9,4833.21,43,33.0
2025-12-29,19:09:54,67.4,4036.57,43,33.0
2025-12-29,19:10:04,68.0,3940.75,43,33.0
2025-12-29,19:10:15,67.2,3736.48,43,33.0
2025-12-29,19:10:25,68.0,3907.26,43,33.0
2025-12-29,19:10:35,67.0,3840.32,43,33.0
2025-12-29,19:10:45,67.1,3617.03,43,33.0
2025-12-29,19:10:55,67.4,3531.75,43,33.0
2025-12-29,19:11:05,68.4,4040.46,43,33.0
2025-12-29,19:11:15,67.1,4233.87,43,33.0
2025-12-29,19:11:26,67.4,3647.53,43,33.0
2025-12-29,19:11:36,67.6,3881.99,43,33.0
2025-12-29,19:11:46,67.6,3645.71,43,33.0
2025-12-29,19:11:56,67.1,3938.47,43,33.0
2025-12-29,19:12:06,62.9,3526.42,43,33.0
2025-12-29,19:12:16,63.1,3763.81,43,33.0
2025-12-29,19:12:27,71.2,3338.59,43,33.0
2025-12-29,19:12:37,65.8,3628.22,43,33.0
2025-12-29,19:12:47,66.1,3682.65,43,33.0
2025-12-29,19:12:57,66.5,3599.04,43,33.0
2025-12-29,19:13:07,66.0,4089.98,43,33.0
2025-12-29,19:13:17,66.4,3414.06,43,33.0
2025-12-29,19:13:27,66.6,3697.35,43,33.0
2025-12-29,19:13:38,66.8,3690.67,43,33.0
2025-12-29,19:13:48,66.0,3833.24,43,33.0
2025-12-29,19:13:58,65.6,3849.90,43,33.0
2025-12-29,19:14:08,66.5,3895.36,43,33.0
2025-12-29,19:14:18,65.8,3596.21,43,33.0
2025-12-29,19:14:28,66.1,3422.81,43,33.0
2025-12-29,19:14:39,66.4,4143.33,43,33.0
2025-12-29,19:14:49,66.4,3622.20,43,33.0
2025-12-29,19:14:59,66.0,3955.88,43,33.0
2025-12-29,19:15:09,66.5,3627.15,43,33.0
2025-12-29,19:15:19,66.5,3543.22,43,33.0
2025-12-29,19:15:29,66.0,3841.75,43,33.0
2025-12-29,19:15:40,66.4,3539.61,43,33.0
2025-12-29,19:15:50,66.0,3637.98,43,33.0
2025-12-29,19:16:00,64.2,4343.35,43,33.0
2025-12-29,19:16:10,61.6,3780.82,43,33.0
2025-12-29,19:16:20,71.1,3764.94,43,33.0
2025-12-29,19:16:30,63.8,3497.31,43,33.0
2025-12-29,19:16:40,65.8,3550.50,43,33.0
2025-12-29,19:16:51,65.9,3639.38,43,33.0
2025-12-29,19:17:01,65.6,3640.70,43,33.0
2025-12-29,19:17:11,66.0,3784.90,43,33.0
2025-12-29,19:17:21,66.6,3626.67,43,33.0
2025-12-29,19:17:31,65.6,3743.47,43,33.0
2025-12-29,19:17:41,66.0,3804.61,43,33.0
2025-12-29,19:17:52,66.1,3753.96,43,33.0
2025-12-29,19:18:02,66.4,3661.69,43,33.0
2025-12-29,19:18:12,65.8,3636.07,43,33.0
2025-12-29,19:18:22,65.9,3510.96,43,33.0
2025-12-29,19:18:32,66.4,3579.09,43,33.0
2025-12-29,19:18:42,65.6,3546.34,43,33.0
2025-12-29,19:18:53,65.9,3537.00,43,33.0
2025-12-29,19:19:03,65.4,3661.38,43,33.0
2025-12-29,19:19:13,66.1,3301.26,43,33.0
2025-12-29,19:19:23,66.4,3595.21,43,33.0
2025-12-29,19:19:33,66.2,3826.82,43,33.0
2025-12-29,19:19:43,65.8,3802.18,43,33.0
2025-12-29,19:19:53,66.9,3943.88,43,33.0
2025-12-29,19:20:04,64.1,3768.99,43,33.0
2025-12-29,19:20:14,63.9,3717.63,43,33.0
2025-12-29,19:20:24,70.9,4066.70,43,33.0
2025-12-29,19:20:34,66.8,3654.06,43,33.0
2025-12-29,19:20:44,67.6,3742.44,43,33.0
2025-12-29,19:20:54,67.1,3677.60,43,33.0
2025-12-29,19:21:05,66.9,3443.69,43,33.0
2025-12-29,19:21:15,67.6,3941.79,43,33.0
2025-12-29,19:21:25,67.6,4246.50,43,33.0
2025-12-29,19:21:35,66.8,3728.44,43,33.0
2025-12-29,19:21:45,67.6,3722.05,43,33.0
2025-12-29,19:21:55,68.2,3576.25,43,33.0
2025-12-29,19:22:05,66.9,4193.98,43,33.0
2025-12-29,19:22:16,66.8,3504.35,43,33.0
2025-12-29,19:22:26,68.0,3914.78,43,33.0
2025-12-29,19:22:36,67.9,4012.16,43,33.0
2025-12-29,19:22:46,67.2,3951.81,43,33.0
2025-12-29,19:22:56,67.6,3485.21,43,33.0
2025-12-29,19:23:06,67.6,3618.62,43,33.0
2025-12-29,19:23:17,67.8,3749.55,43,33.0
2025-12-29,19:23:27,66.9,3647.07,43,33.0
2025-12-29,19:23:37,67.2,3873.32,43,33.0
2025-12-29,19:23:47,68.4,4130.81,43,33.0
2025-12-29,19:23:57,66.6,3674.44,43,33.0
2025-12-29,19:24:07,64.8,3529.94,43,33.0
2025-12-29,19:24:17,60.8,3557.26,43,33.0
2025-12-29,19:24:28,57.5,3497.47,43,33.0
2025-12-29,19:24:38,66.1,3741.20,43,33.0
2025-12-29,19:24:48,66.4,3463.37,43,33.0
2025-12-29,19:24:58,65.6,4218.30,43,33.0
2025-12-29,19:25:08,65.9,4523.22,43,33.0
2025-12-29,19:25:18,66.1,4052.88,43,33.0
2025-12-29,19:25:29,65.9,3989.94,43,33.0
2025-12-29,19:25:39,65.9,3853.94,43,33.0
2025-12-29,19:25:49,66.9,3413.90,43,33.0
2025-12-29,19:25:59,66.6,3343.20,43,33.0
2025-12-29,19:26:09,66.9,3990.64,43,34.0
2025-12-29,19:26:19,65.4,3798.67,43,33.0
2025-12-29,19:26:30,65.9,3688.09,43,33.0
2025-12-29,19:26:40,65.1,3737.32,43,33.0
2025-12-29,19:26:50,65.9,3596.33,43,33.0
2025-12-29,19:27:00,65.5,3864.34,43,33.0
2025-12-29,19:27:10,66.2,3738.89,43,33.0
2025-12-29,19:27:20,65.8,3947.14,43,33.0
2025-12-29,19:27:30,66.1,4319.55,43,33.0
2025-12-29,19:27:41,66.0,3507.01,43,34.0
2025-12-29,19:27:51,66.2,3869.62,43,33.0
2025-12-29,19:28:01,66.9,3699.48,43,33.0
2025-12-29,19:28:11,64.6,3485.65,43,33.0
2025-12-29,19:28:21,62.4,3721.78,43,33.0
2025-12-29,19:28:31,71.6,3405.57,43,33.0
2025-12-29,19:28:42,65.8,3389.63,43,33.0
2025-12-29,19:28:52,65.8,3551.68,43,33.0
2025-12-29,19:29:02,66.0,3866.45,43,33.0
2025-12-29,19:29:12,66.2,3691.45,43,33.0
2025-12-29,19:29:22,65.6,3580.46,43,33.0
2025-12-29,19:29:32,65.6,3652.60,43,33.0
2025-12-29,19:29:42,65.6,3561.67,43,33.0
2025-12-29,19:29:53,66.8,3969.98,43,33.0
2025-12-29,19:30:03,66.1,3618.48,43,33.0
2025-12-29,19:30:13,65.2,3783.49,43,33.0
2025-12-29,19:30:23,65.6,3813.04,43,33.0
2025-12-29,19:30:33,65.6,3922.04,43,33.0
2025-12-29,19:30:43,66.0,3520.57,43,33.0
2025-12-29,19:30:54,66.0,3710.02,43,33.0
2025-12-29,19:31:04,65.2,3729.90,43,33.0
2025-12-29,19:31:14,65.9,4571.80,43,33.0
2025-12-29,19:31:24,65.8,3519.40,43,33.0
2025-12-29,19:31:34,66.4,4100.68,43,33.0
2025-12-29,19:31:44,66.1,3994.64,43,33.0
2025-12-29,19:31:55,65.5,3808.41,43,33.0
2025-12-29,19:32:05,65.9,3722.62,43,33.0
2025-12-29,19:32:15,64.0,3538.82,43,33.0
2025-12-29,19:32:25,61.0,3723.27,43,33.0
2025-12-29,19:32:35,71.4,3446.51,43,34.0
2025-12-29,19:32:45,66.5,3641.99,43,33.0
2025-12-29,19:32:56,67.2,3740.68,43,33.0
2025-12-29,19:33:06,67.4,4003.66,43,33.0
2025-12-29,19:33:16,67.9,3666.23,43,33.0
2025-12-29,19:33:26,67.9,3781.48,43,33.0
2025-12-29,19:33:36,66.6,3876.19,43,33.0
2025-12-29,19:33:46,67.0,3533.46,43,33.0
2025-12-29,19:33:56,67.0,4055.84,43,33.0
2025-12-29,19:34:07,68.0,4132.83,43,33.0
2025-12-29,19:34:17,67.0,3940.03,43,33.0
2025-12-29,19:34:27,67.2,4070.22,43,33.0
2025-12-29,19:34:37,67.8,3647.52,43,33.0
2025-12-29,19:34:47,66.5,3296.39,43,33.0
2025-12-29,19:34:57,67.1,3959.16,43,33.0
2025-12-29,19:35:08,67.2,3547.18,43,33.0
2025-12-29,19:35:18,67.6,3359.09,43,33.0
2025-12-29,19:35:28,67.0,3774.24,43,33.0
2025-12-29,19:35:38,66.9,3731.98,43,33.0
2025-12-29,19:35:48,67.2,3255.49,43,33.0
2025-12-29,19:35:58,67.8,3685.43,43,33.0
2025-12-29,19:36:08,66.5,3725.40,43,33.0
2025-12-29,19:36:19,65.0,3522.93,43,33.0
2025-12-29,19:36:29,62.0,3826.95,43,33.0
2025-12-29,19:36:39,58.9,3540.98,43,33.0
2025-12-29,19:36:49,66.2,4017.65,43,33.0
2025-12-29,19:36:59,65.8,3716.44,43,34.0
2025-12-29,19:37:09,65.6,4073.65,43,33.0
2025-12-29,19:37:19,65.8,3735.14,43,33.0
2025-12-29,19:37:30,65.6,3775.48,43,33.0
2025-12-29,19:37:40,66.0,3939.20,43,33.0
2025-12-29,19:37:50,65.9,3786.35,43,33.0
2025-12-29,19:38:00,66.2,3378.66,43,33.0
2025-12-29,19:38:10,66.2,4209.84,43,33.0
2025-12-29,19:38:20,66.2,3634.06,43,33.0
2025-12-29,19:38:31,66.2,3889.43,43,33.0
2025-12-29,19:38:41,65.8,3986.78,43,33.0
2025-12-29,19:38:51,65.6,4030.04,43,33.0
2025-12-29,19:39:01,65.9,3675.75,43,33.0
2025-12-29,19:39:11,65.4,3702.06,43,33.0
2025-12-29,19:39:21,65.9,3481.81,43,33.0
2025-12-29,19:39:31,65.6,3831.14,43,33.0
2025-12-29,19:39:42,66.8,3543.99,43,33.0
2025-12-29,19:39:52,66.9,3552.91,43,33.0
2025-12-29,19:40:02,66.1,3516.79,43,34.0
2025-12-29,19:40:12,66.5,3714.98,43,33.0
2025-12-29,19:40:22,64.6,3882.89,43,33.0
2025-12-29,19:40:32,59.6,3413.11,43,33.0
2025-12-29,19:40:43,70.1,3463.53,43,33.0
2025-12-29,19:40:53,66.5,3804.80,43,33.0
2025-12-29,19:41:03,66.0,3704.05,43,33.0
2025-12-29,19:41:13,66.4,3974.34,43,33.0
2025-12-29,19:41:23,66.2,3701.63,43,33.0
2025-12-29,19:41:33,65.5,3799.33,43,33.0
2025-12-29,19:41:44,65.9,3519.88,43,33.0
2025-12-29,19:41:54,66.0,3937.33,43,33.0
2025-12-29,19:42:04,65.6,3926.74,43,33.0
2025-12-29,19:42:14,66.2,3631.78,43,33.0
2025-12-29,19:42:24,65.6,3616.22,43,33.0
2025-12-29,19:42:34,66.5,4216.77,43,33.0
2025-12-29,19:42:44,65.0,3421.42,43,33.0
2025-12-29,19:42:55,66.0,3486.02,43,33.0
2025-12-29,19:43:05,65.8,3463.74,43,33.0
2025-12-29,19:43:15,66.9,3686.13,43,33.0
2025-12-29,19:43:25,65.5,4100.98,43,33.0
2025-12-29,19:43:35,67.1,3832.50,43,33.0
2025-12-29,19:43:45,65.2,3956.45,43,34.0
2025-12-29,19:43:55,65.2,3532.16,43,33.0
2025-12-29,19:44:06,66.0,3291.22,43,33.0
2025-12-29,19:44:16,67.5,3914.31,43,33.0
2025-12-29,19:44:26,64.4,3497.15,43,33.0
2025-12-29,19:44:36,61.0,4003.79,43,33.0
2025-12-29,19:44:46,68.1,3729.21,43,33.0
2025-12-29,19:44:56,66.6,4152.52,43,33.0
2025-12-29,19:45:07,67.8,3901.51,43,33.0
2025-12-29,19:45:17,67.8,3708.07,43,33.0
2025-12-29,19:45:27,68.0,3800.41,43,33.0
2025-12-29,19:45:37,67.6,3640.59,43,33.0
2025-12-29,19:45:47,68.2,4108.51,43,33.0
2025-12-29,19:45:57,67.6,3708.96,43,33.0
2025-12-29,19:46:07,68.1,3778.09,43,33.0
2025-12-29,19:46:18,67.2,3804.88,43,33.0
2025-12-29,19:46:28,67.1,3949.02,43,33.0
2025-12-29,19:46:38,67.9,3601.49,43,33.0
2025-12-29,19:46:48,68.9,3866.91,43,33.0
2025-12-29,19:46:58,67.5,4264.23,43,33.0
2025-12-29,19:47:08,67.8,3609.44,43,33.0
2025-12-29,19:47:19,67.5,3620.89,43,33.0
2025-12-29,19:47:29,67.6,3831.61,43,33.0
2025-12-29,19:47:39,67.8,3867.60,43,33.0
2025-12-29,19:47:49,67.0,3835.93,43,33.0
2025-12-29,19:47:59,67.4,3671.84,43,33.0
2025-12-29,19:48:09,67.2,3577.93,43,33.0
2025-12-29,19:48:19,67.9,3893.42,43,33.0
2025-12-29,19:48:30,65.2,3843.99,43,33.0
2025-12-29,19:48:40,63.1,3779.35,43,33.0
2025-12-29,19:48:50,63.0,3748.74,43,33.0
2025-12-29,19:49:00,66.4,3636.75,43,33.0
2025-12-29,19:49:10,66.2,3985.19,43,33.0
2025-12-29,19:49:20,66.4,3725.35,43,33.0
2025-12-29,19:49:31,66.6,3724.62,43,33.0
2025-12-29,19:49:41,66.9,3694.62,43,33.0
2025-12-29,19:49:51,66.9,3738.19,43,33.0
2025-12-29,19:50:01,66.1,3773.27,43,33.0
2025-12-29,19:50:11,66.0,3393.32,43,33.0
2025-12-29,19:50:21,66.4,3814.40,43,33.0
2025-12-29,19:50:32,66.2,3792.69,43,33.0
2025-12-29,19:50:42,66.4,3773.05,43,33.0
2025-12-29,19:50:52,67.0,4115.81,43,33.0
2025-12-29,19:51:02,66.4,3518.50,43,33.0
2025-12-29,19:51:12,66.4,4044.88,43,33.0
2025-12-29,19:51:22,66.2,3770.95,43,33.0
2025-12-29,19:51:32,65.9,3931.77,43,33.0
2025-12-29,19:51:43,66.4,3753.24,43,33.0
2025-12-29,19:51:53,65.6,3645.78,43,33.0
2025-12-29,19:52:03,65.9,4007.47,43,33.0
2025-12-29,19:52:13,65.8,4037.94,43,33.0
2025-12-29,19:52:23,64.5,3589.29,43,33.0
2025-12-29,19:52:33,59.4,3792.74,43,34.0
2025-12-29,19:52:43,67.5,4109.12,43,33.0
2025-12-29,19:52:54,66.8,3481.41,43,33.0
2025-12-29,19:53:04,66.4,3467.18,43,33.0
2025-12-29,19:53:14,66.2,3603.89,43,33.0
2025-12-29,19:53:24,66.5,4706.75,43,33.0
2025-12-29,19:53:34,65.4,4201.91,43,33.0
2025-12-29,19:53:44,65.5,3807.15,43,33.0
2025-12-29,19:53:55,65.6,3763.25,43,33.0
2025-12-29,19:54:05,65.5,3431.40,43,33.0
2025-12-29,19:54:15,65.8,3406.60,43,33.0
2025-12-29,19:54:25,66.2,3641.12,43,33.0
2025-12-29,19:54:35,66.0,3601.25,43,33.0
2025-12-29,19:54:45,66.2,3551.75,43,33.0
2025-12-29,19:54:55,65.9,3885.63,43,33.0
2025-12-29,19:55:06,66.5,3864.64,43,33.0
2025-12-29,19:55:16,65.5,3765.69,43,33.0
2025-12-29,19:55:26,66.0,3823.46,43,33.0
2025-12-29,19:55:36,66.4,3607.03,43,33.0
2025-12-29,19:55:46,65.9,3559.37,43,33.0
2025-12-29,19:55:56,65.6,3740.62,43,33.0
2025-12-29,19:56:07,66.9,3660.36,43,33.0
2025-12-29,19:56:17,67.6,3419.49,43,33.0
2025-12-29,19:56:27,63.9,3436.93,43,33.0
2025-12-29,19:56:37,63.0,3302.55,43,33.0
2025-12-29,19:56:47,70.9,3668.12,43,33.0
2025-12-29,19:56:57,68.0,3344.30,43,33.0
2025-12-29,19:57:07,68.0,3470.92,43,33.0
2025-12-29,19:57:18,68.0,3835.20,43,33.0
2025-12-29,19:57:28,67.2,3897.31,43,33.0
2025-12-29,19:57:38,67.5,3652.65,43,33.0
2025-12-29,19:57:48,68.0,3530.48,43,33.0
2025-12-29,19:57:58,67.8,3537.49,43,34.0
2025-12-29,19:58:08,66.9,3764.87,43,33.0
2025-12-29,19:58:19,67.4,3700.70,43,33.0
2025-12-29,19:58:29,68.0,3474.14,43,33.0
2025-12-29,19:58:39,67.5,4132.38,43,33.0
2025-12-29,19:58:49,67.2,3706.95,43,33.0
2025-12-29,19:58:59,66.9,3877.61,43,33.0
2025-12-29,19:59:09,68.2,3597.16,43,33.0
2025-12-29,19:59:19,67.4,3839.11,43,33.0
2025-12-29,19:59:30,67.9,3280.17,43,33.0
2025-12-29,19:59:40,67.8,3740.32,43,33.0
2025-12-29,19:59:50,67.1,3694.35,43,33.0
2025-12-29,20:00:00,67.0,4053.65,43,33.0
2025-12-29,20:00:10,67.4,3826.86,43,33.0
2025-12-29,20:00:20,67.9,3511.39,43,33.0
2025-12-29,20:00:30,64.8,3541.58,43,33.0
2025-12-29,20:00:41,62.5,3347.10,43,33.0
2025-12-29,20:00:51,61.2,3682.98,43,33.0
2025-12-29,20:01:01,66.6,3317.89,43,33.0
2025-12-29,20:01:11,66.1,3312.77,43,33.0
2025-12-29,20:01:21,66.4,4176.80,43,33.0
2025-12-29,20:01:31,66.2,3664.53,43,33.0
2025-12-29,20:01:42,66.2,4064.87,43,33.0
2025-12-29,20:01:52,66.2,3595.54,43,33.0
2025-12-29,20:02:02,66.0,3497.44,43,33.0
2025-12-29,20:02:12,66.4,3566.82,43,33.0
2025-12-29,20:02:22,66.4,3737.54,43,33.0
2025-12-29,20:02:32,66.0,3617.52,43,33.0
2025-12-29,20:02:43,65.5,4564.41,43,33.0
2025-12-29,20:02:53,66.2,3830.16,43,33.0
2025-12-29,20:03:03,66.1,4105.17,43,33.0
2025-12-29,20:03:13,66.4,3843.34,43,33.0
2025-12-29,20:03:23,66.5,3862.74,43,33.0
2025-12-29,20:03:33,66.6,3927.69,43,33.0
2025-12-29,20:03:43,66.9,4276.50,43,33.0
2025-12-29,20:03:54,65.9,4431.07,43,33.0
2025-12-29,20:04:04,66.4,4112.59,43,33.0
2025-12-29,20:04:14,66.4,3698.32,43,33.0
2025-12-29,20:04:24,66.5,3413.13,43,33.0
2025-12-29,20:04:34,65.0,4160.81,43,33.0
2025-12-29,20:04:44,64.8,4201.12,43,33.0
2025-12-29,20:04:55,64.2,4100.51,43,33.0
2025-12-29,20:05:05,66.4,3697.38,43,33.0
2025-12-29,20:05:15,65.9,4016.29,43,33.0
2025-12-29,20:05:25,66.6,3555.18,43,33.0
2025-12-29,20:05:35,65.9,3773.28,43,33.0
2025-12-29,20:05:45,65.5,3742.11,43,33.0
2025-12-29,20:05:55,65.8,4045.37,43,33.0
2025-12-29,20:06:06,65.8,4006.41,43,33.0
2025-12-29,20:06:16,65.8,3501.18,43,33.0
2025-12-29,20:06:26,66.6,4049.80,43,33.0
2025-12-29,20:06:36,66.5,4367.18,43,33.0
2025-12-29,20:06:46,66.0,3924.69,43,33.0
2025-12-29,20:06:56,66.1,3745.52,43,33.0
2025-12-29,20:07:07,66.6,3505.40,43,33.0
2025-12-29,20:07:17,65.6,3372.60,43,33.0
2025-12-29,20:07:27,66.8,3856.53,43,33.0
2025-12-29,20:07:37,66.1,4090.75,43,33.0
2025-12-29,20:07:47,66.2,3287.55,43,33.0
2025-12-29,20:07:57,65.6,3523.67,43,33.0
2025-12-29,20:08:07,66.1,3603.58,43,33.0
2025-12-29,20:08:18,67.1,4438.48,43,33.0
2025-12-29,20:08:28,66.4,3948.59,43,33.0
2025-12-29,20:08:38,65.8,4282.23,43,33.0
2025-12-29,20:08:48,60.1,3533.10,43,33.0
2025-12-29,20:08:58,68.6,3885.66,43,33.0
2025-12-29,20:09:08,67.8,3771.73,43,33.0
2025-12-29,20:09:18,68.1,3645.18,43,33.0
2025-12-29,20:09:29,67.0,3600.25,43,33.0
2025-12-29,20:09:39,67.5,3568.57,43,33.0
2025-12-29,20:09:49,68.1,3606.99,43,33.0
2025-12-29,20:09:59,67.1,3860.37,43,33.0
2025-12-29,20:10:09,67.4,4038.90,43,33.0
2025-12-29,20:10:19,67.9,3584.89,43,33.0
2025-12-29,20:10:30,68.1,3824.27,43,33.0
2025-12-29,20:10:40,67.1,4348.44,43,33.0
2025-12-29,20:10:50,67.0,4359.61,43,33.0
2025-12-29,20:11:00,68.2,3924.93,43,33.0
2025-12-29,20:11:10,66.8,3742.06,43,33.0
2025-12-29,20:11:20,67.4,3886.61,43,33.0
2025-12-29,20:11:30,67.8,4088.72,43,33.0
2025-12-29,20:11:41,67.5,3584.53,43,33.0
2025-12-29,20:11:51,66.9,3908.58,43,33.0
2025-12-29,20:12:01,67.5,3897.20,43,33.0
2025-12-29,20:12:11,68.0,4198.76,43,33.0
2025-12-29,20:12:21,66.9,3666.11,43,33.0
2025-12-29,20:12:31,67.2,4009.06,43,33.0
2025-12-29,20:12:42,63.8,3552.71,43,33.0
2025-12-29,20:12:52,62.1,3722.07,43,33.0
2025-12-29,20:13:02,67.5,3872.24,43,33.0
2025-12-29,20:13:12,67.4,4156.31,43,33.0
2025-12-29,20:13:22,66.0,4044.83,43,33.0
2025-12-29,20:13:32,66.1,4198.73,43,33.0
2025-12-29,20:13:43,66.1,3659.51,43,33.0
2025-12-29,20:13:53,66.4,3655.78,43,33.0
2025-12-29,20:14:03,66.8,3873.91,43,33.0
2025-12-29,20:14:13,66.4,4381.27,43,33.0
2025-12-29,20:14:23,66.1,3543.58,43,33.0
2025-12-29,20:14:33,65.8,3902.23,43,33.0
2025-12-29,20:14:43,66.5,4356.79,43,33.0
2025-12-29,20:14:54,66.2,3754.19,43,33.0
2025-12-29,20:15:04,65.9,3793.59,43,33.0
2025-12-29,20:15:14,66.2,3497.99,43,33.0
2025-12-29,20:15:24,65.9,4096.96,43,33.0
2025-12-29,20:15:34,66.6,3229.80,43,33.0
2025-12-29,20:15:44,66.9,3420.69,43,33.0
2025-12-29,20:15:55,65.9,3689.91,43,33.0
2025-12-29,20:16:05,65.6,4598.73,43,33.0
2025-12-29,20:16:15,65.9,4260.78,43,33.0
2025-12-29,20:16:25,66.5,3301.67,43,33.0
2025-12-29,20:16:35,66.0,3562.64,43,33.0
2025-12-29,20:16:45,63.1,3475.38,43,33.0
2025-12-29,20:16:56,63.0,3762.81,43,33.0
2025-12-29,20:17:06,71.1,3632.68,43,33.0
2025-12-29,20:17:16,66.6,3530.42,43,33.0
2025-12-29,20:17:26,65.4,4015.12,43,33.0
2025-12-29,20:17:36,65.9,3863.32,43,33.0
2025-12-29,20:17:46,66.1,3743.49,43,33.0
2025-12-29,20:17:56,65.9,4128.41,43,33.0
2025-12-29,20:18:07,66.0,3838.56,43,33.0
2025-12-29,20:18:17,66.2,3577.18,43,33.0
2025-12-29,20:18:27,66.0,4055.04,43,33.0
2025-12-29,20:18:37,66.2,3612.42,43,33.0
2025-12-29,20:18:47,66.0,4140.62,43,33.0
2025-12-29,20:18:57,65.5,3926.79,43,34.0
2025-12-29,20:19:08,66.4,3851.25,43,33.0
2025-12-29,20:19:18,65.4,3682.42,43,33.0
2025-12-29,20:19:28,66.8,3935.70,43,34.0
2025-12-29,20:19:38,65.6,3276.93,43,33.0
2025-12-29,20:19:48,65.5,3989.37,43,33.0
2025-12-29,20:19:58,65.8,3914.33,43,33.0
2025-12-29,20:20:08,65.6,4232.72,43,33.0
2025-12-29,20:20:19,65.1,3781.90,43,33.0
2025-12-29,20:20:29,66.2,3932.48,43,33.0
2025-12-29,20:20:39,66.1,3956.28,43,33.0
2025-12-29,20:20:49,65.5,3349.62,43,33.0
2025-12-29,20:20:59,62.6,3608.59,43,33.0
2025-12-29,20:21:09,71.2,3300.81,43,33.0
2025-12-29,20:21:20,66.6,3331.14,43,33.0
2025-12-29,20:21:30,67.8,3837.67,43,33.0
2025-12-29,20:21:40,67.8,3624.11,43,33.0
2025-12-29,20:21:50,66.5,3382.68,43,33.0
2025-12-29,20:22:00,67.4,3768.68,43,33.0
2025-12-29,20:22:10,67.8,3562.86,43,33.0
2025-12-29,20:22:20,67.1,4011.79,43,33.0
2025-12-29,20:22:31,67.2,3828.87,43,33.0
2025-12-29,20:22:41,67.0,3899.52,43,33.0
2025-12-29,20:22:51,67.4,3568.88,43,33.0
2025-12-29,20:23:01,66.4,3717.28,43,33.0
2025-12-29,20:23:11,67.5,3954.29,43,33.0
2025-12-29,20:23:21,67.9,3426.50,43,33.0
2025-12-29,20:23:32,66.2,4178.89,43,33.0
2025-12-29,20:23:42,66.2,3546.12,43,33.0
2025-12-29,20:23:52,68.0,4091.56,43,33.0
2025-12-29,20:24:02,68.2,4049.01,43,33.0
2025-12-29,20:24:12,67.0,4058.27,43,33.0
2025-12-29,20:24:22,68.1,3611.00,43,33.0
2025-12-29,20:24:32,68.0,4085.01,43,33.0
2025-12-29,20:24:43,67.5,3508.94,43,33.0
2025-12-29,20:24:53,64.6,3552.77,43,33.0
2025-12-29,20:25:03,61.0,3700.64,43,33.0
2025-12-29,20:25:13,67.6,3310.98,43,33.0
2025-12-29,20:25:23,67.5,3652.11,43,33.0
2025-12-29,20:25:33,66.1,3485.51,43,33.0
2025-12-29,20:25:44,66.6,3385.17,43,33.0
2025-12-29,20:25:54,65.5,4075.99,43,33.0
2025-12-29,20:26:04,66.6,3645.43,43,33.0
2025-12-29,20:26:14,65.9,3597.12,43,33.0
2025-12-29,20:26:24,65.8,3913.67,43,33.0
2025-12-29,20:26:34,66.1,3662.76,43,33.0
2025-12-29,20:26:45,66.1,3890.24,43,33.0
2025-12-29,20:26:55,65.2,4043.99,43,33.0
2025-12-29,20:27:05,65.8,4043.13,43,33.0
2025-12-29,20:27:15,66.2,4127.26,43,33.0
2025-12-29,20:27:25,65.9,4115.98,43,33.0
2025-12-29,20:27:35,66.1,3868.91,43,33.0
2025-12-29,20:27:45,66.1,3451.43,43,33.0
2025-12-29,20:27:56,66.4,3791.54,43,33.0
2025-12-29,20:28:06,65.9,3750.31,43,33.0
2025-12-29,20:28:16,66.1,3802.12,43,33.0
2025-12-29,20:28:26,66.4,3774.59,43,33.0
2025-12-29,20:28:36,65.6,3953.78,43,33.0
2025-12-29,20:28:46,66.4,4044.80,43,33.0
2025-12-29,20:28:56,65.2,3731.03,43,33.0
2025-12-29,20:29:07,64.8,3911.98,43,33.0
2025-12-29,20:29:17,71.5,3766.10,43,33.0
2025-12-29,20:29:27,66.4,3474.51,43,33.0
2025-12-29,20:29:37,66.1,4028.75,43,33.0
2025-12-29,20:29:47,65.8,3709.74,43,33.0
2025-12-29,20:29:57,65.8,3637.63,43,33.0
2025-12-29,20:30:08,64.9,3853.10,43,33.0
2025-12-29,20:30:18,65.8,3714.92,43,33.0
2025-12-29,20:30:28,66.0,3646.69,43,33.0
2025-12-29,20:30:38,65.9,3560.78,43,33.0
2025-12-29,20:30:48,66.0,3910.52,43,33.0
2025-12-29,20:30:58,65.2,3945.71,43,33.0
2025-12-29,20:31:09,65.6,3720.76,43,33.0
2025-12-29,20:31:19,65.8,3740.17,43,33.0
2025-12-29,20:31:29,65.8,4016.78,43,33.0
2025-12-29,20:31:39,66.2,3746.66,43,33.0
2025-12-29,20:31:49,65.6,3778.45,43,33.0
2025-12-29,20:31:59,65.4,3653.28,43,33.0
2025-12-29,20:32:09,65.5,3480.44,43,33.0
2025-12-29,20:32:20,66.0,3505.71,43,33.0
2025-12-29,20:32:30,66.1,3828.51,43,33.0
2025-12-29,20:32:40,65.8,3505.08,43,34.0
2025-12-29,20:32:50,65.9,3822.91,43,33.0
2025-12-29,20:33:00,64.9,3486.49,43,33.0
2025-12-29,20:33:10,61.8,3421.36,43,33.0
2025-12-29,20:33:21,71.2,3537.08,43,33.0
2025-12-29,20:33:31,67.6,3828.74,43,33.0
2025-12-29,20:33:41,66.4,3730.39,43,33.0
2025-12-29,20:33:51,67.0,3832.33,43,33.0
2025-12-29,20:34:01,67.0,4102.15,43,33.0
2025-12-29,20:34:11,66.8,3723.63,43,33.0
2025-12-29,20:34:21,68.0,3657.91,43,33.0
2025-12-29,20:34:32,66.5,3452.38,43,33.0
2025-12-29,20:34:42,67.4,3835.99,43,33.0
2025-12-29,20:34:52,66.2,3916.75,43,33.0
2025-12-29,20:35:02,67.1,3655.67,43,34.0
2025-12-29,20:35:12,67.8,3406.03,43,33.0
2025-12-29,20:35:22,66.6,3852.60,43,33.0
2025-12-29,20:35:33,67.2,3503.24,43,34.0
2025-12-29,20:35:43,67.0,3514.18,43,33.0
2025-12-29,20:35:53,67.5,3343.57,43,33.0
2025-12-29,20:36:03,67.6,4413.14,43,33.0
2025-12-29,20:36:13,66.2,3573.50,43,34.0
2025-12-29,20:36:23,67.1,3985.66,43,33.0
2025-12-29,20:36:33,66.5,4061.01,43,33.0
2025-12-29,20:36:44,66.8,3571.39,43,33.0
2025-12-29,20:36:54,67.5,3849.97,43,33.0
2025-12-29,20:37:04,66.9,3702.03,43,33.0
2025-12-29,20:37:14,65.8,3767.13,43,33.0
2025-12-29,20:37:24,59.9,4168.87,43,33.0
2025-12-29,20:37:34,66.6,4110.96,43,34.0
2025-12-29,20:37:44,65.5,4499.06,43,33.0
2025-12-29,20:37:55,65.6,3920.35,43,33.0
2025-12-29,20:38:05,65.8,3629.28,43,34.0
2025-12-29,20:38:15,65.9,3712.12,43,33.0
2025-12-29,20:38:25,65.6,4552.18,43,33.0
2025-12-29,20:38:35,65.8,4415.75,43,34.0
2025-12-29,20:38:45,65.2,3501.42,43,33.0
2025-12-29,20:38:56,66.6,3918.62,43,33.0
2025-12-29,20:39:06,65.9,3477.10,43,34.0
2025-12-29,20:39:16,65.4,3808.50,43,33.0
2025-12-29,20:39:26,65.8,4065.08,43,33.0
2025-12-29,20:39:36,65.9,3878.13,43,34.0
2025-12-29,20:39:46,65.9,3833.72,43,34.0
2025-12-29,20:39:56,65.5,3929.32,43,33.0
2025-12-29,20:40:07,65.8,4017.99,43,34.0
2025-12-29,20:40:17,65.8,3954.33,43,33.0
2025-12-29,20:40:27,66.1,3754.85,43,34.0
2025-12-29,20:40:37,66.5,3522.85,43,34.0
2025-12-29,20:40:47,65.5,3912.03,43,34.0
2025-12-29,20:40:57,66.1,3597.41,43,34.0
2025-12-29,20:41:08,66.9,3433.55,43,33.0
2025-12-29,20:41:18,64.9,3370.39,43,34.0
2025-12-29,20:41:28,62.9,3748.68,43,34.0
2025-12-29,20:41:38,71.6,3653.91,43,34.0
2025-12-29,20:41:48,66.8,3615.24,43,34.0
2025-12-29,20:41:58,66.1,3858.07,43,34.0
2025-12-29,20:42:08,65.2,4106.51,43,34.0
2025-12-29,20:42:19,65.6,3374.66,43,34.0
2025-12-29,20:42:29,65.9,4209.35,43,33.0
2025-12-29,20:42:39,65.4,3676.71,43,34.0
2025-12-29,20:42:49,65.0,3633.28,43,34.0
2025-12-29,20:42:59,65.4,3732.31,43,33.0
2025-12-29,20:43:09,65.2,3621.06,43,34.0
2025-12-29,20:43:20,65.8,3544.82,43,34.0
2025-12-29,20:43:30,66.2,3500.03,43,34.0
2025-12-29,20:43:40,65.4,4147.15,43,34.0
2025-12-29,20:43:50,65.5,4305.14,43,34.0
2025-12-29,20:44:00,65.2,3743.67,43,33.0
2025-12-29,20:44:10,65.8,3679.51,43,34.0
2025-12-29,20:44:20,65.6,3385.03,43,34.0
2025-12-29,20:44:31,66.0,3933.26,43,34.0
2025-12-29,20:44:41,65.9,3697.52,43,34.0
2025-12-29,20:44:51,65.2,3581.98,43,34.0
2025-12-29,20:45:01,65.5,3954.67,43,34.0
2025-12-29,20:45:11,65.1,3922.87,43,34.0
2025-12-29,20:45:21,66.5,3670.49,43,34.0
2025-12-29,20:45:31,64.5,4220.45,43,34.0
2025-12-29,20:45:42,60.4,3701.76,43,34.0
2025-12-29,20:45:52,71.4,3655.50,43,33.0
2025-12-29,20:46:02,68.0,3439.41,43,33.0
2025-12-29,20:46:12,67.6,3700.44,43,33.0
2025-12-29,20:46:22,67.9,3656.20,43,34.0
2025-12-29,20:46:32,68.9,3603.63,43,33.0
2025-12-29,20:46:43,67.1,3870.07,43,33.0
2025-12-29,20:46:53,67.5,3561.06,43,34.0
2025-12-29,20:47:03,67.8,3824.37,43,34.0
2025-12-29,20:47:13,68.1,3560.10,43,33.0
2025-12-29,20:47:23,68.0,3708.75,43,33.0
2025-12-29,20:47:33,67.9,3516.87,43,34.0
2025-12-29,20:47:43,68.0,3866.93,43,33.0
2025-12-29,20:47:54,67.4,3394.36,43,33.0
2025-12-29,20:48:04,67.5,3365.28,43,34.0
2025-12-29,20:48:14,68.0,3379.17,43,33.0
2025-12-29,20:48:24,67.9,3781.43,43,33.0
2025-12-29,20:48:34,68.1,3782.56,43,33.0
2025-12-29,20:48:44,67.5,3703.23,43,34.0
2025-12-29,20:48:55,68.5,3651.24,43,34.0
2025-12-29,20:49:05,67.0,4146.76,43,33.0
2025-12-29,20:49:15,67.2,3790.43,43,33.0
2025-12-29,20:49:25,68.6,3716.52,43,33.0
2025-12-29,20:49:35,64.9,4377.58,43,33.0
2025-12-29,20:49:45,61.2,3630.30,43,33.0
2025-12-29,20:49:56,68.8,3529.58,43,33.0
2025-12-29,20:50:06,68.2,3787.52,43,33.0
2025-12-29,20:50:16,67.1,3535.89,43,33.0
2025-12-29,20:50:26,66.4,3819.54,43,33.0
2025-12-29,20:50:36,66.4,3512.54,43,33.0
2025-12-29,20:50:46,66.0,4061.12,43,33.0
2025-12-29,20:50:56,65.8,3658.40,43,33.0
2025-12-29,20:51:07,66.5,3933.01,43,33.0
2025-12-29,20:51:17,65.9,3895.15,43,33.0
2025-12-29,20:51:27,67.5,3583.50,43,33.0
2025-12-29,20:51:37,66.4,3517.20,43,33.0
2025-12-29,20:51:47,66.4,3410.46,43,33.0
2025-12-29,20:51:57,66.8,3879.17,43,33.0
2025-12-29,20:52:08,66.4,3766.33,43,33.0
2025-12-29,20:52:18,66.5,3964.77,43,33.0
2025-12-29,20:52:28,66.5,3650.05,43,33.0
2025-12-29,20:52:38,66.9,3562.70,43,33.0
2025-12-29,20:52:48,66.2,4023.10,43,34.0
2025-12-29,20:52:58,66.6,3431.09,43,33.0
2025-12-29,20:53:08,66.0,3876.72,43,33.0
2025-12-29,20:53:19,67.1,3493.91,43,33.0
2025-12-29,20:53:29,66.5,3558.58,43,33.0
2025-12-29,20:53:39,64.6,4040.38,43,33.0
2025-12-29,20:53:49,61.9,3860.00,43,33.0
2025-12-29,20:53:59,70.6,3917.77,43,33.0
2025-12-29,20:54:09,62.2,4071.28,43,33.0
2025-12-29,20:54:19,66.1,3737.30,43,33.0
2025-12-29,20:54:30,66.1,3325.64,43,33.0
2025-12-29,20:54:40,65.8,3407.80,43,33.0
2025-12-29,20:54:50,65.6,3751.97,43,34.0
2025-12-29,20:55:00,66.1,3529.53,43,34.0
2025-12-29,20:55:10,66.4,3686.22,43,33.0
2025-12-29,20:55:20,66.5,4823.03,43,33.0
2025-12-29,20:55:31,66.2,3716.08,43,33.0
2025-12-29,20:55:41,65.5,3745.17,43,33.0
2025-12-29,20:55:51,65.9,4222.36,43,34.0
2025-12-29,20:56:01,65.6,4539.44,43,34.0
2025-12-29,20:56:11,66.2,3621.11,43,33.0
2025-12-29,20:56:21,67.6,3819.85,43,33.0
2025-12-29,20:56:32,66.4,3471.08,43,33.0
2025-12-29,20:56:42,66.1,4497.08,43,33.0
2025-12-29,20:56:52,66.1,4013.17,43,33.0
2025-12-29,20:57:02,65.9,4192.69,43,33.0
2025-12-29,20:57:12,66.0,3616.59,43,33.0
2025-12-29,20:57:22,66.5,3680.75,43,33.0
2025-12-29,20:57:32,66.1,3872.40,43,33.0
2025-12-29,20:57:43,63.6,3690.85,43,33.0
2025-12-29,20:57:53,63.9,3949.92,43,33.0
2025-12-29,20:58:03,60.5,3511.48,43,33.0
2025-12-29,20:58:13,66.6,4080.89,43,33.0
2025-12-29,20:58:23,67.0,3586.19,43,33.0
2025-12-29,20:58:33,68.1,3687.01,43,33.0
2025-12-29,20:58:43,67.2,3588.79,43,33.0
2025-12-29,20:58:54,67.6,3827.39,43,33.0
2025-12-29,20:59:04,67.8,3682.50,43,33.0
2025-12-29,20:59:14,68.1,3862.08,43,33.0
2025-12-29,20:59:24,67.1,3608.16,43,33.0
2025-12-29,20:59:34,67.6,3650.33,43,33.0
2025-12-29,20:59:44,67.8,3390.71,43,33.0
2025-12-29,20:59:55,66.5,3904.41,43,33.0
2025-12-29,21:00:05,67.6,4515.00,43,33.0
2025-12-29,21:00:15,67.8,3998.87,43,33.0
2025-12-29,21:00:25,68.0,3751.27,43,33.0
2025-12-29,21:00:35,67.9,4408.23,43,33.0
2025-12-29,21:00:45,68.0,3597.94,43,33.0
2025-12-29,21:00:55,67.8,3602.51,43,33.0
2025-12-29,21:01:06,66.8,3915.28,43,33.0
2025-12-29,21:01:16,67.0,3952.55,43,33.0
2025-12-29,21:01:26,67.9,3671.47,43,33.0
2025-12-29,21:01:36,66.8,4096.95,43,33.0
2025-12-29,21:01:46,67.2,3625.79,43,33.0
2025-12-29,21:01:56,62.4,3755.60,43,33.0
2025-12-29,21:02:07,59.4,3873.46,43,33.0
2025-12-29,21:02:17,60.8,3578.33,43,33.0
2025-12-29,21:02:27,65.6,3672.04,43,33.0
2025-12-29,21:02:37,66.6,3478.65,43,33.0
2025-12-29,21:02:47,66.2,3653.04,43,33.0
2025-12-29,21:02:57,66.4,3961.27,43,33.0
2025-12-29,21:03:08,65.9,3624.65,43,33.0
2025-12-29,21:03:18,66.0,3718.02,43,33.0
2025-12-29,21:03:28,65.8,3651.83,43,33.0
2025-12-29,21:03:38,66.4,3691.20,43,33.0
2025-12-29,21:03:48,66.5,3785.19,43,33.0
2025-12-29,21:03:58,65.8,3562.40,43,33.0
2025-12-29,21:04:08,66.8,3496.80,43,33.0
2025-12-29,21:04:19,66.4,3763.38,43,34.0
2025-12-29,21:04:29,66.6,3924.05,43,33.0
2025-12-29,21:04:39,67.0,3649.14,43,33.0
2025-12-29,21:04:49,66.9,3593.20,43,34.0
2025-12-29,21:04:59,66.5,3534.57,43,34.0
2025-12-29,21:05:09,66.4,3896.73,43,33.0
2025-12-29,21:05:19,67.2,3679.52,43,33.0
2025-12-29,21:05:30,67.0,3959.21,43,33.0
2025-12-29,21:05:40,65.6,4285.13,43,33.0
2025-12-29,21:05:50,65.9,3887.35,43,33.0
2025-12-29,21:06:00,63.6,3715.84,43,33.0
2025-12-29,21:06:10,64.9,4069.40,43,33.0
2025-12-29,21:06:20,68.0,3436.99,43,33.0
2025-12-29,21:06:30,66.5,3753.13,43,33.0
2025-12-29,21:06:41,66.2,4934.44,43,33.0
2025-12-29,21:06:51,66.5,4067.08,43,34.0
2025-12-29,21:07:01,66.2,4049.00,43,33.0
2025-12-29,21:07:11,66.9,4045.97,43,33.0
2025-12-29,21:07:21,65.4,3459.16,43,33.0
2025-12-29,21:07:31,66.0,3465.47,43,33.0
2025-12-29,21:07:42,65.8,3631.57,43,33.0
2025-12-29,21:07:52,66.5,3926.98,43,33.0
2025-12-29,21:08:02,66.5,3716.13,43,33.0
2025-12-29,21:08:12,66.2,4372.96,43,33.0
2025-12-29,21:08:22,66.1,4092.09,43,33.0
2025-12-29,21:08:32,65.5,3539.01,43,33.0
2025-12-29,21:08:42,65.9,4058.90,43,33.0
2025-12-29,21:08:53,66.1,3895.62,43,34.0
2025-12-29,21:09:03,66.5,3477.44,43,33.0
2025-12-29,21:09:13,67.0,3981.73,43,33.0
2025-12-29,21:09:23,66.2,3870.59,43,33.0
2025-12-29,21:09:33,65.8,3920.46,43,33.0
2025-12-29,21:09:43,66.1,3680.89,43,33.0
2025-12-29,21:09:54,65.8,4076.01,43,33.0
2025-12-29,21:10:04,64.5,3435.26,43,33.0
2025-12-29,21:10:14,63.6,3663.68,43,33.0
2025-12-29,21:10:24,68.1,3834.87,43,33.0
2025-12-29,21:10:34,67.2,3618.40,43,33.0
2025-12-29,21:10:44,68.4,4298.82,43,33.0
2025-12-29,21:10:54,67.0,3898.20,43,33.0
2025-12-29,21:11:05,67.5,4989.89,43,33.0
2025-12-29,21:11:15,67.8,4134.58,43,33.0
2025-12-29,21:11:25,67.4,3558.00,43,33.0
2025-12-29,21:11:35,67.9,3900.61,43,33.0
2025-12-29,21:11:45,67.5,4267.16,43,33.0
2025-12-29,21:11:55,67.1,4141.98,43,34.0
2025-12-29,21:12:06,68.5,3735.65,43,33.0
2025-12-29,21:12:16,66.9,3807.54,43,33.0
2025-12-29,21:12:26,67.2,3685.32,43,33.0
2025-12-29,21:12:36,67.9,4298.60,43,33.0
2025-12-29,21:12:46,67.0,4427.52,43,33.0
2025-12-29,21:12:56,67.6,3811.40,43,33.0
2025-12-29,21:13:06,68.4,4173.56,43,33.0
2025-12-29,21:13:17,68.2,3525.32,43,33.0
2025-12-29,21:13:27,68.5,3499.96,43,33.0
2025-12-29,21:13:37,66.4,3504.52,43,33.0
2025-12-29,21:13:47,67.9,3881.20,43,33.0
2025-12-29,21:13:57,68.2,4106.63,43,33.0
2025-12-29,21:14:07,66.9,4318.89,43,33.0
2025-12-29,21:14:17,62.1,4232.20,43,33.0
2025-12-29,21:14:28,65.4,3766.61,43,33.0
2025-12-29,21:14:38,69.5,3821.32,43,33.0
2025-12-29,21:14:48,67.0,3451.62,43,33.0
2025-12-29,21:14:58,66.8,3719.60,43,33.0
2025-12-29,21:15:08,66.6,3830.35,43,33.0
2025-12-29,21:15:18,66.1,3571.71,43,34.0
2025-12-29,21:15:29,66.2,4003.26,43,33.0
2025-12-29,21:15:39,65.9,3509.78,43,33.0
2025-12-29,21:15:49,67.0,3711.61,43,33.0
2025-12-29,21:15:59,66.6,3725.39,43,33.0
2025-12-29,21:16:09,66.9,3603.95,43,33.0
2025-12-29,21:16:19,66.4,3860.93,43,34.0
2025-12-29,21:16:30,66.6,3977.74,43,33.0
2025-12-29,21:16:40,66.2,3428.64,43,33.0
2025-12-29,21:16:50,66.5,4077.96,43,33.0
2025-12-29,21:17:00,66.4,3879.37,43,33.0
2025-12-29,21:17:10,66.4,3724.65,43,33.0
2025-12-29,21:17:20,67.1,4040.21,43,34.0
2025-12-29,21:17:30,66.2,4274.46,43,34.0
2025-12-29,21:17:41,66.2,3626.61,43,33.0
2025-12-29,21:17:51,66.2,3955.22,43,34.0
2025-12-29,21:18:01,66.1,3999.79,43,33.0
2025-12-29,21:18:11,66.2,3581.07,43,34.0
2025-12-29,21:18:21,64.2,4119.24,43,33.0
2025-12-29,21:18:31,61.4,3451.67,43,33.0
2025-12-29,21:18:42,62.4,3773.13,43,33.0
2025-12-29,21:18:52,66.0,4569.25,43,33.0
2025-12-29,21:19:02,66.1,3861.00,43,33.0
2025-12-29,21:19:12,66.2,3968.29,43,33.0
2025-12-29,21:19:22,65.8,4288.63,43,33.0
2025-12-29,21:19:32,66.5,3499.50,43,33.0
2025-12-29,21:19:42,66.1,4060.13,43,33.0
2025-12-29,21:19:53,65.8,4469.68,43,34.0
2025-12-29,21:20:03,66.1,4054.97,43,33.0
2025-12-29,21:20:13,65.8,4296.07,43,33.0
2025-12-29,21:20:23,65.2,4281.87,43,33.0
2025-12-29,21:20:33,66.2,4121.92,43,34.0
2025-12-29,21:20:43,66.2,3848.05,43,34.0
2025-12-29,21:20:54,65.2,3608.67,43,33.0
2025-12-29,21:21:04,65.2,3712.59,43,33.0
2025-12-29,21:21:14,65.4,3689.43,43,34.0
2025-12-29,21:21:24,65.5,3529.13,43,33.0
2025-12-29,21:21:34,65.9,3853.34,43,33.0
2025-12-29,21:21:44,65.4,3979.49,43,33.0
2025-12-29,21:21:54,65.4,3604.72,43,34.0
2025-12-29,21:22:05,65.8,3474.92,43,33.0
2025-12-29,21:22:15,66.4,3575.20,43,33.0
2025-12-29,21:22:25,64.2,4083.52,43,33.0
2025-12-29,21:22:35,61.9,3993.70,43,33.0
2025-12-29,21:22:45,71.2,3614.48,43,33.0
2025-12-29,21:22:55,67.9,3889.09,43,33.0
2025-12-29,21:23:05,68.1,3668.47,43,33.0
2025-12-29,21:23:16,66.9,3425.76,43,33.0
2025-12-29,21:23:26,67.1,3594.52,43,33.0
2025-12-29,21:23:36,68.2,3522.64,43,33.0
2025-12-29,21:23:46,67.5,3673.34,43,34.0
2025-12-29,21:23:56,66.8,4688.48,43,33.0
2025-12-29,21:24:06,67.4,3916.37,43,33.0
2025-12-29,21:24:17,68.2,3847.16,43,33.0
2025-12-29,21:24:27,66.8,3711.76,43,33.0
2025-12-29,21:24:37,67.4,3645.69,43,33.0
2025-12-29,21:24:47,67.8,3841.20,43,33.0
2025-12-29,21:24:57,66.8,4429.14,43,33.0
2025-12-29,21:25:07,66.8,3697.82,43,33.0
2025-12-29,21:25:17,67.8,3866.05,43,33.0
2025-12-29,21:25:28,67.5,3597.73,43,33.0
2025-12-29,21:25:38,67.9,3941.04,43,33.0
2025-12-29,21:25:48,66.9,3971.53,43,33.0
2025-12-29,21:25:58,67.5,3344.92,43,33.0
2025-12-29,21:26:08,68.4,3488.46,43,33.0
2025-12-29,21:26:18,67.4,3834.89,43,33.0
2025-12-29,21:26:29,65.1,3685.90,43,33.0
2025-12-29,21:26:39,61.6,3529.23,43,33.0
2025-12-29,21:26:49,67.4,3618.99,43,33.0
2025-12-29,21:26:59,65.9,4034.28,43,33.0
2025-12-29,21:27:09,65.4,3801.77,43,33.0
2025-12-29,21:27:19,66.1,3857.83,43,33.0
2025-12-29,21:27:29,66.1,3679.20,43,33.0
2025-12-29,21:27:40,65.5,3765.35,43,33.0
2025-12-29,21:27:50,67.0,3942.68,43,33.0
2025-12-29,21:28:00,66.0,4125.98,43,33.0
2025-12-29,21:28:10,66.1,3636.78,43,33.0
2025-12-29,21:28:20,66.5,3978.74,43,33.0
2025-12-29,21:28:30,66.6,4279.55,43,33.0
2025-12-29,21:28:41,66.6,3570.18,43,33.0
2025-12-29,21:28:51,66.6,3690.15,43,33.0
2025-12-29,21:29:01,66.8,3645.42,43,33.0
2025-12-29,21:29:11,65.9,3713.65,43,34.0
2025-12-29,21:29:21,65.9,3443.35,43,33.0
2025-12-29,21:29:31,66.0,3732.96,43,33.0
2025-12-29,21:29:41,66.2,3409.11,43,33.0
2025-12-29,21:29:52,66.2,3498.19,43,33.0
2025-12-29,21:30:02,66.1,3496.88,43,33.0
2025-12-29,21:30:12,66.0,3672.84,43,33.0
2025-12-29,21:30:22,66.6,3767.65,43,33.0
2025-12-29,21:30:32,63.2,3614.26,43,33.0
2025-12-29,21:30:42,61.9,3505.41,43,33.0
2025-12-29,21:30:52,68.8,3565.24,43,33.0
2025-12-29,21:31:03,66.0,3762.37,43,33.0
2025-12-29,21:31:13,65.9,3634.60,43,33.0
2025-12-29,21:31:23,65.8,3959.58,43,33.0
2025-12-29,21:31:33,66.2,3905.59,43,33.0
2025-12-29,21:31:43,65.5,3477.05,43,33.0
2025-12-29,21:31:53,65.4,3446.44,43,33.0
2025-12-29,21:32:04,65.5,3612.64,43,33.0
2025-12-29,21:32:14,66.2,3865.71,43,33.0
2025-12-29,21:32:24,66.8,3940.87,43,33.0
2025-12-29,21:32:34,65.8,3520.46,43,33.0
2025-12-29,21:32:44,65.5,3706.60,43,33.0
2025-12-29,21:32:54,66.4,4091.91,43,33.0
2025-12-29,21:33:04,66.6,4373.16,43,33.0
2025-12-29,21:33:15,65.6,4234.34,43,33.0
2025-12-29,21:33:25,66.0,3970.14,43,33.0
2025-12-29,21:33:35,65.8,3954.45,43,33.0
2025-12-29,21:33:45,66.0,3938.76,43,33.0
2025-12-29,21:33:55,66.0,3529.92,43,33.0
2025-12-29,21:34:05,65.8,3608.01,43,33.0
2025-12-29,21:34:15,67.0,4054.75,43,33.0
2025-12-29,21:34:26,66.0,3450.39,43,33.0
2025-12-29,21:34:36,63.9,3658.39,43,33.0
2025-12-29,21:34:46,60.2,3365.43,43,33.0
2025-12-29,21:34:56,71.4,3339.63,43,33.0
2025-12-29,21:35:06,67.2,3377.57,43,34.0
2025-12-29,21:35:16,67.2,3540.01,43,33.0
2025-12-29,21:35:27,67.6,3656.57,43,33.0
2025-12-29,21:35:37,66.4,3491.37,43,33.0
2025-12-29,21:35:47,66.9,4319.96,43,33.0
2025-12-29,21:35:57,67.9,3321.57,43,33.0
2025-12-29,21:36:07,66.1,4035.65,43,33.0
2025-12-29,21:36:17,67.1,3498.99,43,33.0
2025-12-29,21:36:27,67.6,3728.79,43,33.0
2025-12-29,21:36:38,67.2,4054.35,43,33.0
2025-12-29,21:36:48,67.0,3654.91,43,33.0
2025-12-29,21:36:58,68.2,3701.22,43,33.0
2025-12-29,21:37:08,66.5,3431.57,43,33.0
2025-12-29,21:37:18,66.5,3641.20,43,33.0
2025-12-29,21:37:28,67.4,4638.13,43,33.0
2025-12-29,21:37:39,67.8,4052.58,43,33.0
2025-12-29,21:37:49,67.6,3608.78,43,33.0
2025-12-29,21:37:59,67.1,3769.21,43,33.0
2025-12-29,21:38:09,67.6,3998.06,43,33.0
2025-12-29,21:38:19,67.4,3924.85,43,33.0
2025-12-29,21:38:29,67.5,3555.80,43,33.0
2025-12-29,21:38:39,67.9,4078.31,43,33.0
2025-12-29,21:38:50,62.4,3583.60,43,33.0
2025-12-29,21:39:00,59.5,3889.58,43,33.0
2025-12-29,21:39:10,69.8,3810.39,43,33.0
2025-12-29,21:39:20,65.8,3941.59,43,33.0
2025-12-29,21:39:30,66.9,3629.19,43,33.0
2025-12-29,21:39:40,66.6,3337.53,43,33.0
2025-12-29,21:39:51,66.1,3703.02,43,33.0
2025-12-29,21:40:01,66.1,3627.11,43,33.0
2025-12-29,21:40:11,66.9,3727.22,43,33.0
2025-12-29,21:40:21,65.6,3763.21,43,33.0
2025-12-29,21:40:31,66.9,3618.42,43,33.0
2025-12-29,21:40:41,66.0,3493.06,43,33.0
2025-12-29,21:40:51,66.4,3505.30,43,33.0
2025-12-29,21:41:02,66.2,4129.83,43,33.0
2025-12-29,21:41:12,66.6,3540.85,43,33.0
2025-12-29,21:41:22,66.2,3598.65,43,33.0
2025-12-29,21:41:32,65.8,3859.74,43,33.0
2025-12-29,21:41:42,66.1,3806.99,43,33.0
2025-12-29,21:41:52,66.6,3931.59,43,33.0
2025-12-29,21:42:03,66.1,3554.29,43,33.0
2025-12-29,21:42:13,65.5,3557.21,43,33.0
2025-12-29,21:42:23,66.0,4049.06,43,33.0
2025-12-29,21:42:33,66.5,3941.31,43,33.0
2025-12-29,21:42:43,65.2,4366.49,43,33.0
2025-12-29,21:42:53,62.1,3593.51,43,33.0
2025-12-29,21:43:03,68.6,4247.34,43,33.0
2025-12-29,21:43:14,67.4,3354.66,43,33.0
2025-12-29,21:43:24,66.1,3983.35,43,33.0
2025-12-29,21:43:34,65.8,4010.85,43,33.0
2025-12-29,21:43:44,65.4,4185.78,43,33.0
2025-12-29,21:43:54,65.6,3727.12,43,33.0
2025-12-29,21:44:04,65.9,4129.99,43,33.0
2025-12-29,21:44:15,66.1,3801.17,43,33.0
2025-12-29,21:44:25,65.2,3779.27,43,33.0
2025-12-29,21:44:35,65.9,3446.84,43,33.0
2025-12-29,21:44:45,65.8,3460.33,43,33.0
2025-12-29,21:44:55,66.0,3857.77,43,33.0
2025-12-29,21:45:05,65.6,3966.72,43,33.0
2025-12-29,21:45:16,65.8,3704.90,43,33.0
2025-12-29,21:45:26,65.9,3676.13,43,33.0
2025-12-29,21:45:36,67.1,3881.25,43,33.0
2025-12-29,21:45:46,65.6,3826.51,43,33.0
2025-12-29,21:45:56,65.6,3605.66,43,33.0
2025-12-29,21:46:06,65.8,3885.46,43,33.0
2025-12-29,21:46:16,65.9,3674.98,43,33.0
2025-12-29,21:46:27,66.1,3666.75,43,33.0
2025-12-29,21:46:37,65.9,3534.11,43,33.0
2025-12-29,21:46:47,65.9,3686.61,43,33.0
2025-12-29,21:46:57,64.9,4102.39,43,33.0
2025-12-29,21:47:07,62.8,4061.79,43,33.0
2025-12-29,21:47:17,71.5,3528.62,43,33.0
2025-12-29,21:47:28,67.0,3821.52,43,33.0
2025-12-29,21:47:38,67.5,3547.06,43,33.0
2025-12-29,21:47:48,68.1,3653.96,43,33.0
2025-12-29,21:47:58,66.6,3839.80,43,33.0
2025-12-29,21:48:08,67.4,3447.94,43,33.0
2025-12-29,21:48:18,68.5,3864.42,43,33.0
2025-12-29,21:48:28,67.2,3776.22,43,33.0
2025-12-29,21:48:39,67.1,3553.05,43,33.0
2025-12-29,21:48:49,68.0,3832.30,43,33.0
2025-12-29,21:48:59,67.2,3634.95,43,33.0
2025-12-29,21:49:09,67.0,4264.35,43,33.0
2025-12-29,21:49:19,68.0,3422.98,43,33.0
2025-12-29,21:49:29,67.8,3827.54,43,33.0
2025-12-29,21:49:40,66.6,3679.42,43,33.0
2025-12-29,21:49:50,67.8,4070.92,43,33.0
2025-12-29,21:50:00,67.4,4493.32,43,33.0
2025-12-29,21:50:10,67.1,4351.43,43,33.0
2025-12-29,21:50:20,67.2,3571.96,43,33.0
2025-12-29,21:50:30,67.9,4064.69,43,33.0
2025-12-29,21:50:40,66.6,3649.56,43,33.0
2025-12-29,21:50:51,67.8,3650.08,43,33.0
2025-12-29,21:51:01,64.8,4190.68,43,33.0
2025-12-29,21:51:11,62.4,3401.87,43,33.0
2025-12-29,21:51:21,60.2,3503.66,43,33.0
2025-12-29,21:51:31,66.6,3931.92,43,33.0
2025-12-29,21:51:41,65.5,3549.85,43,33.0
2025-12-29,21:51:51,66.0,3942.55,43,33.0
2025-12-29,21:52:02,65.5,3426.44,43,33.0
2025-12-29,21:52:12,65.5,3607.82,43,33.0
2025-12-29,21:52:22,66.0,3677.54,43,33.0
2025-12-29,21:52:32,66.1,4140.73,43,33.0
2025-12-29,21:52:42,66.4,3671.60,43,33.0
2025-12-29,21:52:52,66.8,3904.98,43,33.0
2025-12-29,21:53:03,66.4,3751.04,43,33.0
2025-12-29,21:53:13,65.5,3570.36,43,33.0
2025-12-29,21:53:23,66.6,3901.60,43,33.0
2025-12-29,21:53:33,66.0,3776.81,43,33.0
2025-12-29,21:53:43,66.1,3940.80,43,33.0
2025-12-29,21:53:53,66.8,3771.27,43,33.0
2025-12-29,21:54:03,66.2,3544.71,43,33.0
2025-12-29,21:54:14,66.5,3835.51,43,33.0
2025-12-29,21:54:24,65.2,3939.80,43,33.0
2025-12-29,21:54:34,65.6,3821.06,43,33.0
2025-12-29,21:54:44,65.6,3646.51,43,33.0
2025-12-29,21:54:54,66.2,3615.85,43,33.0
2025-12-29,21:55:04,63.2,4129.84,43,33.0
2025-12-29,21:55:15,62.2,3837.81,43,33.0
2025-12-29,21:55:25,69.8,3699.20,43,33.0
2025-12-29,21:55:35,66.8,3496.90,43,33.0
2025-12-29,21:55:45,66.2,3410.20,43,33.0
2025-12-29,21:55:55,66.2,3666.38,43,33.0
2025-12-29,21:56:05,65.2,3456.98,43,33.0
2025-12-29,21:56:15,65.6,4146.08,43,33.0
2025-12-29,21:56:26,66.1,3703.76,43,33.0
2025-12-29,21:56:36,66.2,3660.18,43,33.0
2025-12-29,21:56:46,65.9,3382.07,43,33.0
2025-12-29,21:56:56,65.5,3860.05,43,33.0
2025-12-29,21:57:06,65.6,3533.68,43,33.0
2025-12-29,21:57:16,66.1,3927.66,43,33.0
2025-12-29,21:57:27,65.2,4062.17,43,33.0
2025-12-29,21:57:37,66.0,4231.00,43,33.0
2025-12-29,21:57:47,65.4,3854.88,43,33.0
2025-12-29,21:57:57,65.8,3775.15,43,33.0
2025-12-29,21:58:07,66.0,3778.00,43,33.0
2025-12-29,21:58:17,65.2,3564.35,43,33.0
2025-12-29,21:58:27,65.5,4867.74,43,33.0
2025-12-29,21:58:38,65.8,3948.84,43,33.0
2025-12-29,21:58:48,65.6,3807.83,43,33.0
2025-12-29,21:58:58,65.5,3693.07,43,33.0
2025-12-29,21:59:08,63.6,3515.86,43,33.0
2025-12-29,21:59:18,63.5,3554.77,43,33.0
2025-12-29,21:59:28,61.9,4268.63,43,33.0
2025-12-29,21:59:38,68.2,3857.15,43,33.0
2025-12-29,21:59:49,67.8,3945.71,43,33.0
2025-12-29,21:59:59,67.8,3917.20,43,33.0
2025-12-29,22:00:09,67.4,4184.68,43,33.0
2025-12-29,22:00:19,67.5,3486.30,43,33.0
2025-12-29,22:00:29,67.9,3612.60,43,33.0
2025-12-29,22:00:39,69.0,3925.64,43,33.0
2025-12-29,22:00:50,67.2,3876.35,43,33.0
2025-12-29,22:01:00,67.2,3343.24,43,33.0
2025-12-29,22:01:10,67.4,3565.19,43,33.0
2025-12-29,22:01:20,67.8,3587.12,43,33.0
2025-12-29,22:01:30,66.6,4317.86,43,33.0
2025-12-29,22:01:40,67.5,3715.37,43,33.0
2025-12-29,22:01:51,67.8,3589.81,43,33.0
2025-12-29,22:02:01,68.0,3649.72,43,33.0
2025-12-29,22:02:11,68.1,3391.78,43,33.0
2025-12-29,22:02:21,67.6,4347.58,43,33.0
2025-12-29,22:02:31,68.2,3682.74,43,33.0
2025-12-29,22:02:41,67.4,3990.55,43,33.0
2025-12-29,22:02:51,67.5,3615.09,43,33.0
2025-12-29,22:03:02,68.1,3450.47,43,33.0
2025-12-29,22:03:12,67.8,3703.07,43,33.0
2025-12-29,22:03:22,65.1,3371.18,43,33.0
2025-12-29,22:03:32,62.8,3780.72,43,33.0
2025-12-29,22:03:42,68.0,3675.32,43,33.0
2025-12-29,22:03:52,66.2,3828.84,43,33.0
2025-12-29,22:04:02,66.0,3595.42,43,33.0
2025-12-29,22:04:13,66.1,3960.40,43,33.0
2025-12-29,22:04:23,66.2,4111.19,43,33.0
2025-12-29,22:04:33,65.9,3952.71,43,33.0
2025-12-29,22:04:43,66.5,3568.05,43,33.0
2025-12-29,22:04:53,66.4,4020.49,43,33.0
2025-12-29,22:05:03,66.4,3760.09,43,33.0
2025-12-29,22:05:14,66.2,3609.01,43,33.0
2025-12-29,22:05:24,65.9,3712.03,43,33.0
2025-12-29,22:05:34,66.4,3884.72,43,33.0
2025-12-29,22:05:44,66.5,3727.51,43,33.0
2025-12-29,22:05:54,66.1,3560.81,43,33.0
2025-12-29,22:06:04,66.4,3626.41,43,33.0
2025-12-29,22:06:15,66.5,4193.90,43,33.0
2025-12-29,22:06:25,66.9,3812.11,43,33.0
2025-12-29,22:06:35,66.9,3808.69,43,33.0
2025-12-29,22:06:45,65.9,4116.98,43,33.0
2025-12-29,22:06:55,66.0,3524.68,43,33.0
2025-12-29,22:07:05,66.1,3516.76,43,33.0
2025-12-29,22:07:15,66.6,3548.29,43,33.0
2025-12-29,22:07:26,62.9,3684.50,43,33.0
2025-12-29,22:07:36,59.5,3443.13,43,33.0
2025-12-29,22:07:46,62.5,3373.50,43,33.0
2025-12-29,22:07:56,65.5,4008.57,43,33.0
2025-12-29,22:08:06,65.9,3973.66,43,33.0
2025-12-29,22:08:16,66.1,3713.25,43,33.0
2025-12-29,22:08:27,66.4,3696.23,43,33.0
2025-12-29,22:08:37,65.1,3655.13,43,33.0
2025-12-29,22:08:47,65.6,3665.87,43,33.0
2025-12-29,22:08:57,65.5,3758.88,43,33.0
2025-12-29,22:09:07,65.9,4324.88,43,33.0
2025-12-29,22:09:17,66.0,3998.55,43,33.0
2025-12-29,22:09:28,66.0,4409.86,43,33.0
2025-12-29,22:09:38,66.2,3355.28,43,33.0
2025-12-29,22:09:48,66.2,3738.03,43,33.0
2025-12-29,22:09:58,65.2,3493.13,43,33.0
2025-12-29,22:10:08,65.8,3934.11,43,33.0
2025-12-29,22:10:18,66.0,4263.99,43,33.0
2025-12-29,22:10:28,66.0,3658.33,43,33.0
2025-12-29,22:10:39,66.0,3495.22,43,33.0
2025-12-29,22:10:49,65.9,3535.80,43,33.0
2025-12-29,22:10:59,65.5,3503.34,43,33.0
2025-12-29,22:11:09,65.0,3975.94,43,33.0
2025-12-29,22:11:19,67.1,3784.75,43,33.0
2025-12-29,22:11:29,63.4,4075.49,43,33.0
2025-12-29,22:11:39,62.4,3729.83,43,33.0
2025-12-29,22:11:50,67.6,3795.03,43,33.0
2025-12-29,22:12:00,67.0,4210.90,43,33.0
2025-12-29,22:12:10,67.8,3715.30,43,33.0
2025-12-29,22:12:20,68.4,4170.63,43,33.0
2025-12-29,22:12:30,66.8,3248.62,43,33.0
2025-12-29,22:12:40,67.8,3675.15,43,33.0
2025-12-29,22:12:51,67.6,3677.62,43,33.0
2025-12-29,22:13:01,67.4,3797.97,43,33.0
2025-12-29,22:13:11,66.9,3256.92,43,33.0
2025-12-29,22:13:21,67.8,4253.65,43,33.0
2025-12-29,22:13:31,67.0,4000.54,43,33.0
2025-12-29,22:13:41,67.6,3840.58,43,33.0
2025-12-29,22:13:51,68.0,3716.19,43,33.0
2025-12-29,22:14:02,68.2,4153.77,43,33.0
2025-12-29,22:14:12,66.6,4446.05,43,33.0
2025-12-29,22:14:22,67.0,3832.77,43,33.0
2025-12-29,22:14:32,67.9,4009.50,43,33.0
2025-12-29,22:14:42,67.2,3595.86,43,33.0
2025-12-29,22:14:52,67.2,3925.61,43,33.0
2025-12-29,22:15:02,67.6,3632.16,43,33.0
2025-12-29,22:15:13,67.5,3581.80,43,33.0
2025-12-29,22:15:23,67.9,3871.17,43,33.0
2025-12-29,22:15:33,63.9,4069.57,43,33.0
2025-12-29,22:15:43,60.4,4180.58,43,33.0
2025-12-29,22:15:53,70.9,3711.21,43,33.0
2025-12-29,22:16:03,66.4,4245.07,43,33.0
2025-12-29,22:16:14,66.4,4047.99,43,33.0
2025-12-29,22:16:24,66.2,3993.57,43,33.0
2025-12-29,22:16:34,66.4,3883.58,43,33.0
2025-12-29,22:16:44,65.9,3502.98,43,33.0
2025-12-29,22:16:54,65.5,4238.51,43,33.0
2025-12-29,22:17:04,65.9,3942.43,43,33.0
2025-12-29,22:17:14,65.8,3695.30,43,33.0
2025-12-29,22:17:25,65.9,3880.26,43,33.0
2025-12-29,22:17:35,66.4,3833.51,43,33.0
2025-12-29,22:17:45,66.6,3858.25,43,33.0
2025-12-29,22:17:55,66.9,4002.88,43,33.0
2025-12-29,22:18:05,66.2,3275.65,43,33.0
2025-12-29,22:18:15,66.2,3637.16,43,33.0
2025-12-29,22:18:26,65.9,3627.17,43,33.0
2025-12-29,22:18:36,67.1,3899.97,43,33.0
2025-12-29,22:18:46,66.5,3771.58,43,33.0
2025-12-29,22:18:56,66.0,3795.70,43,33.0
2025-12-29,22:19:06,66.1,3786.49,43,33.0
2025-12-29,22:19:16,65.8,3836.04,43,33.0
2025-12-29,22:19:26,66.5,3847.84,43,33.0
2025-12-29,22:19:37,64.1,3648.75,43,33.0
2025-12-29,22:19:47,60.1,3469.32,43,33.0
2025-12-29,22:19:57,70.6,3532.66,43,33.0
2025-12-29,22:20:07,66.2,3662.29,43,33.0
2025-12-29,22:20:17,65.8,3888.47,43,33.0
2025-12-29,22:20:27,66.0,4116.28,43,33.0
2025-12-29,22:20:38,65.6,3565.22,43,33.0
2025-12-29,22:20:48,66.0,4519.80,43,33.0
2025-12-29,22:20:58,66.0,4308.74,43,33.0
2025-12-29,22:21:08,66.1,3721.92,43,33.0
2025-12-29,22:21:18,65.5,3861.58,43,33.0
2025-12-29,22:21:28,65.9,4082.01,43,33.0
2025-12-29,22:21:38,66.0,4121.52,43,33.0
2025-12-29,22:21:49,66.0,3780.29,43,33.0
2025-12-29,22:21:59,65.2,3609.77,43,33.0
2025-12-29,22:22:09,65.2,3611.74,43,33.0
2025-12-29,22:22:19,65.4,3841.35,43,33.0
2025-12-29,22:22:29,65.8,4082.14,43,33.0
2025-12-29,22:22:39,65.6,3526.25,43,33.0
2025-12-29,22:22:50,66.8,3400.97,43,33.0
2025-12-29,22:23:00,65.6,4258.02,43,33.0
2025-12-29,22:23:10,66.6,4307.15,43,33.0
2025-12-29,22:23:20,65.9,3380.73,43,33.0
2025-12-29,22:23:30,65.5,4062.65,43,33.0
2025-12-29,22:23:40,64.1,3646.37,43,33.0
2025-12-29,22:23:50,62.8,3559.16,43,33.0
2025-12-29,22:24:01,70.2,3653.13,43,33.0
2025-12-29,22:24:11,67.1,3882.96,43,33.0
2025-12-29,22:24:21,67.8,3764.93,43,33.0
2025-12-29,22:24:31,66.9,3587.03,43,33.0
2025-12-29,22:24:41,67.2,3851.00,43,33.0
2025-12-29,22:24:51,67.8,4030.74,43,33.0
2025-12-29,22:25:02,67.0,4074.69,43,33.0
2025-12-29,22:25:12,66.9,3764.03,43,33.0
2025-12-29,22:25:22,67.1,3644.94,43,33.0
2025-12-29,22:25:32,68.0,3677.00,43,33.0
2025-12-29,22:25:42,68.4,3710.97,43,33.0
2025-12-29,22:25:52,67.6,3440.39,43,33.0
2025-12-29,22:26:02,67.6,3926.10,43,33.0
2025-12-29,22:26:13,66.5,3780.76,43,33.0
2025-12-29,22:26:23,67.0,3442.82,43,33.0
2025-12-29,22:26:33,67.5,4078.47,43,33.0
2025-12-29,22:26:43,67.0,3741.32,43,33.0
2025-12-29,22:26:53,67.4,4175.09,43,33.0
2025-12-29,22:27:03,67.5,3675.26,43,33.0
2025-12-29,22:27:13,67.2,4901.03,43,33.0
2025-12-29,22:27:24,67.1,3639.52,43,33.0
2025-12-29,22:27:34,67.5,3996.28,43,33.0
2025-12-29,22:27:44,67.6,4005.06,43,33.0
2025-12-29,22:27:54,63.0,3553.00,43,33.0
2025-12-29,22:28:04,60.0,3646.67,43,33.0
2025-12-29,22:28:14,69.5,3641.46,43,33.0
2025-12-29,22:28:25,66.1,3778.83,43,33.0
2025-12-29,22:28:35,66.2,3500.07,43,33.0
2025-12-29,22:28:45,66.1,3581.79,43,33.0
2025-12-29,22:28:55,65.9,3909.31,43,33.0
2025-12-29,22:29:05,65.4,3891.24,43,33.0
2025-12-29,22:29:15,66.1,3735.03,43,33.0
2025-12-29,22:29:25,65.6,3817.26,43,33.0
2025-12-29,22:29:36,66.2,3547.67,43,33.0
2025-12-29,22:29:46,66.5,3417.79,43,33.0
2025-12-29,22:29:56,66.4,3932.01,43,33.0
2025-12-29,22:30:06,66.4,4201.40,43,33.0
2025-12-29,22:30:16,66.0,3645.87,43,33.0
2025-12-29,22:30:26,66.5,3749.53,43,33.0
2025-12-29,22:30:37,65.9,3578.63,43,33.0
2025-12-29,22:30:47,66.5,3999.52,43,33.0
2025-12-29,22:30:57,66.4,4066.09,43,33.0
2025-12-29,22:31:07,66.9,3538.50,43,33.0
2025-12-29,22:31:17,66.2,4003.07,43,33.0
2025-12-29,22:31:27,65.8,4170.88,43,33.0
2025-12-29,22:31:37,66.5,3899.40,43,33.0
2025-12-29,22:31:48,65.1,3550.15,43,33.0
2025-12-29,22:31:58,62.2,4419.22,43,33.0
2025-12-29,22:32:08,60.5,3681.89,43,33.0
2025-12-29,22:32:18,68.0,4676.40,43,33.0
2025-12-29,22:32:28,65.5,4327.49,43,33.0
2025-12-29,22:32:38,66.0,4352.59,43,33.0
2025-12-29,22:32:49,65.5,4416.24,43,33.0
2025-12-29,22:32:59,65.0,3906.62,43,33.0
2025-12-29,22:33:09,65.5,4317.52,43,33.0
2025-12-29,22:33:19,65.9,3546.67,43,33.0
2025-12-29,22:33:29,64.9,3323.01,43,33.0
2025-12-29,22:33:39,65.9,3312.36,43,33.0
2025-12-29,22:33:50,65.0,3672.11,43,33.0
2025-12-29,22:34:00,65.5,3614.31,43,33.0
2025-12-29,22:34:10,65.4,3496.59,43,33.0
2025-12-29,22:34:20,66.1,4373.57,43,33.0
2025-12-29,22:34:30,65.0,4205.39,43,33.0
2025-12-29,22:34:40,64.8,4014.35,43,33.0
2025-12-29,22:34:50,66.1,3925.55,43,33.0
2025-12-29,22:35:01,66.0,3869.13,43,33.0
2025-12-29,22:35:11,65.6,3580.54,43,33.0
2025-12-29,22:35:21,65.2,3469.60,43,33.0
2025-12-29,22:35:31,64.6,3446.92,43,33.0
2025-12-29,22:35:41,65.6,3585.57,43,33.0
2025-12-29,22:35:51,66.0,3844.28,43,33.0
2025-12-29,22:36:02,65.4,3890.10,43,33.0
2025-12-29,22:36:12,59.8,3509.29,43,33.0
2025-12-29,22:36:22,69.9,3383.56,43,33.0
2025-12-29,22:36:32,67.6,3739.66,43,33.0
2025-12-29,22:36:42,66.9,3590.57,43,33.0
2025-12-29,22:36:52,67.1,3441.14,43,33.0
2025-12-29,22:37:02,67.4,3570.90,43,33.0
2025-12-29,22:37:13,66.2,4260.77,43,33.0
2025-12-29,22:37:23,67.5,4104.98,43,33.0
2025-12-29,22:37:33,67.2,3622.46,43,33.0
2025-12-29,22:37:43,67.2,3982.99,43,33.0
2025-12-29,22:37:53,67.8,3644.80,43,33.0
2025-12-29,22:38:03,66.2,3683.36,43,33.0
2025-12-29,22:38:14,67.4,3551.05,43,33.0
2025-12-29,22:38:24,68.1,3525.57,43,33.0
2025-12-29,22:38:34,67.0,3814.75,43,33.0
2025-12-29,22:38:44,67.1,3666.99,43,33.0
2025-12-29,22:38:54,68.1,3703.91,43,33.0
2025-12-29,22:39:04,67.1,3597.71,43,33.0
2025-12-29,22:39:14,67.1,3666.37,43,33.0
2025-12-29,22:39:25,67.5,3999.30,43,33.0
2025-12-29,22:39:35,66.9,3725.18,43,33.0
2025-12-29,22:39:45,67.0,3618.63,43,33.0
2025-12-29,22:39:55,66.1,3688.72,43,33.0
2025-12-29,22:40:05,67.2,3726.87,43,33.0
2025-12-29,22:40:15,62.0,3810.03,43,33.0
2025-12-29,22:40:25,58.9,3260.37,43,33.0
2025-12-29,22:40:36,68.5,3554.35,43,33.0
2025-12-29,22:40:46,66.5,3724.06,43,33.0
2025-12-29,22:40:56,65.1,3972.94,43,33.0
2025-12-29,22:41:06,65.4,3542.73,43,33.0
2025-12-29,22:41:16,65.6,4066.89,43,33.0
2025-12-29,22:41:26,65.9,3681.63,43,33.0
2025-12-29,22:41:37,66.0,3434.53,43,33.0
2025-12-29,22:41:47,65.8,3708.92,43,33.0
2025-12-29,22:41:57,66.0,3825.23,43,33.0
2025-12-29,22:42:07,65.2,3694.13,43,33.0
2025-12-29,22:42:17,65.4,3843.82,43,33.0
2025-12-29,22:42:27,65.6,3831.10,43,33.0
2025-12-29,22:42:38,66.6,3633.82,43,33.0
2025-12-29,22:42:48,65.6,4104.16,43,33.0
2025-12-29,22:42:58,65.1,3900.80,43,33.0
2025-12-29,22:43:08,65.0,3877.05,43,33.0
2025-12-29,22:43:18,65.9,3662.88,43,33.0
2025-12-29,22:43:28,65.9,4211.19,43,33.0
2025-12-29,22:43:38,66.0,4108.76,43,33.0
2025-12-29,22:43:49,65.4,3634.13,43,33.0
2025-12-29,22:43:59,65.8,3622.31,43,33.0
2025-12-29,22:44:09,66.0,3577.55,43,33.0
2025-12-29,22:44:19,62.1,3955.52,43,33.0
2025-12-29,22:44:29,60.6,4296.72,43,33.0
2025-12-29,22:44:39,71.4,3378.41,43,33.0
2025-12-29,22:44:50,66.2,3744.90,43,33.0
2025-12-29,22:45:00,65.8,4378.82,43,33.0
2025-12-29,22:45:10,65.6,3655.15,43,33.0
2025-12-29,22:45:20,66.1,4045.20,43,33.0
2025-12-29,22:45:30,65.6,3716.73,43,33.0
2025-12-29,22:45:40,65.8,4361.17,43,33.0
2025-12-29,22:45:50,65.9,4094.08,43,33.0
2025-12-29,22:46:01,66.0,3808.99,43,33.0
2025-12-29,22:46:11,66.4,3962.00,43,33.0
2025-12-29,22:46:21,65.5,3445.86,43,33.0
2025-12-29,22:46:31,65.6,3916.79,43,33.0
2025-12-29,22:46:41,65.9,3648.82,43,33.0
2025-12-29,22:46:51,65.4,3577.53,43,33.0
2025-12-29,22:47:01,65.6,3693.36,43,33.0
2025-12-29,22:47:12,66.1,3494.91,43,33.0
2025-12-29,22:47:22,65.5,3966.15,43,33.0
2025-12-29,22:47:32,65.5,3923.33,43,33.0
2025-12-29,22:47:42,66.2,3843.13,43,33.0
2025-12-29,22:47:52,66.0,3474.11,43,33.0
2025-12-29,22:48:02,65.0,4009.12,43,33.0
2025-12-29,22:48:13,66.1,3683.90,43,33.0
2025-12-29,22:48:23,64.5,3425.69,43,33.0
2025-12-29,22:48:33,62.0,3548.59,43,33.0
2025-12-29,22:48:43,67.6,3680.23,43,33.0
2025-12-29,22:48:53,67.1,3680.56,43,33.0
2025-12-29,22:49:03,67.1,4070.78,43,33.0
2025-12-29,22:49:13,68.4,3566.64,43,33.0
2025-12-29,22:49:24,67.2,3904.15,43,33.0
2025-12-29,22:49:34,67.5,3592.74,43,33.0
2025-12-29,22:49:44,67.2,3543.67,43,33.0
2025-12-29,22:49:54,66.8,3840.80,43,33.0
2025-12-29,22:50:04,67.1,3601.42,43,33.0
2025-12-29,22:50:14,67.9,4002.84,43,33.0
2025-12-29,22:50:25,66.4,4468.34,43,33.0
2025-12-29,22:50:35,67.0,4491.50,43,33.0
2025-12-29,22:50:45,67.0,3749.24,43,33.0
2025-12-29,22:50:55,66.1,3882.41,43,33.0
2025-12-29,22:51:05,66.8,3951.49,43,33.0
2025-12-29,22:51:15,68.1,3993.15,43,33.0
2025-12-29,22:51:25,66.9,3796.90,43,33.0
2025-12-29,22:51:36,67.0,3501.26,43,33.0
2025-12-29,22:51:46,68.0,3685.27,43,33.0
2025-12-29,22:51:56,67.1,3340.51,43,33.0
2025-12-29,22:52:06,67.4,3722.56,43,33.0
2025-12-29,22:52:16,67.5,4150.92,43,33.0
2025-12-29,22:52:26,66.5,4463.42,43,34.0
2025-12-29,22:52:37,66.2,3319.89,43,33.0
2025-12-29,22:52:47,60.0,3747.86,43,33.0
2025-12-29,22:52:57,70.2,3624.89,43,33.0
2025-12-29,22:53:07,66.1,3605.14,43,33.0
2025-12-29,22:53:17,67.2,3545.95,43,33.0
2025-12-29,22:53:27,66.5,4100.10,43,33.0
2025-12-29,22:53:38,65.6,4027.75,43,33.0
2025-12-29,22:53:48,66.8,4360.16,43,33.0
2025-12-29,22:53:58,67.1,4072.11,43,33.0
2025-12-29,22:54:08,66.2,4594.99,43,33.0
2025-12-29,22:54:18,66.6,3734.81,43,33.0
2025-12-29,22:54:28,67.4,4001.24,43,33.0
2025-12-29,22:54:38,67.4,4077.37,43,33.0
2025-12-29,22:54:49,68.0,4377.47,43,33.0
2025-12-29,22:54:59,68.2,4741.32,43,33.0
2025-12-29,22:55:09,67.2,4301.60,43,33.0
2025-12-29,22:55:19,67.8,4145.04,43,33.0
2025-12-29,22:55:29,68.1,4204.93,43,33.0
2025-12-29,22:55:39,67.5,4356.56,43,33.0
2025-12-29,22:55:49,67.1,4334.10,43,33.0
2025-12-29,22:56:00,67.2,4159.72,43,33.0
2025-12-29,22:56:10,67.8,4152.01,43,33.0
2025-12-29,22:56:20,67.6,4588.59,43,33.0
2025-12-29,22:56:30,68.0,3937.63,43,33.0
2025-12-29,22:56:40,65.6,4438.98,43,33.0
2025-12-29,22:56:50,65.6,4344.87,43,33.0
2025-12-29,22:57:00,73.1,4185.70,43,33.0
2025-12-29,22:57:11,67.2,4700.17,43,33.0
2025-12-29,22:57:21,67.6,4641.10,43,33.0
2025-12-29,22:57:31,68.9,4038.97,43,33.0
2025-12-29,22:57:41,67.0,4848.04,43,33.0
2025-12-29,22:57:51,67.9,4431.79,43,33.0
2025-12-29,22:58:01,68.0,4059.90,43,33.0
2025-12-29,22:58:12,67.1,4709.12,43,33.0
2025-12-29,22:58:22,68.8,3932.71,43,33.0
2025-12-29,22:58:32,67.2,4385.79,43,33.0
2025-12-29,22:58:42,67.2,4293.12,43,33.0
2025-12-29,22:58:52,68.8,4551.07,43,33.0
2025-12-29,22:59:02,66.9,3876.47,43,33.0
2025-12-29,22:59:12,67.8,4028.68,43,33.0
2025-12-29,22:59:23,68.0,4365.48,43,33.0
2025-12-29,22:59:33,67.9,3930.68,43,33.0
2025-12-29,22:59:43,67.9,4631.98,43,33.0
2025-12-29,22:59:53,67.1,4529.70,43,33.0
2025-12-29,23:00:03,68.4,4620.26,43,33.0
2025-12-29,23:00:13,68.4,4459.66,43,33.0
2025-12-29,23:00:24,67.6,4442.45,43,33.0
2025-12-29,23:00:34,67.4,4345.76,43,33.0
2025-12-29,23:00:44,67.9,4432.96,43,33.0
2025-12-29,23:00:54,68.0,4237.51,43,33.0
2025-12-29,23:01:04,65.8,3742.03,43,33.0
2025-12-29,23:01:14,65.0,3848.15,43,33.0
2025-12-29,23:01:25,71.0,4201.19,43,33.0
2025-12-29,23:01:35,68.8,4307.20,43,33.0
2025-12-29,23:01:45,70.2,4088.70,43,33.0
2025-12-29,23:01:55,68.6,4049.91,43,33.0
2025-12-29,23:02:05,68.8,4258.46,43,33.0
2025-12-29,23:02:15,69.4,4684.94,43,33.0
2025-12-29,23:02:25,69.5,4127.25,43,33.0
2025-12-29,23:02:36,69.4,4322.26,43,33.0
2025-12-29,23:02:46,68.1,4178.42,43,33.0
2025-12-29,23:02:56,69.2,3961.24,43,33.0
2025-12-29,23:03:06,68.4,3982.33,43,33.0
2025-12-29,23:03:16,69.2,4082.24,43,33.0
2025-12-29,23:03:26,68.0,4222.16,43,33.0
2025-12-29,23:03:36,69.0,4476.74,43,33.0
2025-12-29,23:03:47,68.5,4507.24,43,33.0
2025-12-29,23:03:57,69.2,4727.57,43,33.0
2025-12-29,23:04:07,68.5,4504.69,43,33.0
2025-12-29,23:04:17,69.4,4186.65,43,33.0
2025-12-29,23:04:27,69.0,4118.26,43,33.0
2025-12-29,23:04:37,70.2,4323.10,43,33.0
2025-12-29,23:04:47,69.5,4115.46,42,33.0
2025-12-29,23:04:58,69.2,4511.07,42,33.0
2025-12-29,23:05:08,68.2,4555.68,42,33.0
2025-12-29,23:05:18,68.6,4464.68,42,33.0
2025-12-29,23:05:28,64.9,4405.27,42,33.0
2025-12-29,23:05:38,65.2,4498.66,42,33.0
2025-12-29,23:05:48,73.1,4233.94,42,33.0
2025-12-29,23:05:58,68.0,4278.56,42,33.0
2025-12-29,23:06:09,67.2,4758.60,42,33.0
2025-12-29,23:06:19,67.6,3666.42,42,33.0
2025-12-29,23:06:29,67.8,3952.02,42,33.0
2025-12-29,23:06:39,68.4,4462.81,42,33.0
2025-12-29,23:06:49,68.4,4189.28,42,33.0
2025-12-29,23:06:59,67.9,3528.24,42,33.0
2025-12-29,23:07:10,67.2,3953.40,42,33.0
2025-12-29,23:07:20,66.9,4586.73,42,33.0
2025-12-29,23:07:30,67.8,4593.56,42,33.0
2025-12-29,23:07:40,67.8,4262.23,42,33.0
2025-12-29,23:07:50,67.6,4164.89,42,33.0
2025-12-29,23:08:00,67.9,4195.64,42,33.0
2025-12-29,23:08:10,67.6,4331.85,42,33.0
2025-12-29,23:08:21,67.5,4672.08,42,33.0
2025-12-29,23:08:31,67.5,3995.12,42,33.0
2025-12-29,23:08:41,67.8,4256.72,42,33.0
2025-12-29,23:08:51,68.5,4717.59,42,33.0
2025-12-29,23:09:01,67.1,4668.73,42,33.0
2025-12-29,23:09:11,68.4,4596.88,42,33.0
2025-12-29,23:09:22,67.9,4214.36,42,33.0
2025-12-29,23:09:32,67.8,4209.10,42,33.0
2025-12-29,23:09:42,67.0,4551.59,42,33.0
2025-12-29,23:09:52,63.6,4322.17,43,33.0
2025-12-29,23:10:02,73.0,4333.05,43,33.0
2025-12-29,23:10:12,66.6,4515.73,42,33.0
2025-12-29,23:10:22,67.6,4609.97,43,33.0
2025-12-29,23:10:33,66.8,3834.31,43,33.0
2025-12-29,23:10:43,69.0,4815.57,43,33.0
2025-12-29,23:10:53,67.8,4803.32,43,33.0
2025-12-29,23:11:03,67.8,4541.16,43,33.0
2025-12-29,23:11:13,69.1,4888.54,42,33.0
2025-12-29,23:11:23,67.9,4557.14,42,33.0
2025-12-29,23:11:34,69.5,4744.61,42,33.0
2025-12-29,23:11:44,69.5,4856.37,42,33.0
2025-12-29,23:11:54,68.5,4543.56,42,33.0
2025-12-29,23:12:04,68.9,4841.65,42,33.0
2025-12-29,23:12:14,69.2,4839.67,42,33.0
2025-12-29,23:12:24,69.9,4800.86,42,33.0
2025-12-29,23:12:35,68.8,4868.47,42,33.0
2025-12-29,23:12:45,69.2,4661.17,42,33.0
2025-12-29,23:12:55,68.4,4491.46,42,33.0
2025-12-29,23:13:05,69.5,4502.69,42,33.0
2025-12-29,23:13:15,68.4,4141.53,42,33.0
2025-12-29,23:13:25,68.8,4656.99,42,33.0
2025-12-29,23:13:36,67.4,4372.34,42,33.0
2025-12-29,23:13:46,68.4,4654.85,42,33.0
2025-12-29,23:13:56,67.2,4720.48,42,33.0
2025-12-29,23:14:06,68.4,4612.86,42,33.0
2025-12-29,23:14:16,68.4,4475.15,42,33.0
2025-12-29,23:14:26,68.0,4441.08,42,33.0
2025-12-29,23:14:37,64.6,4420.67,42,33.0
2025-12-29,23:14:47,65.8,4748.04,42,33.0
2025-12-29,23:14:57,64.6,4565.47,42,33.0
2025-12-29,23:15:07,74.8,4329.16,42,33.0
2025-12-29,23:15:17,80.0,3721.44,42,33.0
2025-12-29,23:15:27,75.4,4791.04,42,33.0
2025-12-29,23:15:38,75.5,4766.08,42,33.0
2025-12-29,23:15:48,70.4,3897.64,42,33.0
2025-12-29,23:15:58,69.5,3970.76,42,33.0
2025-12-29,23:16:08,68.0,3611.75,42,33.0
2025-12-29,23:16:18,68.1,3994.56,42,33.0
2025-12-29,23:16:28,68.9,3728.64,42,33.0
2025-12-29,23:16:38,67.6,4002.40,42,33.0
2025-12-29,23:16:49,68.2,4454.73,42,33.0
2025-12-29,23:16:59,68.5,4988.75,42,33.0
2025-12-29,23:17:09,66.9,4016.79,42,33.0
2025-12-29,23:17:19,67.5,4477.50,42,33.0
2025-12-29,23:17:29,68.9,3277.25,42,33.0
2025-12-29,23:17:39,67.5,3793.22,42,33.0
2025-12-29,23:17:49,68.6,4081.76,42,33.0
2025-12-29,23:18:00,68.6,3937.66,42,33.0
2025-12-29,23:18:10,67.5,4060.55,42,33.0
2025-12-29,23:18:20,68.4,4029.24,42,33.0
2025-12-29,23:18:30,68.4,4033.20,42,33.0
2025-12-29,23:18:40,66.9,4029.23,42,33.0
2025-12-29,23:18:50,67.9,3519.34,42,33.0
2025-12-29,23:19:00,65.2,3715.54,42,33.0
2025-12-29,23:19:11,63.2,3534.82,42,33.0
2025-12-29,23:19:21,62.0,3953.60,42,33.0
2025-12-29,23:19:31,67.4,3685.81,42,33.0
2025-12-29,23:19:41,66.2,3829.08,42,33.0
2025-12-29,23:19:51,66.8,4227.86,42,33.0
2025-12-29,23:20:01,66.2,3660.22,42,33.0
2025-12-29,23:20:12,66.4,3576.16,42,33.0
2025-12-29,23:20:22,66.6,3826.67,43,33.0
2025-12-29,23:20:32,66.8,3701.76,43,33.0
2025-12-29,23:20:42,65.9,3709.14,43,33.0
2025-12-29,23:20:52,67.1,4049.09,42,33.0
2025-12-29,23:21:02,66.1,3836.03,43,33.0
2025-12-29,23:21:13,65.9,3821.11,43,33.0
2025-12-29,23:21:23,66.8,3460.75,43,33.0
2025-12-29,23:21:33,66.8,3840.71,43,33.0
2025-12-29,23:21:43,66.4,3674.70,43,33.0
2025-12-29,23:21:53,66.9,3444.96,43,33.0
2025-12-29,23:22:03,67.5,3560.23,43,33.0
2025-12-29,23:22:13,67.6,4370.04,43,33.0
2025-12-29,23:22:24,68.4,4115.28,43,33.0
2025-12-29,23:22:34,67.4,4553.27,43,33.0
2025-12-29,23:22:44,67.0,4047.75,43,33.0
2025-12-29,23:22:54,67.9,4394.71,43,33.0
2025-12-29,23:23:04,64.8,3580.78,43,33.0
2025-12-29,23:23:14,62.5,4173.75,43,33.0
2025-12-29,23:23:24,72.8,3837.67,43,33.0
2025-12-29,23:23:35,67.5,4468.49,43,33.0
2025-12-29,23:23:45,67.1,4660.77,43,33.0
2025-12-29,23:23:55,67.2,3978.22,43,33.0
2025-12-29,23:24:05,67.2,4348.54,43,33.0
2025-12-29,23:24:15,67.4,4364.48,43,33.0
2025-12-29,23:24:25,67.4,3982.17,43,34.0
2025-12-29,23:24:36,67.8,4212.86,43,33.0
2025-12-29,23:24:46,66.8,4207.32,43,33.0
2025-12-29,23:24:56,68.2,3819.38,43,33.0
2025-12-29,23:25:06,67.4,3881.44,43,33.0
2025-12-29,23:25:16,67.6,4416.56,43,33.0
2025-12-29,23:25:26,66.5,3675.43,43,33.0
2025-12-29,23:25:36,67.2,3865.03,43,33.0
2025-12-29,23:25:47,67.8,4307.63,43,33.0
2025-12-29,23:25:57,67.9,4703.32,43,33.0
2025-12-29,23:26:07,67.9,4901.06,43,33.0
2025-12-29,23:26:17,67.0,4563.94,43,33.0
2025-12-29,23:26:27,66.9,4159.60,43,33.0
2025-12-29,23:26:37,68.1,4524.99,43,33.0
2025-12-29,23:26:47,66.9,3890.13,43,33.0
2025-12-29,23:26:58,67.0,4231.00,43,33.0
2025-12-29,23:27:08,67.8,3779.02,43,33.0
2025-12-29,23:27:18,67.0,3873.96,43,33.0
2025-12-29,23:27:28,61.5,3878.11,43,33.0
2025-12-29,23:27:38,71.0,3753.75,43,33.0
2025-12-29,23:27:48,68.2,3724.58,43,33.0
2025-12-29,23:27:58,67.1,3563.66,43,33.0
2025-12-29,23:28:09,68.0,4151.67,43,33.0
2025-12-29,23:28:19,68.9,3963.07,43,33.0
2025-12-29,23:28:29,67.5,4015.99,43,33.0
2025-12-29,23:28:39,68.9,4308.66,43,33.0
2025-12-29,23:28:49,67.9,4298.60,43,33.0
2025-12-29,23:28:59,66.8,4324.14,43,33.0
2025-12-29,23:29:10,67.6,3904.93,43,33.0
2025-12-29,23:29:20,68.2,3715.32,43,33.0
2025-12-29,23:29:30,67.2,4221.99,43,33.0
2025-12-29,23:29:40,67.4,3729.34,43,33.0
2025-12-29,23:29:50,68.4,3935.58,43,33.0
2025-12-29,23:30:00,68.8,3824.26,43,33.0
2025-12-29,23:30:10,67.6,3700.82,43,33.0
2025-12-29,23:30:21,68.2,4008.51,43,33.0
2025-12-29,23:30:31,68.8,3886.57,43,33.0
2025-12-29,23:30:41,67.8,3882.29,43,33.0
2025-12-29,23:30:51,68.1,3785.47,43,33.0
2025-12-29,23:31:01,68.8,4014.43,43,33.0
2025-12-29,23:31:11,68.1,3878.10,43,33.0
2025-12-29,23:31:22,64.9,3344.23,43,33.0
2025-12-29,23:31:32,61.4,3818.16,43,33.0
2025-12-29,23:31:42,63.8,3451.68,43,33.0
2025-12-29,23:31:52,62.4,3624.52,43,33.0
2025-12-29,23:32:02,66.5,3590.60,43,33.0
2025-12-29,23:32:12,66.4,4182.61,43,34.0
2025-12-29,23:32:22,67.8,3636.81,43,33.0
2025-12-29,23:32:33,66.6,4305.28,43,33.0
2025-12-29,23:32:43,67.1,3936.49,43,33.0
2025-12-29,23:32:53,67.0,4020.46,43,33.0
2025-12-29,23:33:03,66.5,3784.85,43,33.0
2025-12-29,23:33:13,66.6,4232.92,43,33.0
2025-12-29,23:33:23,67.0,3481.02,43,33.0
2025-12-29,23:33:34,66.8,3561.89,43,33.0
2025-12-29,23:33:44,67.2,3956.61,43,33.0
2025-12-29,23:33:54,66.6,4060.31,43,33.0
2025-12-29,23:34:04,66.5,3748.57,43,33.0
2025-12-29,23:34:14,66.4,4266.17,43,33.0
2025-12-29,23:34:24,66.8,4246.18,43,33.0
2025-12-29,23:34:34,66.6,4426.99,43,33.0
2025-12-29,23:34:45,66.2,3825.15,43,33.0
2025-12-29,23:34:55,65.9,4038.46,43,33.0
2025-12-29,23:35:05,66.8,3973.01,43,33.0
2025-12-29,23:35:15,66.2,3743.18,43,33.0
2025-12-29,23:35:25,64.2,4320.76,43,33.0
2025-12-29,23:35:35,63.5,4158.83,43,33.0
2025-12-29,23:35:46,64.0,4249.82,43,33.0
2025-12-29,23:35:56,66.5,4649.03,43,33.0
2025-12-29,23:36:06,65.6,3391.61,43,33.0
2025-12-29,23:36:16,65.2,3899.58,43,33.0
2025-12-29,23:36:26,65.8,3543.37,43,33.0
2025-12-29,23:36:36,66.1,3578.59,43,33.0
2025-12-29,23:36:47,66.1,3387.10,43,33.0
2025-12-29,23:36:57,65.9,3705.41,43,33.0
2025-12-29,23:37:07,65.6,3780.13,43,33.0
2025-12-29,23:37:17,66.2,3540.97,43,33.0
2025-12-29,23:37:27,66.2,4075.15,43,33.0
2025-12-29,23:37:37,65.9,3610.74,43,33.0
2025-12-29,23:37:48,66.2,3815.05,43,34.0
2025-12-29,23:37:58,65.9,3424.65,43,33.0
2025-12-29,23:38:08,65.9,3600.27,43,33.0
2025-12-29,23:38:18,65.5,3634.14,43,33.0
2025-12-29,23:38:28,65.8,3721.25,43,33.0
2025-12-29,23:38:38,66.0,3564.81,43,33.0
2025-12-29,23:38:48,66.5,3792.65,43,33.0
2025-12-29,23:38:59,66.4,3750.02,43,33.0
2025-12-29,23:39:09,65.8,3685.29,43,33.0
2025-12-29,23:39:19,66.8,3475.71,43,33.0
2025-12-29,23:39:29,63.2,3495.58,43,33.0
2025-12-29,23:39:39,61.1,4717.97,43,33.0
2025-12-29,23:39:49,67.6,4063.19,43,33.0
2025-12-29,23:40:00,67.8,4045.51,43,33.0
2025-12-29,23:40:10,67.1,3401.31,43,33.0
2025-12-29,23:40:20,67.1,4058.26,43,33.0
2025-12-29,23:40:30,66.8,4064.30,43,33.0
2025-12-29,23:40:40,67.0,3343.26,43,33.0
2025-12-29,23:40:50,69.5,3602.29,43,33.0
2025-12-29,23:41:00,67.1,3801.66,43,33.0
2025-12-29,23:41:11,67.2,3867.86,43,33.0
2025-12-29,23:41:21,68.0,3932.10,43,33.0
2025-12-29,23:41:31,66.4,4535.89,43,33.0
2025-12-29,23:41:41,66.9,3952.92,43,33.0
2025-12-29,23:41:51,68.4,3965.30,43,33.0
2025-12-29,23:42:01,67.0,3595.96,43,33.0
2025-12-29,23:42:12,67.5,3915.78,43,33.0
2025-12-29,23:42:22,67.5,3446.34,43,33.0
2025-12-29,23:42:32,68.2,3978.78,43,33.0
2025-12-29,23:42:42,67.9,3673.71,43,33.0
2025-12-29,23:42:52,67.5,4215.75,43,33.0
2025-12-29,23:43:02,67.0,4356.15,43,34.0
2025-12-29,23:43:12,66.9,3986.07,43,33.0
2025-12-29,23:43:23,67.8,3717.29,43,33.0
2025-12-29,23:43:33,67.4,4058.26,43,33.0
2025-12-29,23:43:43,65.4,3323.31,43,33.0
2025-12-29,23:43:53,65.4,3677.66,43,33.0
2025-12-29,23:44:03,70.5,4319.88,43,33.0
2025-12-29,23:44:13,66.4,3612.35,43,33.0
2025-12-29,23:44:24,66.0,3936.57,43,33.0
2025-12-29,23:44:34,65.6,3730.97,43,33.0
2025-12-29,23:44:44,66.4,3703.88,43,33.0
2025-12-29,23:44:54,66.2,3657.44,43,33.0
2025-12-29,23:45:04,66.5,3615.55,43,33.0
2025-12-29,23:45:14,66.0,3680.43,43,33.0
2025-12-29,23:45:25,66.0,3843.75,43,33.0
2025-12-29,23:45:35,66.9,3604.55,43,33.0
2025-12-29,23:45:45,65.4,4112.13,43,33.0
2025-12-29,23:45:55,65.5,4210.24,43,33.0
2025-12-29,23:46:05,66.8,3861.29,43,33.0
2025-12-29,23:46:15,65.9,3969.97,43,33.0
2025-12-29,23:46:25,66.2,4145.89,43,33.0
2025-12-29,23:46:36,66.1,4072.54,43,33.0
2025-12-29,23:46:46,66.2,3821.78,43,33.0
2025-12-29,23:46:56,65.5,4016.45,43,33.0
2025-12-29,23:47:06,65.5,3624.15,43,33.0
2025-12-29,23:47:16,66.0,3636.21,43,33.0
2025-12-29,23:47:26,66.1,3923.97,43,33.0
2025-12-29,23:47:36,66.2,3392.57,43,33.0
2025-12-29,23:47:47,64.6,3591.59,43,33.0
2025-12-29,23:47:57,64.2,3929.11,43,33.0
2025-12-29,23:48:07,71.0,3503.80,43,33.0
2025-12-29,23:48:17,66.8,3906.17,43,33.0
2025-12-29,23:48:27,65.8,3513.10,43,33.0
2025-12-29,23:48:37,65.5,4182.77,43,33.0
2025-12-29,23:48:48,65.8,3611.67,43,33.0
2025-12-29,23:48:58,65.9,3914.31,43,33.0
2025-12-29,23:49:08,66.2,3987.02,43,33.0
2025-12-29,23:49:18,65.4,3556.98,43,33.0
2025-12-29,23:49:28,65.5,3431.83,43,33.0
2025-12-29,23:49:38,65.9,3881.30,43,33.0
2025-12-29,23:49:49,65.6,3660.61,43,33.0
2025-12-29,23:49:59,66.2,3877.27,43,33.0
2025-12-29,23:50:09,65.6,3421.75,43,33.0
2025-12-29,23:50:19,66.5,3582.21,43,33.0
2025-12-29,23:50:29,65.6,4347.97,43,33.0
2025-12-29,23:50:39,65.5,3856.18,43,33.0
2025-12-29,23:50:49,66.0,3646.58,43,33.0
2025-12-29,23:51:00,66.0,3927.13,43,33.0
2025-12-29,23:51:10,66.8,3514.53,43,33.0
2025-12-29,23:51:20,65.5,4262.83,43,33.0
2025-12-29,23:51:30,66.4,3322.60,43,33.0
2025-12-29,23:51:40,66.1,3843.69,43,33.0
2025-12-29,23:51:50,63.1,3470.85,43,33.0
2025-12-29,23:52:01,62.1,3832.35,43,33.0
2025-12-29,23:52:11,61.1,3759.45,43,33.0
2025-12-29,23:52:21,66.5,3436.96,43,33.0
2025-12-29,23:52:31,68.1,3769.42,43,33.0
2025-12-29,23:52:41,68.0,4420.34,43,33.0
2025-12-29,23:52:51,67.9,4276.60,43,33.0
2025-12-29,23:53:02,67.6,4159.91,43,33.0
2025-12-29,23:53:12,67.4,3837.33,43,33.0
2025-12-29,23:53:22,68.1,4166.16,43,33.0
2025-12-29,23:53:32,66.8,3360.16,43,33.0
2025-12-29,23:53:42,67.2,3769.59,43,33.0
2025-12-29,23:53:52,68.1,3570.12,43,33.0
2025-12-29,23:54:03,67.1,3581.46,43,33.0
2025-12-29,23:54:13,67.5,3826.06,43,34.0
2025-12-29,23:54:23,68.0,3506.60,43,33.0
2025-12-29,23:54:33,67.0,3616.67,43,33.0
2025-12-29,23:54:43,68.2,3652.95,43,33.0
2025-12-29,23:54:53,67.6,4029.25,43,33.0
2025-12-29,23:55:03,67.6,3694.41,43,33.0
2025-12-29,23:55:14,68.1,3602.13,43,33.0
2025-12-29,23:55:24,67.2,4172.26,43,33.0
2025-12-29,23:55:34,67.0,3548.73,43,33.0
2025-12-29,23:55:44,67.8,3860.95,43,33.0
2025-12-29,23:55:54,67.2,3437.58,43,33.0
2025-12-29,23:56:04,63.8,3714.62,43,33.0
2025-12-29,23:56:15,62.6,3517.03,43,33.0
2025-12-29,23:56:25,70.5,3510.03,43,33.0
2025-12-29,23:56:35,66.6,4187.66,43,33.0
2025-12-29,23:56:45,66.4,3834.29,43,33.0
2025-12-29,23:56:55,66.5,3881.00,43,33.0
2025-12-29,23:57:05,65.6,3543.42,43,33.0
2025-12-29,23:57:16,66.4,3663.80,43,33.0
2025-12-29,23:57:26,66.8,3632.50,43,33.0
2025-12-29,23:57:36,66.0,3583.27,43,33.0
2025-12-29,23:57:46,66.4,4006.97,43,33.0
2025-12-29,23:57:56,65.6,3712.27,43,33.0
2025-12-29,23:58:06,67.2,3551.64,43,33.0
2025-12-29,23:58:16,65.9,3666.05,43,33.0
2025-12-29,23:58:27,66.4,3590.46,43,33.0
2025-12-29,23:58:37,66.6,3822.02,43,33.0
2025-12-29,23:58:47,65.4,4106.05,43,33.0
2025-12-29,23:58:57,66.2,3801.67,43,34.0
2025-12-29,23:59:07,65.9,3309.66,43,33.0
2025-12-29,23:59:17,66.8,3561.04,43,33.0
2025-12-29,23:59:27,66.5,3730.18,43,33.0
2025-12-29,23:59:38,65.4,3807.47,43,33.0
2025-12-29,23:59:48,66.4,3716.00,43,33.0
2025-12-29,23:59:58,65.8,3469.26,43,33.0
2025-12-30,00:00:08,64.2,3641.34,43,33.0
2025-12-30,00:00:18,62.4,3889.70,43,33.0
2025-12-30,00:00:28,70.8,3552.20,43,33.0
2025-12-30,00:00:39,67.0,3985.95,43,33.0
2025-12-30,00:00:49,65.9,4143.51,43,33.0
2025-12-30,00:00:59,66.0,3545.04,43,33.0
2025-12-30,00:01:09,65.4,4023.92,43,33.0
2025-12-30,00:01:19,65.9,4266.63,43,33.0
2025-12-30,00:01:29,66.1,3450.72,43,33.0
2025-12-30,00:01:40,66.0,3799.32,43,33.0
2025-12-30,00:01:50,65.4,4127.52,43,33.0
2025-12-30,00:02:00,66.5,3949.08,43,33.0
2025-12-30,00:02:10,66.4,3657.55,43,33.0
2025-12-30,00:02:20,65.9,3597.81,43,33.0
2025-12-30,00:02:30,66.4,4010.13,43,33.0
2025-12-30,00:02:40,65.8,3668.46,43,33.0
2025-12-30,00:02:51,66.0,4218.55,43,33.0
2025-12-30,00:03:01,67.2,3522.82,43,33.0
2025-12-30,00:03:11,66.1,4051.29,43,33.0
2025-12-30,00:03:21,65.8,3697.31,43,33.0
2025-12-30,00:03:31,65.6,3900.00,43,33.0
2025-12-30,00:03:41,66.5,3473.28,43,33.0
2025-12-30,00:03:52,66.1,4736.56,43,33.0
2025-12-30,00:04:02,65.9,3803.07,43,34.0
2025-12-30,00:04:12,63.5,3864.61,43,33.0
2025-12-30,00:04:22,62.6,4520.46,43,33.0
2025-12-30,00:04:32,64.0,3842.26,43,33.0
2025-12-30,00:04:42,68.8,3369.81,43,33.0
2025-12-30,00:04:53,67.5,3527.90,43,33.0
2025-12-30,00:05:03,68.4,3804.28,43,33.0
2025-12-30,00:05:13,67.8,3405.28,43,33.0
2025-12-30,00:05:23,67.6,4544.40,43,33.0
2025-12-30,00:05:33,67.8,3603.51,43,33.0
2025-12-30,00:05:43,68.0,3566.48,43,33.0
2025-12-30,00:05:53,67.9,3834.15,43,33.0
2025-12-30,00:06:04,67.1,3552.56,43,33.0
2025-12-30,00:06:14,67.9,3576.38,43,33.0
2025-12-30,00:06:24,67.5,3415.50,43,33.0
2025-12-30,00:06:34,67.9,4139.27,43,33.0
2025-12-30,00:06:44,68.0,3902.08,43,33.0
2025-12-30,00:06:54,67.5,3713.58,43,33.0
2025-12-30,00:07:05,67.2,4169.38,43,33.0
2025-12-30,00:07:15,66.9,3497.76,43,33.0
2025-12-30,00:07:25,67.8,3747.46,43,33.0
2025-12-30,00:07:35,67.5,3497.71,43,33.0
2025-12-30,00:07:45,67.1,3817.39,43,33.0
2025-12-30,00:07:55,68.8,3676.45,43,33.0
2025-12-30,00:08:05,67.0,3562.60,43,33.0
2025-12-30,00:08:16,67.6,3561.00,43,33.0
2025-12-30,00:08:26,63.9,3659.66,43,33.0
2025-12-30,00:08:36,60.5,4023.06,43,33.0
2025-12-30,00:08:46,70.9,3517.45,43,33.0
2025-12-30,00:08:56,66.8,3473.65,43,33.0
2025-12-30,00:09:06,66.8,3578.24,43,33.0
2025-12-30,00:09:16,65.9,3752.60,43,33.0
2025-12-30,00:09:27,65.4,3866.12,43,33.0
2025-12-30,00:09:37,66.2,3773.32,43,33.0
2025-12-30,00:09:47,66.0,3835.80,43,33.0
2025-12-30,00:09:57,67.2,3689.22,43,33.0
2025-12-30,00:10:07,66.2,3803.38,43,33.0
2025-12-30,00:10:17,65.5,4826.89,43,33.0
2025-12-30,00:10:28,66.1,4029.69,43,33.0
2025-12-30,00:10:38,65.6,4081.47,43,33.0
2025-12-30,00:10:48,66.2,3894.32,43,33.0
2025-12-30,00:10:58,65.6,3918.50,43,33.0
2025-12-30,00:11:08,65.9,3539.87,43,33.0
2025-12-30,00:11:18,65.4,3633.98,43,33.0
2025-12-30,00:11:29,66.1,3584.10,43,33.0
2025-12-30,00:11:39,66.2,3579.14,43,33.0
2025-12-30,00:11:49,66.1,3608.93,43,33.0
2025-12-30,00:11:59,66.1,3644.83,43,33.0
2025-12-30,00:12:09,66.1,3965.32,43,33.0
2025-12-30,00:12:19,66.9,4392.63,43,33.0
2025-12-30,00:12:29,63.4,4357.76,43,33.0
2025-12-30,00:12:40,58.8,4007.86,43,33.0
2025-12-30,00:12:50,70.5,3570.64,43,33.0
2025-12-30,00:13:00,67.4,3351.39,43,33.0
2025-12-30,00:13:10,66.1,3546.90,43,33.0
2025-12-30,00:13:20,65.8,3998.46,43,33.0
2025-12-30,00:13:30,65.8,3667.04,43,33.0
2025-12-30,00:13:41,65.5,3787.07,43,33.0
2025-12-30,00:13:51,65.5,3833.94,43,33.0
2025-12-30,00:14:01,65.2,4013.21,43,33.0
2025-12-30,00:14:11,65.5,3734.73,43,33.0
2025-12-30,00:14:21,65.6,3776.12,43,33.0
2025-12-30,00:14:31,65.5,3630.27,43,33.0
2025-12-30,00:14:41,65.4,3625.03,43,33.0
2025-12-30,00:14:52,66.1,3794.46,43,33.0
2025-12-30,00:15:02,65.1,3927.14,43,34.0
2025-12-30,00:15:12,65.6,3992.30,43,33.0
2025-12-30,00:15:22,66.0,3528.86,43,33.0
2025-12-30,00:15:32,66.4,3797.43,43,33.0
2025-12-30,00:15:42,66.0,3873.93,43,33.0
2025-12-30,00:15:53,66.0,3459.52,43,33.0
2025-12-30,00:16:03,65.5,3693.55,43,33.0
2025-12-30,00:16:13,64.6,4313.89,43,33.0
2025-12-30,00:16:23,65.5,3397.31,43,33.0
2025-12-30,00:16:33,67.0,3766.85,43,33.0
2025-12-30,00:16:43,63.1,3466.85,43,33.0
2025-12-30,00:16:53,60.5,3455.56,43,33.0
2025-12-30,00:17:04,68.8,3833.63,43,33.0
2025-12-30,00:17:14,67.6,3735.02,43,33.0
2025-12-30,00:17:24,67.9,3883.85,43,33.0
2025-12-30,00:17:34,66.8,3946.50,43,33.0
2025-12-30,00:17:44,67.8,3897.14,43,33.0
2025-12-30,00:17:54,67.8,3451.17,43,33.0
2025-12-30,00:18:04,67.6,3771.57,43,33.0
2025-12-30,00:18:15,67.5,4139.86,43,33.0
2025-12-30,00:18:25,67.9,3687.96,43,33.0
2025-12-30,00:18:35,67.5,4081.93,43,33.0
2025-12-30,00:18:45,67.8,4077.60,43,33.0
2025-12-30,00:18:55,67.8,3896.46,43,33.0
2025-12-30,00:19:05,67.1,3958.58,43,33.0
2025-12-30,00:19:16,67.8,3846.47,43,33.0
2025-12-30,00:19:26,68.8,3788.60,43,33.0
2025-12-30,00:19:36,67.4,4530.86,43,33.0
2025-12-30,00:19:46,67.9,4117.45,43,33.0
2025-12-30,00:19:56,68.5,4656.92,43,33.0
2025-12-30,00:20:06,67.9,3771.59,43,33.0
2025-12-30,00:20:16,67.9,4010.20,43,33.0
2025-12-30,00:20:27,67.9,4143.52,43,33.0
2025-12-30,00:20:37,67.4,3591.65,43,33.0
2025-12-30,00:20:47,64.8,3901.31,43,33.0
2025-12-30,00:20:57,63.5,3831.00,43,33.0
2025-12-30,00:21:07,69.6,3661.92,43,33.0
2025-12-30,00:21:17,68.5,3891.21,43,33.0
2025-12-30,00:21:28,66.5,3793.05,43,33.0
2025-12-30,00:21:38,66.5,3600.27,43,33.0
2025-12-30,00:21:48,66.4,4242.69,43,33.0
2025-12-30,00:21:58,66.1,3673.67,43,33.0
2025-12-30,00:22:08,66.4,4311.53,43,33.0
2025-12-30,00:22:18,66.0,3680.79,43,33.0
2025-12-30,00:22:28,66.4,3860.17,43,33.0
2025-12-30,00:22:39,66.1,4066.80,43,33.0
2025-12-30,00:22:49,66.0,3954.64,43,33.0
2025-12-30,00:22:59,66.2,3463.40,43,33.0
2025-12-30,00:23:09,66.5,3622.99,43,33.0
2025-12-30,00:23:19,66.4,3978.41,43,33.0
2025-12-30,00:23:29,67.2,3313.24,43,33.0
2025-12-30,00:23:40,67.5,4629.29,43,33.0
2025-12-30,00:23:50,66.0,3882.91,43,33.0
2025-12-30,00:24:00,65.9,4072.63,43,33.0
2025-12-30,00:24:10,67.0,3796.93,43,33.0
2025-12-30,00:24:20,66.9,4273.19,43,33.0
2025-12-30,00:24:30,66.4,4375.47,43,33.0
2025-12-30,00:24:40,66.4,3647.50,43,33.0
2025-12-30,00:24:51,64.6,4222.73,43,33.0
2025-12-30,00:25:01,63.1,3863.64,43,33.0
2025-12-30,00:25:11,70.4,3931.88,43,33.0
2025-12-30,00:25:21,68.6,3418.43,43,33.0
2025-12-30,00:25:31,66.9,3717.94,43,33.0
2025-12-30,00:25:41,66.1,3762.16,43,33.0
2025-12-30,00:25:52,66.0,3892.56,43,33.0
2025-12-30,00:26:02,66.6,3798.71,43,33.0
2025-12-30,00:26:12,66.8,3806.26,43,33.0
2025-12-30,00:26:22,66.8,3864.89,43,33.0
2025-12-30,00:26:32,66.1,4156.87,43,33.0
2025-12-30,00:26:42,65.8,3360.44,43,33.0
2025-12-30,00:26:52,66.0,4398.26,43,33.0
2025-12-30,00:27:03,66.5,3847.05,43,33.0
2025-12-30,00:27:13,67.2,3935.24,43,33.0
2025-12-30,00:27:23,66.2,3810.36,43,33.0
2025-12-30,00:27:33,66.8,3493.27,43,33.0
2025-12-30,00:27:43,66.5,4344.89,43,33.0
2025-12-30,00:27:53,66.4,3988.39,43,33.0
2025-12-30,00:28:04,66.9,3450.76,43,33.0
2025-12-30,00:28:14,66.0,4060.55,43,33.0
2025-12-30,00:28:24,66.4,3685.34,43,33.0
2025-12-30,00:28:34,66.8,3811.66,43,33.0
2025-12-30,00:28:44,66.6,3587.43,43,33.0
2025-12-30,00:28:54,66.6,4165.25,43,33.0
2025-12-30,00:29:04,65.2,3650.90,43,33.0
2025-12-30,00:29:15,64.1,3794.11,43,33.0
2025-12-30,00:29:25,71.8,4250.75,43,33.0
2025-12-30,00:29:35,68.6,4110.96,43,33.0
2025-12-30,00:29:45,67.6,4058.94,43,33.0
2025-12-30,00:29:55,67.2,3754.18,43,33.0
2025-12-30,00:30:05,69.2,4076.83,43,33.0
2025-12-30,00:30:15,66.6,3980.31,43,33.0
2025-12-30,00:30:26,67.1,3778.51,43,33.0
2025-12-30,00:30:36,68.1,4341.65,43,33.0
2025-12-30,00:30:46,68.1,4262.26,43,33.0
2025-12-30,00:30:56,67.6,3930.39,43,33.0
2025-12-30,00:31:06,68.1,3624.16,43,33.0
2025-12-30,00:31:16,68.6,3974.34,43,33.0
2025-12-30,00:31:26,67.5,4006.55,43,33.0
2025-12-30,00:31:37,68.4,3873.19,43,33.0
2025-12-30,00:31:47,66.8,3643.72,43,33.0
2025-12-30,00:31:57,67.2,4146.65,43,33.0
2025-12-30,00:32:07,68.2,3693.45,43,33.0
2025-12-30,00:32:17,66.9,3546.06,43,33.0
2025-12-30,00:32:27,67.8,3711.08,43,33.0
2025-12-30,00:32:38,68.6,4094.99,43,33.0
2025-12-30,00:32:48,67.8,4117.80,43,33.0
2025-12-30,00:32:58,68.2,3737.57,43,33.0
2025-12-30,00:33:08,67.4,3696.29,43,33.0
2025-12-30,00:33:18,64.0,4183.25,43,33.0
2025-12-30,00:33:28,62.6,3928.09,43,33.0
2025-12-30,00:33:38,71.1,3983.20,43,33.0
2025-12-30,00:33:49,67.5,3663.78,43,33.0
2025-12-30,00:33:59,66.4,3667.76,43,33.0
2025-12-30,00:34:09,66.6,4223.00,43,33.0
2025-12-30,00:34:19,66.8,4120.63,43,33.0
2025-12-30,00:34:29,66.5,4311.04,43,33.0
2025-12-30,00:34:39,66.4,4201.61,43,33.0
2025-12-30,00:34:50,66.2,3668.43,43,33.0
2025-12-30,00:35:00,66.6,4065.03,43,33.0
2025-12-30,00:35:10,66.6,4142.89,43,33.0
2025-12-30,00:35:20,66.6,4026.73,43,33.0
2025-12-30,00:35:30,67.4,4711.97,43,33.0
2025-12-30,00:35:40,66.9,3875.38,43,33.0
2025-12-30,00:35:50,66.2,4072.41,43,33.0
2025-12-30,00:36:01,66.6,3631.06,43,33.0
2025-12-30,00:36:11,66.4,4325.43,43,33.0
2025-12-30,00:36:21,66.5,4460.05,43,33.0
2025-12-30,00:36:31,66.2,3744.16,43,33.0
2025-12-30,00:36:41,67.4,4441.25,43,33.0
2025-12-30,00:36:51,67.9,3605.97,43,33.0
2025-12-30,00:37:01,67.4,3602.12,43,33.0
2025-12-30,00:37:12,67.8,4071.19,43,33.0
2025-12-30,00:37:22,65.6,3731.05,43,33.0
2025-12-30,00:37:32,63.6,3475.28,43,33.0
2025-12-30,00:37:42,67.6,4460.52,43,33.0
2025-12-30,00:37:52,67.8,4153.46,43,33.0
2025-12-30,00:38:02,67.0,3978.51,43,33.0
2025-12-30,00:38:13,67.2,4067.97,43,33.0
2025-12-30,00:38:23,66.1,3675.31,43,33.0
2025-12-30,00:38:33,66.0,3885.79,43,33.0
2025-12-30,00:38:43,66.2,3893.84,43,33.0
2025-12-30,00:38:53,66.4,3693.20,43,33.0
2025-12-30,00:39:03,67.0,3813.54,43,33.0
2025-12-30,00:39:13,66.2,3715.43,43,33.0
2025-12-30,00:39:24,66.4,3913.27,43,33.0
2025-12-30,00:39:34,66.4,3778.22,43,33.0
2025-12-30,00:39:44,67.2,3715.36,43,33.0
2025-12-30,00:39:54,67.0,3861.00,43,33.0
2025-12-30,00:40:04,66.4,3905.33,43,33.0
2025-12-30,00:40:14,67.4,4174.09,43,33.0
2025-12-30,00:40:24,66.5,3876.70,43,33.0
2025-12-30,00:40:35,66.2,4541.30,43,33.0
2025-12-30,00:40:45,66.6,4250.45,43,33.0
2025-12-30,00:40:55,67.4,3837.19,43,33.0
2025-12-30,00:41:05,66.6,4206.44,43,33.0
2025-12-30,00:41:15,66.4,4028.22,43,33.0
2025-12-30,00:41:25,64.4,3814.77,43,33.0
2025-12-30,00:41:36,63.5,3498.20,43,33.0
2025-12-30,00:41:46,64.0,3558.93,43,33.0
2025-12-30,00:41:56,69.1,4427.11,43,33.0
2025-12-30,00:42:06,68.2,3640.83,43,33.0
2025-12-30,00:42:16,68.4,4372.90,43,33.0
2025-12-30,00:42:26,68.1,4198.35,43,33.0
2025-12-30,00:42:36,68.4,3993.45,43,33.0
2025-12-30,00:42:47,67.1,3675.54,43,33.0
2025-12-30,00:42:57,68.4,4781.29,43,33.0
2025-12-30,00:43:07,68.5,4354.05,43,33.0
2025-12-30,00:43:17,68.1,3877.05,43,33.0
2025-12-30,00:43:27,68.6,3879.90,43,33.0
2025-12-30,00:43:37,68.6,3659.65,43,33.0
2025-12-30,00:43:48,68.2,3750.98,43,33.0
2025-12-30,00:43:58,68.9,3833.28,43,33.0
2025-12-30,00:44:08,68.1,3692.05,43,33.0
2025-12-30,00:44:18,68.2,4184.77,43,33.0
2025-12-30,00:44:28,68.2,3961.97,43,33.0
2025-12-30,00:44:38,68.2,3519.57,43,33.0
2025-12-30,00:44:48,68.5,3791.64,43,33.0
2025-12-30,00:44:59,68.1,3767.87,43,33.0
2025-12-30,00:45:09,67.9,4292.53,43,33.0
2025-12-30,00:45:19,67.6,4141.03,43,33.0
2025-12-30,00:45:29,67.2,4095.05,43,33.0
2025-12-30,00:45:39,65.2,4447.34,43,33.0
2025-12-30,00:45:49,63.4,4009.77,43,33.0
2025-12-30,00:45:59,61.4,4352.93,43,33.0
2025-12-30,00:46:10,67.8,4212.90,43,33.0
2025-12-30,00:46:20,66.5,4017.55,43,33.0
2025-12-30,00:46:30,66.4,3813.12,43,33.0
2025-12-30,00:46:40,66.6,3420.12,43,33.0
2025-12-30,00:46:50,67.1,4019.82,43,33.0
2025-12-30,00:47:00,67.0,4497.45,43,33.0
2025-12-30,00:47:11,66.8,3826.49,43,33.0
2025-12-30,00:47:21,66.8,3725.01,43,33.0
2025-12-30,00:47:31,67.0,3812.38,43,33.0
2025-12-30,00:47:41,67.0,3901.83,43,33.0
2025-12-30,00:47:51,67.1,3608.35,43,33.0
2025-12-30,00:48:01,67.1,4045.13,43,33.0
2025-12-30,00:48:11,67.2,4675.67,43,33.0
2025-12-30,00:48:22,67.5,4135.69,43,33.0
2025-12-30,00:48:32,66.6,4005.35,43,33.0
2025-12-30,00:48:42,66.8,4044.58,43,33.0
2025-12-30,00:48:52,67.0,4089.92,43,33.0
2025-12-30,00:49:02,66.9,4075.49,43,33.0
2025-12-30,00:49:12,66.6,4280.99,43,33.0
2025-12-30,00:49:23,66.5,4240.40,43,33.0
2025-12-30,00:49:33,66.5,3989.73,43,33.0
2025-12-30,00:49:43,65.0,4065.27,43,33.0
2025-12-30,00:49:53,63.8,4026.85,43,33.0
2025-12-30,00:50:03,60.9,4069.44,43,33.0
2025-12-30,00:50:13,67.4,4188.67,43,33.0
2025-12-30,00:50:24,66.2,3889.33,43,33.0
2025-12-30,00:50:34,66.2,4481.01,43,33.0
2025-12-30,00:50:44,67.0,4376.43,43,33.0
2025-12-30,00:50:54,66.5,4286.09,43,33.0
2025-12-30,00:51:04,66.4,4102.95,43,33.0
2025-12-30,00:51:14,66.8,4734.30,43,33.0
2025-12-30,00:51:24,66.4,3688.13,43,33.0
2025-12-30,00:51:35,66.8,3901.19,43,33.0
2025-12-30,00:51:45,66.5,4142.59,43,33.0
2025-12-30,00:51:55,66.9,3961.34,43,33.0
2025-12-30,00:52:05,66.8,3987.12,43,33.0
2025-12-30,00:52:15,67.6,3934.69,43,33.0
2025-12-30,00:52:25,66.4,4160.23,43,33.0
2025-12-30,00:52:36,67.2,3872.89,43,33.0
2025-12-30,00:52:46,66.0,3605.69,43,33.0
2025-12-30,00:52:56,66.5,4206.38,43,33.0
2025-12-30,00:53:06,66.5,3942.31,43,33.0
2025-12-30,00:53:16,66.4,3323.28,43,33.0
2025-12-30,00:53:26,65.9,4009.87,43,33.0
2025-12-30,00:53:36,66.2,3597.87,43,33.0
2025-12-30,00:53:47,66.6,3507.38,43,33.0
2025-12-30,00:53:57,64.8,4011.19,43,33.0
2025-12-30,00:54:07,60.2,3695.14,43,33.0
2025-12-30,00:54:17,71.0,4292.85,43,33.0
2025-12-30,00:54:27,67.4,4546.04,43,33.0
2025-12-30,00:54:37,67.9,4112.65,43,33.0
2025-12-30,00:54:47,67.5,3632.39,43,33.0
2025-12-30,00:54:58,67.0,3404.80,43,33.0
2025-12-30,00:55:08,68.4,3652.30,43,33.0
2025-12-30,00:55:18,66.8,3577.37,43,33.0
2025-12-30,00:55:28,68.0,3622.65,43,33.0
2025-12-30,00:55:38,68.0,3676.92,43,33.0
2025-12-30,00:55:48,67.8,4931.36,43,33.0
2025-12-30,00:55:59,68.0,4629.18,43,33.0
2025-12-30,00:56:09,67.5,4019.22,43,33.0
2025-12-30,00:56:19,67.0,3777.02,43,33.0
2025-12-30,00:56:29,67.8,3345.36,43,33.0
2025-12-30,00:56:39,67.2,3821.87,43,33.0
2025-12-30,00:56:49,67.4,3549.93,43,33.0
2025-12-30,00:56:59,68.0,4199.24,43,33.0
2025-12-30,00:57:10,66.9,4172.18,43,33.0
2025-12-30,00:57:20,68.0,3734.25,43,33.0
2025-12-30,00:57:30,66.9,4246.93,43,33.0
2025-12-30,00:57:40,67.5,3531.54,43,33.0
2025-12-30,00:57:50,68.2,3631.80,43,33.0
2025-12-30,00:58:00,67.0,3658.72,43,33.0
2025-12-30,00:58:11,63.6,4199.28,43,33.0
2025-12-30,00:58:21,60.9,3909.93,43,33.0
2025-12-30,00:58:31,70.1,4114.84,43,33.0
2025-12-30,00:58:41,66.5,4297.63,43,33.0
2025-12-30,00:58:51,66.0,4175.43,43,33.0
2025-12-30,00:59:01,66.2,3655.16,43,33.0
2025-12-30,00:59:12,66.6,3289.14,43,33.0
2025-12-30,00:59:22,66.0,3665.43,43,33.0
2025-12-30,00:59:32,66.1,3938.61,43,33.0
2025-12-30,00:59:42,66.0,3678.90,43,33.0
2025-12-30,00:59:52,66.6,3959.74,43,33.0
2025-12-30,01:00:02,66.5,3970.18,43,33.0
2025-12-30,01:00:12,65.5,3755.09,43,33.0
2025-12-30,01:00:23,66.1,4008.20,43,33.0
2025-12-30,01:00:33,66.4,3461.16,43,33.0
2025-12-30,01:00:43,66.1,3775.37,43,33.0
2025-12-30,01:00:53,67.1,3869.85,43,33.0
2025-12-30,01:01:03,66.0,3899.34,43,33.0
2025-12-30,01:01:13,65.6,4029.73,43,33.0
2025-12-30,01:01:24,65.8,4027.57,43,33.0
2025-12-30,01:01:34,65.8,3840.87,43,33.0
2025-12-30,01:01:44,66.2,3495.78,43,33.0
2025-12-30,01:01:54,65.6,3885.75,43,33.0
2025-12-30,01:02:04,66.4,3892.16,43,33.0
2025-12-30,01:02:14,63.6,3801.22,43,33.0
2025-12-30,01:02:24,62.5,3855.01,43,33.0
2025-12-30,01:02:35,60.8,3954.02,43,33.0
2025-12-30,01:02:45,66.9,3646.91,43,33.0
2025-12-30,01:02:55,66.2,4030.26,43,33.0
2025-12-30,01:03:05,66.2,4035.90,43,33.0
2025-12-30,01:03:15,66.4,3733.61,43,33.0
2025-12-30,01:03:25,65.9,3759.51,43,33.0
2025-12-30,01:03:36,66.1,3780.80,43,33.0
2025-12-30,01:03:46,66.2,3871.18,43,33.0
2025-12-30,01:03:56,66.1,3927.45,43,33.0
2025-12-30,01:04:06,66.1,4000.50,43,33.0
2025-12-30,01:04:16,65.5,3735.54,43,33.0
2025-12-30,01:04:26,65.9,3896.85,43,33.0
2025-12-30,01:04:36,66.6,3810.04,43,34.0
2025-12-30,01:04:47,66.1,3741.28,43,33.0
2025-12-30,01:04:57,65.5,4081.57,43,33.0
2025-12-30,01:05:07,66.9,3929.57,43,33.0
2025-12-30,01:05:17,65.9,3939.85,43,33.0
2025-12-30,01:05:27,65.6,4591.58,43,33.0
2025-12-30,01:05:37,66.5,3742.26,43,33.0
2025-12-30,01:05:48,66.0,3887.08,43,33.0
2025-12-30,01:05:58,66.2,4066.64,43,33.0
2025-12-30,01:06:08,66.4,4003.14,43,33.0
2025-12-30,01:06:18,67.4,3734.05,43,33.0
2025-12-30,01:06:28,64.9,3601.93,43,33.0
2025-12-30,01:06:38,59.5,3777.58,43,33.0
2025-12-30,01:06:49,69.4,3824.91,43,33.0
2025-12-30,01:06:59,67.6,4701.29,43,33.0
2025-12-30,01:07:09,67.5,3730.89,43,33.0
2025-12-30,01:07:19,67.4,3763.01,43,33.0
2025-12-30,01:07:29,68.0,4536.41,43,33.0
2025-12-30,01:07:39,66.9,3473.30,43,33.0
2025-12-30,01:07:49,67.6,3341.51,43,33.0
2025-12-30,01:08:00,67.9,3726.15,43,33.0
2025-12-30,01:08:10,67.4,4861.17,43,33.0
2025-12-30,01:08:20,68.5,4048.93,43,33.0
2025-12-30,01:08:30,67.1,3545.68,43,33.0
2025-12-30,01:08:40,67.2,3967.27,43,33.0
2025-12-30,01:08:50,66.2,4143.64,43,33.0
2025-12-30,01:09:00,66.9,4161.49,43,33.0
2025-12-30,01:09:11,68.0,4039.28,43,33.0
2025-12-30,01:09:21,67.0,3459.70,43,33.0
2025-12-30,01:09:31,67.5,3621.06,43,33.0
2025-12-30,01:09:41,66.6,3553.31,43,33.0
2025-12-30,01:09:51,67.8,3916.21,43,33.0
2025-12-30,01:10:01,67.4,3581.00,43,33.0
2025-12-30,01:10:12,67.4,3599.51,43,33.0
2025-12-30,01:10:22,67.9,3548.21,43,33.0
2025-12-30,01:10:32,68.6,4146.18,43,33.0
2025-12-30,01:10:42,64.6,4537.47,43,33.0
2025-12-30,01:10:52,62.4,4001.87,43,33.0
2025-12-30,01:11:02,70.6,3713.41,43,33.0
2025-12-30,01:11:12,66.4,3682.71,43,33.0
2025-12-30,01:11:23,66.6,3843.01,43,33.0
2025-12-30,01:11:33,66.6,3746.31,43,33.0
2025-12-30,01:11:43,65.4,3708.67,43,33.0
2025-12-30,01:11:53,65.6,4473.05,43,33.0
2025-12-30,01:12:03,65.8,3926.94,43,33.0
2025-12-30,01:12:13,65.8,4145.19,43,33.0
2025-12-30,01:12:23,66.2,3717.08,43,33.0
2025-12-30,01:12:34,66.5,3526.21,43,33.0
2025-12-30,01:12:44,65.6,3596.38,43,33.0
2025-12-30,01:12:54,65.5,3640.98,43,33.0
2025-12-30,01:13:04,66.2,3550.02,43,33.0
2025-12-30,01:13:14,66.9,3874.52,43,33.0
2025-12-30,01:13:24,66.2,4005.22,43,33.0
2025-12-30,01:13:35,66.2,3730.32,43,33.0
2025-12-30,01:13:45,66.6,3814.01,43,33.0
2025-12-30,01:13:55,65.9,3837.33,43,33.0
2025-12-30,01:14:05,65.9,3601.50,43,33.0
2025-12-30,01:14:15,66.4,4319.37,43,33.0
2025-12-30,01:14:25,66.0,4086.16,43,33.0
2025-12-30,01:14:35,67.2,3649.25,43,33.0
2025-12-30,01:14:46,65.0,3589.71,43,33.0
2025-12-30,01:14:56,62.5,3925.52,43,33.0
2025-12-30,01:15:06,71.5,4491.93,43,33.0
2025-12-30,01:15:16,65.4,3624.82,43,33.0
2025-12-30,01:15:26,66.1,4033.76,43,33.0
2025-12-30,01:15:36,65.6,4084.24,43,33.0
2025-12-30,01:15:47,65.9,3804.13,43,33.0
2025-12-30,01:15:57,66.5,3906.60,43,33.0
2025-12-30,01:16:07,67.1,3856.58,43,33.0
2025-12-30,01:16:17,65.9,4286.06,43,33.0
2025-12-30,01:16:27,66.8,3719.32,43,33.0
2025-12-30,01:16:37,66.5,4098.98,43,33.0
2025-12-30,01:16:47,66.1,4054.68,43,33.0
2025-12-30,01:16:58,66.1,3982.98,43,33.0
2025-12-30,01:17:08,66.8,4004.21,43,33.0
2025-12-30,01:17:18,65.8,4419.61,43,33.0
2025-12-30,01:17:28,67.1,3668.02,43,33.0
2025-12-30,01:17:38,66.8,4129.22,43,33.0
2025-12-30,01:17:48,66.5,4355.04,43,33.0
2025-12-30,01:17:58,66.0,3779.23,43,33.0
2025-12-30,01:18:09,67.5,3705.81,43,33.0
2025-12-30,01:18:19,65.6,4015.58,43,33.0
2025-12-30,01:18:29,66.4,3985.85,43,33.0
2025-12-30,01:18:39,66.4,3815.49,43,33.0
2025-12-30,01:18:49,65.8,4025.57,43,33.0
2025-12-30,01:18:59,65.1,4035.83,43,33.0
2025-12-30,01:19:10,63.8,4078.76,43,33.0
2025-12-30,01:19:20,71.9,4634.54,43,33.0
2025-12-30,01:19:30,67.1,3982.42,43,33.0
2025-12-30,01:19:40,68.1,3895.90,43,33.0
2025-12-30,01:19:50,67.2,3597.77,43,33.0
2025-12-30,01:20:00,68.2,4555.13,43,33.0
2025-12-30,01:20:10,68.4,3821.88,43,33.0
2025-12-30,01:20:21,67.9,3810.35,43,33.0
2025-12-30,01:20:31,68.2,3971.09,43,33.0
2025-12-30,01:20:41,68.5,3643.74,43,33.0
2025-12-30,01:20:51,68.1,3987.75,43,33.0
2025-12-30,01:21:01,68.1,3594.69,43,33.0
2025-12-30,01:21:11,68.6,3773.00,43,33.0
2025-12-30,01:21:22,68.1,4215.94,43,33.0
2025-12-30,01:21:32,67.9,3557.36,43,33.0
2025-12-30,01:21:42,67.9,4082.16,43,33.0
2025-12-30,01:21:52,68.1,4275.19,43,33.0
2025-12-30,01:22:02,68.1,3915.60,43,33.0
2025-12-30,01:22:12,66.9,3619.34,43,33.0
2025-12-30,01:22:22,68.4,3920.98,43,33.0
2025-12-30,01:22:33,66.8,3897.49,43,33.0
2025-12-30,01:22:43,67.8,3707.53,43,33.0
2025-12-30,01:22:53,68.2,3811.06,43,33.0
2025-12-30,01:23:03,67.2,4388.08,43,33.0
2025-12-30,01:23:13,64.1,3502.10,43,33.0
2025-12-30,01:23:23,60.8,3836.87,43,33.0
2025-12-30,01:23:34,67.8,3653.39,43,33.0
2025-12-30,01:23:44,65.2,3940.96,43,33.0
2025-12-30,01:23:54,66.1,3956.83,43,33.0
2025-12-30,01:24:04,66.4,3762.25,43,33.0
2025-12-30,01:24:14,66.0,4031.20,43,33.0
2025-12-30,01:24:24,66.4,4040.58,43,33.0
2025-12-30,01:24:34,66.1,3971.37,43,33.0
2025-12-30,01:24:45,66.1,4206.75,43,33.0
2025-12-30,01:24:55,66.4,3809.75,43,33.0
2025-12-30,01:25:05,66.2,4077.11,43,33.0
2025-12-30,01:25:15,67.2,3920.70,43,33.0
2025-12-30,01:25:25,66.0,3680.96,43,33.0
2025-12-30,01:25:35,66.5,3598.42,43,33.0
2025-12-30,01:25:46,66.2,3987.33,43,33.0
2025-12-30,01:25:56,66.5,3568.37,43,33.0
2025-12-30,01:26:06,67.1,3808.87,43,33.0
2025-12-30,01:26:16,66.4,3722.51,43,33.0
2025-12-30,01:26:26,67.1,3441.83,43,33.0
2025-12-30,01:26:36,66.9,4112.08,43,33.0
2025-12-30,01:26:46,66.5,4379.21,43,33.0
2025-12-30,01:26:57,66.5,3868.13,43,33.0
2025-12-30,01:27:07,65.9,3884.05,43,33.0
2025-12-30,01:27:17,65.4,3810.32,43,33.0
2025-12-30,01:27:27,60.2,4223.19,43,33.0
2025-12-30,01:27:37,62.2,4390.13,43,33.0
2025-12-30,01:27:47,66.5,3920.82,43,33.0
2025-12-30,01:27:58,66.0,3752.13,43,33.0
2025-12-30,01:28:08,66.4,4038.09,43,33.0
2025-12-30,01:28:18,66.1,3751.62,43,33.0
2025-12-30,01:28:28,66.2,3842.73,43,33.0
2025-12-30,01:28:38,65.5,4122.93,43,33.0
2025-12-30,01:28:48,66.1,4158.33,43,33.0
2025-12-30,01:28:58,65.6,3935.42,43,33.0
2025-12-30,01:29:09,66.5,4437.29,43,33.0
2025-12-30,01:29:19,65.2,4015.94,43,33.0
2025-12-30,01:29:29,65.6,3885.92,43,33.0
2025-12-30,01:29:39,66.2,4767.44,43,33.0
2025-12-30,01:29:49,66.1,3819.04,43,33.0
2025-12-30,01:29:59,66.0,3701.81,43,33.0
2025-12-30,01:30:10,66.8,3957.11,43,33.0
2025-12-30,01:30:20,66.1,4138.14,43,33.0
2025-12-30,01:30:30,65.9,4180.82,43,33.0
2025-12-30,01:30:40,66.2,4081.53,43,33.0
2025-12-30,01:30:50,66.6,3817.18,43,33.0
2025-12-30,01:31:00,66.0,4489.36,43,33.0
2025-12-30,01:31:10,66.0,3920.17,43,33.0
2025-12-30,01:31:21,66.9,3992.16,43,33.0
2025-12-30,01:31:31,64.6,4011.79,43,33.0
2025-12-30,01:31:41,61.8,3485.26,43,33.0
2025-12-30,01:31:51,71.6,3834.56,43,33.0
2025-12-30,01:32:01,67.5,3931.37,43,33.0
2025-12-30,01:32:11,67.9,4188.81,43,33.0
2025-12-30,01:32:21,68.1,4100.30,43,33.0
2025-12-30,01:32:32,68.0,4047.70,43,33.0
2025-12-30,01:32:42,68.1,4142.29,43,33.0
2025-12-30,01:32:52,67.1,3403.78,43,33.0
2025-12-30,01:33:02,67.6,3555.35,43,33.0
2025-12-30,01:33:12,68.1,4171.13,43,33.0
2025-12-30,01:33:22,67.5,4190.01,43,33.0
2025-12-30,01:33:33,68.4,3792.71,43,33.0
2025-12-30,01:33:43,66.9,4177.32,43,33.0
2025-12-30,01:33:53,68.5,4377.89,43,33.0
2025-12-30,01:34:03,67.2,3888.42,43,33.0
2025-12-30,01:34:13,68.2,3969.04,43,33.0
2025-12-30,01:34:23,68.4,3858.04,43,33.0
2025-12-30,01:34:33,66.9,4344.07,43,33.0
2025-12-30,01:34:44,68.4,3736.50,43,33.0
2025-12-30,01:34:54,67.2,4185.08,43,33.0
2025-12-30,01:35:04,68.6,4087.62,43,33.0
2025-12-30,01:35:14,68.4,3823.55,43,33.0
2025-12-30,01:35:24,67.8,3794.96,43,33.0
2025-12-30,01:35:34,67.6,3714.75,43,33.0
2025-12-30,01:35:45,64.5,3754.47,43,33.0
2025-12-30,01:35:55,63.8,3893.96,43,33.0
2025-12-30,01:36:05,61.6,3703.59,43,33.0
2025-12-30,01:36:15,66.4,3818.19,43,33.0
2025-12-30,01:36:25,66.0,3931.32,43,33.0
2025-12-30,01:36:35,67.1,3834.38,43,33.0
2025-12-30,01:36:46,66.4,4153.25,43,33.0
2025-12-30,01:36:56,66.9,3751.38,43,33.0
2025-12-30,01:37:06,67.1,4224.98,43,33.0
2025-12-30,01:37:16,66.5,3863.13,43,33.0
2025-12-30,01:37:26,68.0,4061.23,43,33.0
2025-12-30,01:37:36,66.6,4028.12,43,33.0
2025-12-30,01:37:46,66.9,3661.51,43,33.0
2025-12-30,01:37:57,66.1,3936.81,43,33.0
2025-12-30,01:38:07,67.0,3822.80,43,33.0
2025-12-30,01:38:17,66.6,3610.29,43,33.0
2025-12-30,01:38:27,66.8,4177.63,43,33.0
2025-12-30,01:38:37,66.4,3641.29,43,33.0
2025-12-30,01:38:47,67.4,3944.93,43,33.0
2025-12-30,01:38:57,66.5,4133.65,43,33.0
2025-12-30,01:39:08,66.9,4120.56,43,33.0
2025-12-30,01:39:18,66.6,3695.80,43,33.0
2025-12-30,01:39:28,66.1,4122.04,43,33.0
2025-12-30,01:39:38,66.8,4001.77,43,33.0
2025-12-30,01:39:48,64.2,4297.34,43,33.0
2025-12-30,01:39:58,61.0,4568.03,43,33.0
2025-12-30,01:40:08,66.8,4058.73,43,33.0
2025-12-30,01:40:19,65.1,3819.66,43,33.0
2025-12-30,01:40:29,66.0,3879.27,43,33.0
2025-12-30,01:40:39,66.5,4005.48,43,33.0
2025-12-30,01:40:49,66.4,3911.68,43,33.0
2025-12-30,01:40:59,66.2,3775.70,43,33.0
2025-12-30,01:41:09,67.1,3798.01,43,33.0
2025-12-30,01:41:20,66.4,4109.27,43,33.0
2025-12-30,01:41:30,66.0,4098.07,43,33.0
2025-12-30,01:41:40,67.0,4090.93,43,33.0
2025-12-30,01:41:50,66.0,4171.23,43,33.0
2025-12-30,01:42:00,66.8,3919.55,43,33.0
2025-12-30,01:42:10,66.6,4891.08,43,33.0
2025-12-30,01:42:20,66.5,4320.37,43,33.0
2025-12-30,01:42:31,65.8,4030.62,43,33.0
2025-12-30,01:42:41,65.9,3966.05,43,33.0
2025-12-30,01:42:51,66.0,3720.86,43,33.0
2025-12-30,01:43:01,66.0,4151.95,43,33.0
2025-12-30,01:43:11,66.2,3818.19,43,33.0
2025-12-30,01:43:21,66.4,3670.65,43,33.0
2025-12-30,01:43:32,66.4,4371.93,43,33.0
2025-12-30,01:43:42,66.2,3774.92,43,33.0
2025-12-30,01:43:52,66.0,3908.31,43,33.0
2025-12-30,01:44:02,64.2,3833.82,43,33.0
2025-12-30,01:44:12,64.5,3847.70,43,33.0
2025-12-30,01:44:22,70.5,3564.98,43,33.0
2025-12-30,01:44:33,67.9,3894.95,43,33.0
2025-12-30,01:44:43,67.5,4068.01,43,33.0
2025-12-30,01:44:53,67.5,3869.99,43,33.0
2025-12-30,01:45:03,68.4,3969.97,43,33.0
2025-12-30,01:45:13,67.4,3812.32,43,33.0
2025-12-30,01:45:23,68.2,4196.43,43,33.0
2025-12-30,01:45:33,68.0,4055.55,43,33.0
2025-12-30,01:45:44,67.0,3826.51,43,33.0
2025-12-30,01:45:54,69.1,3480.34,43,33.0
2025-12-30,01:46:04,68.5,4668.95,43,33.0
2025-12-30,01:46:14,67.5,4214.35,43,33.0
2025-12-30,01:46:24,68.5,3728.26,43,33.0
2025-12-30,01:46:34,66.9,4176.49,43,33.0
2025-12-30,01:46:44,67.6,3864.33,43,33.0
2025-12-30,01:46:55,68.0,4064.97,43,33.0
2025-12-30,01:47:05,67.1,3976.59,43,33.0
2025-12-30,01:47:15,67.4,4087.74,43,33.0
2025-12-30,01:47:25,68.4,3596.82,43,33.0
2025-12-30,01:47:35,68.2,4337.80,43,33.0
2025-12-30,01:47:45,68.1,3759.64,43,33.0
2025-12-30,01:47:55,67.1,3890.22,43,33.0
2025-12-30,01:48:06,67.5,3915.47,43,33.0
2025-12-30,01:48:16,65.1,3930.63,43,33.0
2025-12-30,01:48:26,63.1,4138.61,43,33.0
2025-12-30,01:48:36,71.9,3630.44,43,33.0
2025-12-30,01:48:46,65.2,4546.88,43,33.0
2025-12-30,01:48:56,67.0,3965.54,43,33.0
2025-12-30,01:49:07,66.8,3525.56,43,33.0
2025-12-30,01:49:17,66.1,3843.77,43,33.0
2025-12-30,01:49:27,66.4,3503.09,43,33.0
2025-12-30,01:49:37,67.1,3852.26,43,33.0
2025-12-30,01:49:47,66.6,4008.35,43,33.0
2025-12-30,01:49:57,66.5,3746.43,43,33.0
2025-12-30,01:50:07,67.0,3834.05,43,33.0
2025-12-30,01:50:18,67.0,3919.87,43,33.0
2025-12-30,01:50:28,66.8,4052.40,43,33.0
2025-12-30,01:50:38,66.4,3886.27,43,33.0
2025-12-30,01:50:48,66.1,3694.51,43,33.0
2025-12-30,01:50:58,66.5,3401.47,43,33.0
2025-12-30,01:51:08,66.0,3831.38,43,33.0
2025-12-30,01:51:19,67.2,3897.65,43,33.0
2025-12-30,01:51:29,66.1,4163.47,43,33.0
2025-12-30,01:51:39,66.4,4039.89,43,33.0
2025-12-30,01:51:49,66.8,4112.61,43,33.0
2025-12-30,01:51:59,67.0,4000.74,43,33.0
2025-12-30,01:52:09,66.8,4107.70,43,33.0
2025-12-30,01:52:19,63.4,3693.24,43,33.0
2025-12-30,01:52:30,59.9,4047.04,43,33.0
2025-12-30,01:52:40,71.2,4230.84,43,33.0
2025-12-30,01:52:50,66.6,3799.17,43,33.0
2025-12-30,01:53:00,66.2,3925.08,43,33.0
2025-12-30,01:53:10,66.5,3625.87,43,33.0
2025-12-30,01:53:20,66.8,3571.63,43,33.0
2025-12-30,01:53:31,65.6,4515.67,43,33.0
2025-12-30,01:53:41,66.6,4462.59,43,33.0
2025-12-30,01:53:51,66.1,3698.64,43,33.0
2025-12-30,01:54:01,66.6,3862.26,43,33.0
2025-12-30,01:54:11,66.1,3898.18,43,33.0
2025-12-30,01:54:21,66.2,4171.57,43,33.0
2025-12-30,01:54:31,66.1,4250.86,43,33.0
2025-12-30,01:54:42,66.8,3746.73,43,33.0
2025-12-30,01:54:52,65.9,4320.42,43,33.0
2025-12-30,01:55:02,66.1,4243.30,43,33.0
2025-12-30,01:55:12,66.5,3740.85,43,33.0
2025-12-30,01:55:22,66.1,4211.19,43,33.0
2025-12-30,01:55:32,66.8,4414.85,43,33.0
2025-12-30,01:55:43,66.2,4028.52,43,33.0
2025-12-30,01:55:53,66.2,3952.22,43,33.0
2025-12-30,01:56:03,67.1,4269.71,43,33.0
2025-12-30,01:56:13,67.1,3963.47,43,33.0
2025-12-30,01:56:23,63.6,4055.60,43,33.0
2025-12-30,01:56:33,64.4,4110.01,43,33.0
2025-12-30,01:56:43,61.4,4481.84,43,33.0
2025-12-30,01:56:54,67.5,3541.49,43,33.0
2025-12-30,01:57:04,67.9,3959.45,43,33.0
2025-12-30,01:57:14,68.1,3883.76,43,33.0
2025-12-30,01:57:24,67.8,3699.89,43,33.0
2025-12-30,01:57:34,68.2,4029.62,43,33.0
2025-12-30,01:57:44,68.5,3479.32,43,33.0
2025-12-30,01:57:55,67.8,3775.01,43,33.0
2025-12-30,01:58:05,67.8,3847.35,43,33.0
2025-12-30,01:58:15,68.2,4285.40,43,33.0
2025-12-30,01:58:25,67.1,3886.11,43,33.0
2025-12-30,01:58:35,67.6,3806.92,43,33.0
2025-12-30,01:58:45,67.4,4102.24,43,33.0
2025-12-30,01:58:55,67.1,4104.56,43,33.0
2025-12-30,01:59:06,67.8,4260.13,43,33.0
2025-12-30,01:59:16,67.1,4184.94,43,33.0
2025-12-30,01:59:26,68.2,4502.48,43,33.0
2025-12-30,01:59:36,67.8,3731.20,43,32.0
2025-12-30,01:59:46,67.8,3721.31,43,33.0
2025-12-30,01:59:56,68.1,4189.98,43,33.0
2025-12-30,02:00:07,66.6,4346.04,43,33.0
2025-12-30,02:00:17,67.1,3890.97,43,33.0
2025-12-30,02:00:27,68.0,4528.80,43,33.0
2025-12-30,02:00:37,63.6,3846.07,42,33.0
2025-12-30,02:00:47,62.2,4399.49,42,33.0
2025-12-30,02:00:57,68.8,3882.20,43,33.0
2025-12-30,02:01:07,67.2,3976.76,43,33.0
2025-12-30,02:01:18,66.0,3710.38,43,33.0
2025-12-30,02:01:28,71.1,4023.61,43,33.0
2025-12-30,02:01:38,71.4,4086.93,42,33.0
2025-12-30,02:01:48,66.8,3623.82,42,33.0
2025-12-30,02:01:58,65.0,4047.20,42,33.0
2025-12-30,02:02:08,65.5,3583.66,42,33.0
2025-12-30,02:02:18,69.2,4347.85,42,33.0
2025-12-30,02:02:29,72.5,3917.55,42,33.0
2025-12-30,02:02:39,72.2,4226.00,42,33.0
2025-12-30,02:02:49,72.2,3706.51,42,33.0
2025-12-30,02:02:59,72.1,3969.97,42,33.0
2025-12-30,02:03:09,71.8,4276.49,42,33.0
2025-12-30,02:03:19,71.8,4059.61,42,33.0
2025-12-30,02:03:30,71.8,4330.38,42,33.0
2025-12-30,02:03:40,71.9,3649.09,42,33.0
2025-12-30,02:03:50,71.6,4338.44,42,33.0
2025-12-30,02:04:00,72.4,4360.29,42,33.0
2025-12-30,02:04:10,72.6,3886.59,42,33.0
2025-12-30,02:04:20,72.6,4690.82,42,32.0
2025-12-30,02:04:31,64.9,3657.60,42,33.0
2025-12-30,02:04:41,64.1,4178.70,42,32.0
2025-12-30,02:04:51,66.5,3611.59,42,33.0
2025-12-30,02:05:01,63.6,3526.52,42,33.0
2025-12-30,02:05:11,63.2,4817.36,42,32.0
2025-12-30,02:05:21,69.1,3520.81,42,32.0
2025-12-30,02:05:32,66.6,3489.38,42,33.0
2025-12-30,02:05:42,66.0,3811.23,42,33.0
2025-12-30,02:05:52,65.1,3897.86,42,33.0
2025-12-30,02:06:02,65.8,3851.57,42,33.0
2025-12-30,02:06:12,65.1,3836.46,42,33.0
2025-12-30,02:06:22,65.1,3877.16,42,33.0
2025-12-30,02:06:32,65.4,3689.68,42,33.0
2025-12-30,02:06:43,65.2,3572.23,42,33.0
2025-12-30,02:06:53,64.9,4305.61,42,33.0
2025-12-30,02:07:03,65.6,3722.65,42,33.0
2025-12-30,02:07:13,66.1,3974.65,42,33.0
2025-12-30,02:07:23,65.1,3822.47,42,33.0
2025-12-30,02:07:33,64.5,4023.63,42,33.0
2025-12-30,02:07:44,65.0,3792.81,42,33.0
2025-12-30,02:07:54,65.8,3749.92,42,33.0
2025-12-30,02:08:04,66.4,3841.31,42,33.0
2025-12-30,02:08:14,64.9,3968.95,42,33.0
2025-12-30,02:08:24,65.2,4243.52,42,33.0
2025-12-30,02:08:34,64.9,4142.45,42,33.0
2025-12-30,02:08:44,64.9,3569.17,42,33.0
2025-12-30,02:08:55,65.8,3962.80,42,33.0
2025-12-30,02:09:05,64.6,4163.99,42,33.0
2025-12-30,02:09:15,65.1,4191.03,42,33.0
2025-12-30,02:09:25,66.1,3825.48,42,33.0
2025-12-30,02:09:35,65.5,3671.03,42,33.0
2025-12-30,02:09:45,63.8,3846.32,42,33.0
2025-12-30,02:09:55,62.2,3644.10,42,33.0
2025-12-30,02:10:06,60.1,4143.94,43,33.0
2025-12-30,02:10:16,67.0,3628.06,42,33.0
2025-12-30,02:10:26,67.0,4354.33,43,33.0
2025-12-30,02:10:36,65.9,3993.84,42,33.0
2025-12-30,02:10:46,66.0,3876.74,43,33.0
2025-12-30,02:10:56,66.8,3741.42,43,33.0
2025-12-30,02:11:07,66.0,3613.91,43,33.0
2025-12-30,02:11:17,66.0,3636.86,43,33.0
2025-12-30,02:11:27,66.6,3744.10,43,33.0
2025-12-30,02:11:37,64.8,4126.47,43,33.0
2025-12-30,02:11:47,66.1,3405.94,43,33.0
2025-12-30,02:11:57,67.1,3958.71,43,33.0
2025-12-30,02:12:07,66.0,3913.86,43,33.0
2025-12-30,02:12:18,66.9,3432.87,43,33.0
2025-12-30,02:12:28,66.1,3639.25,43,33.0
2025-12-30,02:12:38,66.4,4421.49,43,33.0
2025-12-30,02:12:48,65.8,4262.43,43,33.0
2025-12-30,02:12:58,65.6,3940.22,43,33.0
2025-12-30,02:13:08,66.8,3673.16,43,33.0
2025-12-30,02:13:18,65.6,3904.68,43,33.0
2025-12-30,02:13:29,66.5,4026.47,43,33.0
2025-12-30,02:13:39,67.8,3526.56,43,33.0
2025-12-30,02:13:49,67.1,4336.10,43,33.0
2025-12-30,02:13:59,65.9,3511.06,43,33.0
2025-12-30,02:14:09,66.8,3788.76,43,33.0
2025-12-30,02:14:19,66.0,3720.23,43,33.0
2025-12-30,02:14:29,65.6,3733.30,43,33.0
2025-12-30,02:14:40,63.4,3692.04,43,33.0
2025-12-30,02:14:50,62.6,4266.27,43,33.0
2025-12-30,02:15:00,71.4,3684.10,43,33.0
2025-12-30,02:15:10,64.9,3641.84,43,33.0
2025-12-30,02:15:20,64.6,3630.18,43,33.0
2025-12-30,02:15:30,65.1,3641.29,43,33.0
2025-12-30,02:15:41,65.2,3920.70,43,33.0
2025-12-30,02:15:51,65.4,3467.57,43,33.0
2025-12-30,02:16:01,65.5,3486.31,43,33.0
2025-12-30,02:16:11,65.4,4674.80,43,33.0
2025-12-30,02:16:21,65.0,4172.29,43,33.0
2025-12-30,02:16:31,65.5,3648.15,43,33.0
2025-12-30,02:16:41,65.5,3439.19,43,33.0
2025-12-30,02:16:52,65.4,3607.76,43,33.0
2025-12-30,02:17:02,65.4,4121.00,43,33.0
2025-12-30,02:17:12,67.1,3378.42,43,33.0
2025-12-30,02:17:22,65.8,3617.25,43,33.0
2025-12-30,02:17:32,65.2,4236.21,43,33.0
2025-12-30,02:17:42,65.2,4001.75,43,33.0
2025-12-30,02:17:52,65.5,3999.49,43,33.0
2025-12-30,02:18:03,65.0,4310.91,43,33.0
2025-12-30,02:18:13,65.9,4005.78,43,33.0
2025-12-30,02:18:23,65.9,3815.12,43,33.0
2025-12-30,02:18:33,66.6,4081.37,43,33.0
2025-12-30,02:18:43,65.0,3990.46,43,33.0
2025-12-30,02:18:53,65.6,3473.91,43,33.0
2025-12-30,02:19:03,65.8,3837.59,43,33.0
2025-12-30,02:19:14,62.1,3948.78,43,33.0
2025-12-30,02:19:24,62.8,3755.21,43,33.0
2025-12-30,02:19:34,68.0,3557.44,43,33.0
2025-12-30,02:19:44,65.1,3301.80,43,33.0
2025-12-30,02:19:54,65.5,3569.20,43,33.0
2025-12-30,02:20:04,65.8,3577.61,43,33.0
2025-12-30,02:20:15,65.6,3628.41,43,33.0
2025-12-30,02:20:25,64.4,3937.09,43,33.0
2025-12-30,02:20:35,65.2,3796.77,43,33.0
2025-12-30,02:20:45,66.2,3771.85,43,33.0
2025-12-30,02:20:55,65.1,3871.45,43,33.0
2025-12-30,02:21:05,65.9,3569.60,43,33.0
2025-12-30,02:21:16,65.6,3951.63,43,33.0
2025-12-30,02:21:26,66.4,3728.03,43,33.0
2025-12-30,02:21:36,65.1,4092.05,43,33.0
2025-12-30,02:21:46,65.6,3595.19,43,33.0
2025-12-30,02:21:56,65.4,3659.88,43,33.0
2025-12-30,02:22:06,65.0,4125.02,43,33.0
2025-12-30,02:22:16,66.8,3988.58,43,33.0
2025-12-30,02:22:27,65.4,4463.66,43,33.0
2025-12-30,02:22:37,66.9,4867.19,43,33.0
2025-12-30,02:22:47,65.6,4232.98,43,33.0
2025-12-30,02:22:57,65.6,3436.33,43,33.0
2025-12-30,02:23:07,66.2,3433.51,43,33.0
2025-12-30,02:23:17,66.0,3741.56,43,33.0
2025-12-30,02:23:27,66.2,4191.49,43,33.0
2025-12-30,02:23:38,63.5,3791.61,43,33.0
2025-12-30,02:23:48,62.4,3955.25,43,33.0
2025-12-30,02:23:58,64.0,4269.18,43,33.0
2025-12-30,02:24:08,69.1,3651.96,43,33.0
2025-12-30,02:24:18,68.5,3649.01,43,33.0
2025-12-30,02:24:28,67.6,3646.24,43,33.0
2025-12-30,02:24:39,67.6,3801.20,43,33.0
2025-12-30,02:24:49,67.8,4149.97,43,33.0
2025-12-30,02:24:59,66.2,4084.45,43,33.0
2025-12-30,02:25:09,66.2,3965.92,43,33.0
2025-12-30,02:25:19,66.2,3998.04,43,33.0
2025-12-30,02:25:29,65.9,4044.21,43,33.0
2025-12-30,02:25:39,67.2,3962.38,43,33.0
2025-12-30,02:25:50,67.6,4056.68,43,33.0
2025-12-30,02:26:00,66.5,3977.64,43,33.0
2025-12-30,02:26:10,67.5,3574.69,43,33.0
2025-12-30,02:26:20,67.2,3780.75,43,33.0
2025-12-30,02:26:30,67.2,3651.59,43,33.0
2025-12-30,02:26:40,67.2,4547.56,43,33.0
2025-12-30,02:26:51,68.4,3956.89,43,33.0
2025-12-30,02:27:01,66.8,3862.53,43,33.0
2025-12-30,02:27:11,67.5,3615.15,43,33.0
2025-12-30,02:27:21,67.5,4338.40,43,33.0
2025-12-30,02:27:31,68.2,3903.35,43,33.0
2025-12-30,02:27:41,68.0,4166.03,43,33.0
2025-12-30,02:27:51,67.0,4344.42,43,33.0
2025-12-30,02:28:02,65.1,3884.32,43,33.0
2025-12-30,02:28:12,61.5,3946.90,43,33.0
2025-12-30,02:28:22,67.9,3354.28,43,33.0
2025-12-30,02:28:32,63.2,4001.00,43,33.0
2025-12-30,02:28:42,65.4,3744.62,43,33.0
2025-12-30,02:28:52,66.5,3567.36,43,33.0
2025-12-30,02:29:03,66.1,3557.65,43,33.0
2025-12-30,02:29:13,66.8,3659.52,43,33.0
2025-12-30,02:29:23,65.8,3894.93,43,33.0
2025-12-30,02:29:33,66.2,4251.44,43,33.0
2025-12-30,02:29:43,65.5,3622.13,43,33.0
2025-12-30,02:29:53,66.0,3700.83,43,33.0
2025-12-30,02:30:03,66.4,3500.73,43,33.0
2025-12-30,02:30:14,66.8,4174.89,43,33.0
2025-12-30,02:30:24,66.4,3535.67,43,33.0
2025-12-30,02:30:34,66.4,3818.61,43,33.0
2025-12-30,02:30:44,66.1,3755.91,43,33.0
2025-12-30,02:30:54,66.5,3880.11,43,33.0
2025-12-30,02:31:04,66.2,3535.51,43,33.0
2025-12-30,02:31:14,66.5,4061.88,43,33.0
2025-12-30,02:31:25,66.4,3536.89,43,33.0
2025-12-30,02:31:35,65.6,3780.18,43,33.0
2025-12-30,02:31:45,65.6,3580.34,43,33.0
2025-12-30,02:31:55,65.9,3456.87,43,33.0
2025-12-30,02:32:05,64.9,4093.25,43,33.0
2025-12-30,02:32:15,63.0,3812.88,43,33.0
2025-12-30,02:32:26,68.6,3607.95,43,33.0
2025-12-30,02:32:36,65.8,4139.80,43,33.0
2025-12-30,02:32:46,65.9,3803.42,43,33.0
2025-12-30,02:32:56,65.5,3290.85,43,33.0
2025-12-30,02:33:06,65.5,4015.22,43,33.0
2025-12-30,02:33:16,66.0,3560.37,43,33.0
2025-12-30,02:33:26,66.5,3846.77,43,33.0
2025-12-30,02:33:37,65.5,3912.87,43,33.0
2025-12-30,02:33:47,66.0,3703.32,43,33.0
2025-12-30,02:33:57,66.6,3764.21,43,33.0
2025-12-30,02:34:07,65.6,4145.75,43,33.0
2025-12-30,02:34:17,65.5,3936.15,43,33.0
2025-12-30,02:34:27,65.4,3705.75,43,33.0
2025-12-30,02:34:38,66.8,4005.32,43,33.0
2025-12-30,02:34:48,65.5,3793.28,43,33.0
2025-12-30,02:34:58,66.4,3569.88,43,33.0
2025-12-30,02:35:08,66.1,4215.82,43,33.0
2025-12-30,02:35:18,66.1,3645.58,43,33.0
2025-12-30,02:35:28,65.6,3435.47,43,33.0
2025-12-30,02:35:38,65.4,4199.71,43,33.0
2025-12-30,02:35:49,65.6,3892.17,43,33.0
2025-12-30,02:35:59,65.1,3506.51,43,33.0
2025-12-30,02:36:09,65.6,3645.42,43,33.0
2025-12-30,02:36:19,64.5,3612.49,43,33.0
2025-12-30,02:36:29,64.9,3720.80,43,33.0
2025-12-30,02:36:39,71.1,3989.14,43,33.0
2025-12-30,02:36:50,66.9,4072.39,43,33.0
2025-12-30,02:37:00,66.8,4201.48,43,33.0
2025-12-30,02:37:10,67.0,3639.34,43,33.0
2025-12-30,02:37:20,68.0,3844.24,43,33.0
2025-12-30,02:37:30,66.2,4102.96,43,33.0
2025-12-30,02:37:40,67.1,3886.42,43,33.0
2025-12-30,02:37:50,67.6,3936.66,43,33.0
2025-12-30,02:38:01,66.9,4080.94,43,33.0
2025-12-30,02:38:11,66.9,3685.54,43,33.0
2025-12-30,02:38:21,66.6,3548.97,43,33.0
2025-12-30,02:38:31,66.9,3665.49,43,33.0
2025-12-30,02:38:41,67.8,3560.32,43,33.0
2025-12-30,02:38:51,68.0,3562.27,43,33.0
2025-12-30,02:39:02,66.9,3641.78,43,33.0
2025-12-30,02:39:12,67.1,4965.04,43,33.0
2025-12-30,02:39:22,66.6,4031.68,43,33.0
2025-12-30,02:39:32,66.8,3861.73,43,33.0
2025-12-30,02:39:42,68.1,3695.43,43,33.0
2025-12-30,02:39:52,68.1,3547.33,43,33.0
2025-12-30,02:40:02,66.4,3726.15,43,33.0
2025-12-30,02:40:13,67.6,3513.95,43,33.0
2025-12-30,02:40:23,68.0,3795.14,43,33.0
2025-12-30,02:40:33,65.1,4168.04,43,33.0
2025-12-30,02:40:43,59.5,3701.49,43,33.0
2025-12-30,02:40:53,68.1,3832.57,43,33.0
2025-12-30,02:41:03,65.2,3552.84,43,33.0
2025-12-30,02:41:14,66.4,3507.79,43,33.0
2025-12-30,02:41:24,65.8,4758.75,43,33.0
2025-12-30,02:41:34,65.9,3475.38,43,33.0
2025-12-30,02:41:44,66.0,3373.76,43,33.0
2025-12-30,02:41:54,66.2,4039.85,43,33.0
2025-12-30,02:42:04,66.0,3681.96,43,33.0
2025-12-30,02:42:15,65.8,3651.87,43,33.0
2025-12-30,02:42:25,65.8,3973.43,43,33.0
2025-12-30,02:42:35,65.8,4066.31,43,33.0
2025-12-30,02:42:45,65.2,3827.04,43,33.0
2025-12-30,02:42:55,66.0,3624.85,43,33.0
2025-12-30,02:43:05,66.2,3918.55,43,33.0
2025-12-30,02:43:15,66.0,4167.80,43,33.0
2025-12-30,02:43:26,65.8,3741.91,43,33.0
2025-12-30,02:43:36,65.5,3232.26,43,33.0
2025-12-30,02:43:46,66.2,3826.21,43,33.0
2025-12-30,02:43:56,65.8,3633.45,43,33.0
2025-12-30,02:44:06,66.1,4043.19,43,33.0
2025-12-30,02:44:16,66.6,3910.03,43,33.0
2025-12-30,02:44:27,66.5,3750.85,43,33.0
2025-12-30,02:44:37,63.9,3392.74,43,33.0
2025-12-30,02:44:47,60.0,3601.09,43,33.0
2025-12-30,02:44:57,70.9,4220.47,43,33.0
2025-12-30,02:45:07,65.6,3455.67,43,33.0
2025-12-30,02:45:17,65.8,3527.56,43,33.0
2025-12-30,02:45:27,66.5,3784.23,43,33.0
2025-12-30,02:45:38,66.0,3805.53,43,33.0
2025-12-30,02:45:48,65.2,3642.59,43,33.0
2025-12-30,02:45:58,65.5,3506.89,43,33.0
2025-12-30,02:46:08,65.4,3860.03,43,33.0
2025-12-30,02:46:18,65.4,3911.88,43,33.0
2025-12-30,02:46:28,65.2,3984.83,43,33.0
2025-12-30,02:46:39,66.0,3878.33,43,33.0
2025-12-30,02:46:49,65.8,3739.87,43,33.0
2025-12-30,02:46:59,66.1,3908.99,43,33.0
2025-12-30,02:47:09,65.4,3854.33,43,33.0
2025-12-30,02:47:19,66.0,3769.64,43,33.0
2025-12-30,02:47:29,66.1,3929.67,43,33.0
2025-12-30,02:47:39,65.8,3760.76,43,33.0
2025-12-30,02:47:50,64.8,3607.94,43,33.0
2025-12-30,02:48:00,65.8,3822.67,43,33.0
2025-12-30,02:48:10,65.6,3612.89,43,33.0
2025-12-30,02:48:20,66.2,3525.45,43,33.0
2025-12-30,02:48:30,66.8,3924.39,43,33.0
2025-12-30,02:48:40,63.1,4479.52,43,33.0
2025-12-30,02:48:51,60.9,3740.79,43,33.0
2025-12-30,02:49:01,66.4,3721.98,43,33.0
2025-12-30,02:49:11,65.9,3772.69,43,33.0
2025-12-30,02:49:21,67.5,3828.06,43,33.0
2025-12-30,02:49:31,66.6,3631.35,43,33.0
2025-12-30,02:49:41,66.6,3693.08,43,33.0
2025-12-30,02:49:51,67.2,3510.39,43,33.0
2025-12-30,02:50:02,67.0,4883.50,43,33.0
2025-12-30,02:50:12,67.9,3869.51,43,33.0
2025-12-30,02:50:22,67.2,3707.04,43,33.0
2025-12-30,02:50:32,67.6,4061.83,43,33.0
2025-12-30,02:50:42,67.4,3342.07,43,33.0
2025-12-30,02:50:52,67.0,4135.61,43,33.0
2025-12-30,02:51:03,67.1,3692.85,43,33.0
2025-12-30,02:51:13,67.9,3541.77,43,33.0
2025-12-30,02:51:23,66.8,3832.89,43,33.0
2025-12-30,02:51:33,67.4,3927.32,43,33.0
2025-12-30,02:51:43,67.8,3740.53,43,33.0
2025-12-30,02:51:53,66.9,3453.16,43,33.0
2025-12-30,02:52:03,67.8,4244.19,43,33.0
2025-12-30,02:52:14,67.6,3561.72,43,33.0
2025-12-30,02:52:24,66.8,3504.76,43,33.0
2025-12-30,02:52:34,67.4,3434.49,43,33.0
2025-12-30,02:52:44,67.2,3607.19,43,33.0
2025-12-30,02:52:54,63.8,3549.96,43,33.0
2025-12-30,02:53:04,61.0,4010.57,43,33.0
2025-12-30,02:53:15,70.4,3727.82,43,33.0
2025-12-30,02:53:25,65.8,3509.95,43,33.0
2025-12-30,02:53:35,66.0,3870.17,43,33.0
2025-12-30,02:53:45,65.6,3332.80,43,33.0
2025-12-30,02:53:55,66.5,3625.99,43,33.0
2025-12-30,02:54:05,65.8,4264.36,43,33.0
2025-12-30,02:54:16,66.0,3527.20,43,33.0
2025-12-30,02:54:26,66.5,3874.45,43,33.0
2025-12-30,02:54:36,65.6,3646.85,43,33.0
2025-12-30,02:54:46,65.6,4085.56,43,33.0
2025-12-30,02:54:56,65.8,3652.51,43,33.0
2025-12-30,02:55:06,66.1,3535.73,43,33.0
2025-12-30,02:55:16,66.8,3439.10,43,33.0
2025-12-30,02:55:27,65.5,3316.44,43,33.0
2025-12-30,02:55:37,65.5,3545.79,43,33.0
2025-12-30,02:55:47,66.1,3482.05,43,33.0
2025-12-30,02:55:57,66.0,3776.22,43,33.0
2025-12-30,02:56:07,66.8,3438.21,43,33.0
2025-12-30,02:56:17,66.2,4141.49,43,33.0
2025-12-30,02:56:27,65.4,3764.98,43,33.0
2025-12-30,02:56:38,65.8,3771.42,43,33.0
2025-12-30,02:56:48,66.5,3955.69,43,33.0
2025-12-30,02:56:58,63.5,3737.65,43,33.0
2025-12-30,02:57:08,60.6,4173.18,43,33.0
2025-12-30,02:57:18,71.2,3804.30,43,33.0
2025-12-30,02:57:28,66.1,3718.28,43,33.0
2025-12-30,02:57:39,66.1,3870.96,43,33.0
2025-12-30,02:57:49,65.4,3666.46,43,33.0
2025-12-30,02:57:59,65.8,3871.31,43,33.0
2025-12-30,02:58:09,65.9,4615.15,43,33.0
2025-12-30,02:58:19,66.4,3999.33,43,33.0
2025-12-30,02:58:29,65.8,3574.01,43,33.0
2025-12-30,02:58:39,65.8,3789.99,43,33.0
2025-12-30,02:58:50,66.4,3903.59,43,33.0
2025-12-30,02:59:00,65.6,3929.03,43,33.0
2025-12-30,02:59:10,65.8,3817.30,43,33.0
2025-12-30,02:59:20,65.2,3839.96,43,33.0
2025-12-30,02:59:30,66.0,3915.12,43,33.0
2025-12-30,02:59:40,65.9,3567.43,43,33.0
2025-12-30,02:59:50,66.5,3532.10,43,33.0
2025-12-30,03:00:01,66.2,4098.93,43,33.0
2025-12-30,03:00:11,65.5,3870.43,43,33.0
2025-12-30,03:00:21,66.1,4109.14,43,33.0
2025-12-30,03:00:31,66.0,3873.94,43,33.0
2025-12-30,03:00:41,66.1,4091.50,43,33.0
2025-12-30,03:00:51,65.4,3689.20,43,33.0
2025-12-30,03:01:02,66.2,3568.91,43,33.0
2025-12-30,03:01:12,63.6,4788.40,43,33.0
2025-12-30,03:01:22,62.6,3997.32,43,33.0
2025-12-30,03:01:32,68.1,3716.76,43,33.0
2025-12-30,03:01:42,67.1,3942.87,43,33.0
2025-12-30,03:01:52,67.8,4134.17,43,33.0
2025-12-30,03:02:02,67.2,3652.28,43,33.0
2025-12-30,03:02:13,67.6,3607.20,43,33.0
2025-12-30,03:02:23,67.4,4108.81,43,33.0
2025-12-30,03:02:33,67.6,3544.32,43,33.0
2025-12-30,03:02:43,68.1,3819.40,43,33.0
2025-12-30,03:02:53,66.8,3640.48,43,33.0
2025-12-30,03:03:03,67.6,3948.10,43,33.0
2025-12-30,03:03:13,67.6,3595.85,43,33.0
2025-12-30,03:03:24,67.1,3721.18,43,33.0
2025-12-30,03:03:34,67.6,3686.73,43,33.0
2025-12-30,03:03:44,67.8,4000.87,43,33.0
2025-12-30,03:03:54,66.9,3827.30,43,33.0
2025-12-30,03:04:04,67.5,3723.63,43,33.0
2025-12-30,03:04:14,67.5,4050.07,43,33.0
2025-12-30,03:04:24,67.6,3998.38,43,33.0
2025-12-30,03:04:35,68.6,3896.82,43,33.0
2025-12-30,03:04:45,66.6,4002.95,43,33.0
2025-12-30,03:04:55,67.2,3540.18,43,33.0
2025-12-30,03:05:05,68.2,3917.51,43,33.0
2025-12-30,03:05:15,66.1,3736.81,43,33.0
2025-12-30,03:05:25,61.5,3618.13,43,33.0
2025-12-30,03:05:36,64.6,4223.32,43,33.0
2025-12-30,03:05:46,67.1,3670.06,43,33.0
2025-12-30,03:05:56,66.1,3617.30,43,33.0
2025-12-30,03:06:06,66.0,3900.37,43,33.0
2025-12-30,03:06:16,66.2,4466.93,43,33.0
2025-12-30,03:06:26,66.5,3962.47,43,33.0
2025-12-30,03:06:37,66.9,4356.09,43,33.0
2025-12-30,03:06:47,66.6,4246.57,43,33.0
2025-12-30,03:06:57,66.4,4273.27,43,33.0
2025-12-30,03:07:07,66.4,4815.64,43,33.0
2025-12-30,03:07:17,67.5,4244.96,43,33.0
2025-12-30,03:07:27,66.4,4292.02,43,33.0
2025-12-30,03:07:37,67.6,4533.41,43,33.0
2025-12-30,03:07:48,66.6,4059.30,43,33.0
2025-12-30,03:07:58,66.4,4163.74,43,33.0
2025-12-30,03:08:08,66.6,4343.98,43,33.0
2025-12-30,03:08:18,66.0,4384.43,43,33.0
2025-12-30,03:08:28,66.4,4340.59,43,33.0
2025-12-30,03:08:38,66.5,3839.48,43,33.0
2025-12-30,03:08:49,65.6,3879.30,43,33.0
2025-12-30,03:08:59,65.8,3856.70,43,33.0
2025-12-30,03:09:09,65.9,3850.24,43,33.0
2025-12-30,03:09:19,66.5,3929.02,43,33.0
2025-12-30,03:09:29,63.8,3748.02,43,33.0
2025-12-30,03:09:39,63.5,3739.66,43,33.0
2025-12-30,03:09:49,71.1,3361.75,43,33.0
2025-12-30,03:10:00,65.9,3660.67,43,33.0
2025-12-30,03:10:10,66.2,4566.41,43,33.0
2025-12-30,03:10:20,67.0,4194.41,43,33.0
2025-12-30,03:10:30,65.5,4052.55,43,33.0
2025-12-30,03:10:40,65.9,3720.07,43,33.0
2025-12-30,03:10:50,66.0,3484.10,43,33.0
2025-12-30,03:11:01,66.2,3619.57,43,33.0
2025-12-30,03:11:11,65.1,4730.42,43,33.0
2025-12-30,03:11:21,65.8,3747.66,43,33.0
2025-12-30,03:11:31,66.0,3760.55,43,33.0
2025-12-30,03:11:41,66.6,3757.44,43,33.0
2025-12-30,03:11:51,66.2,4001.39,43,33.0
2025-12-30,03:12:01,67.1,3691.33,43,33.0
2025-12-30,03:12:12,66.9,3731.81,43,33.0
2025-12-30,03:12:22,66.5,3918.43,43,33.0
2025-12-30,03:12:32,65.5,4349.16,43,33.0
2025-12-30,03:12:42,66.0,4304.39,43,32.0
2025-12-30,03:12:52,66.8,4023.68,43,33.0
2025-12-30,03:13:02,66.5,3906.97,43,33.0
2025-12-30,03:13:13,66.0,3833.74,43,33.0
2025-12-30,03:13:23,67.0,3821.55,43,33.0
2025-12-30,03:13:33,62.9,3627.93,43,33.0
2025-12-30,03:13:43,62.6,3496.16,43,33.0
2025-12-30,03:13:53,59.5,4546.45,43,33.0
2025-12-30,03:14:03,66.9,4245.89,43,33.0
2025-12-30,03:14:13,67.0,3634.21,43,33.0
2025-12-30,03:14:24,68.0,3926.75,43,33.0
2025-12-30,03:14:34,67.1,3987.71,43,33.0
2025-12-30,03:14:44,67.4,3900.41,43,33.0
2025-12-30,03:14:54,67.6,4419.94,43,33.0
2025-12-30,03:15:04,67.4,4564.30,43,33.0
2025-12-30,03:15:14,68.0,4041.92,43,33.0
2025-12-30,03:15:25,67.4,4365.60,43,33.0
2025-12-30,03:15:35,67.5,3596.48,43,33.0
2025-12-30,03:15:45,66.1,3524.92,43,33.0
2025-12-30,03:15:55,67.0,3964.86,43,33.0
2025-12-30,03:16:05,67.1,3553.74,43,33.0
2025-12-30,03:16:15,66.5,3668.32,43,33.0
2025-12-30,03:16:26,67.8,3492.36,43,33.0
2025-12-30,03:16:36,66.6,4074.04,43,33.0
2025-12-30,03:16:46,67.0,3393.79,43,33.0
2025-12-30,03:16:56,66.9,3750.02,43,33.0
2025-12-30,03:17:06,66.9,3580.45,43,33.0
2025-12-30,03:17:16,67.8,3854.53,43,33.0
2025-12-30,03:17:26,66.6,3661.69,43,33.0
2025-12-30,03:17:37,67.6,3579.67,43,33.0
2025-12-30,03:17:47,64.8,4054.35,43,33.0
2025-12-30,03:17:57,62.0,3709.03,43,33.0
2025-12-30,03:18:07,62.0,3697.25,43,33.0
2025-12-30,03:18:17,68.6,3470.44,43,33.0
2025-12-30,03:18:27,66.1,3756.28,43,33.0
2025-12-30,03:18:38,65.4,3477.12,43,33.0
2025-12-30,03:18:48,65.6,3981.04,43,33.0
2025-12-30,03:18:58,65.6,3739.36,43,33.0
2025-12-30,03:19:08,66.1,3686.16,43,33.0
2025-12-30,03:19:18,65.8,3925.96,43,33.0
2025-12-30,03:19:28,65.8,3935.64,43,33.0
2025-12-30,03:19:38,65.6,3815.35,43,33.0
2025-12-30,03:19:49,64.8,3648.66,43,33.0
2025-12-30,03:19:59,65.1,4004.62,43,33.0
2025-12-30,03:20:09,65.2,3503.95,43,33.0
2025-12-30,03:20:19,66.4,3774.82,43,33.0
2025-12-30,03:20:29,65.8,3581.32,43,33.0
2025-12-30,03:20:39,65.8,3324.85,43,33.0
2025-12-30,03:20:50,66.1,3703.69,43,33.0
2025-12-30,03:21:00,66.2,4215.93,43,33.0
2025-12-30,03:21:10,65.8,3610.90,43,33.0
2025-12-30,03:21:20,65.6,3795.99,43,33.0
2025-12-30,03:21:30,66.2,4113.61,43,33.0
2025-12-30,03:21:40,65.5,4131.09,43,33.0
2025-12-30,03:21:51,64.6,3869.23,43,33.0
2025-12-30,03:22:01,60.6,3900.35,43,33.0
2025-12-30,03:22:11,62.9,3901.46,43,33.0
2025-12-30,03:22:21,68.2,3616.02,43,33.0
2025-12-30,03:22:31,65.6,3673.17,43,33.0
2025-12-30,03:22:41,65.5,3628.65,43,33.0
2025-12-30,03:22:51,65.4,3375.21,43,33.0
2025-12-30,03:23:02,65.1,4348.11,43,33.0
2025-12-30,03:23:12,65.6,3351.33,43,33.0
2025-12-30,03:23:22,65.0,4264.10,43,33.0
2025-12-30,03:23:32,65.2,4382.64,43,33.0
2025-12-30,03:23:42,65.8,3742.95,43,33.0
2025-12-30,03:23:52,65.2,3605.31,43,33.0
2025-12-30,03:24:03,65.5,3864.10,43,33.0
2025-12-30,03:24:13,65.5,3903.97,43,33.0
2025-12-30,03:24:23,65.2,3394.64,43,33.0
2025-12-30,03:24:33,65.5,4125.21,43,33.0
2025-12-30,03:24:43,65.5,3618.10,43,33.0
2025-12-30,03:24:53,65.5,3641.27,43,33.0
2025-12-30,03:25:03,66.0,3824.46,43,33.0
2025-12-30,03:25:14,65.2,3707.31,43,33.0
2025-12-30,03:25:24,65.4,3755.64,43,33.0
2025-12-30,03:25:34,66.1,4081.75,43,33.0
2025-12-30,03:25:44,65.2,3733.77,43,33.0
2025-12-30,03:25:54,65.6,3866.16,43,33.0
2025-12-30,03:26:04,63.5,4186.54,43,33.0
2025-12-30,03:26:15,60.6,3411.87,43,33.0
2025-12-30,03:26:25,70.9,3592.16,43,33.0
2025-12-30,03:26:35,66.9,4032.88,43,33.0
2025-12-30,03:26:45,67.0,3793.26,43,33.0
2025-12-30,03:26:55,66.1,3845.20,43,33.0
2025-12-30,03:27:05,67.0,3879.94,43,33.0
2025-12-30,03:27:15,67.5,3861.44,43,33.0
2025-12-30,03:27:26,66.1,4054.72,43,33.0
2025-12-30,03:27:36,67.0,4117.34,43,33.0
2025-12-30,03:27:46,67.2,3501.15,43,33.0
2025-12-30,03:27:56,66.2,3712.26,43,33.0
2025-12-30,03:28:06,66.8,4111.54,43,33.0
2025-12-30,03:28:16,67.4,3650.62,43,33.0
2025-12-30,03:28:27,66.6,3497.71,43,33.0
2025-12-30,03:28:37,67.9,3624.28,43,33.0
2025-12-30,03:28:47,66.6,3703.52,43,33.0
2025-12-30,03:28:57,67.4,4201.62,43,33.0
2025-12-30,03:29:07,67.2,3528.63,43,33.0
2025-12-30,03:29:17,67.1,3910.15,43,33.0
2025-12-30,03:29:27,67.0,4341.92,43,33.0
2025-12-30,03:29:38,67.5,3635.82,43,33.0
2025-12-30,03:29:48,67.9,3702.75,43,33.0
2025-12-30,03:29:58,67.5,3636.93,43,33.0
2025-12-30,03:30:08,66.8,3663.93,43,33.0
2025-12-30,03:30:18,65.8,3375.60,43,33.0
2025-12-30,03:30:28,59.5,4053.82,43,33.0
2025-12-30,03:30:39,71.4,3494.02,43,33.0
2025-12-30,03:30:49,65.9,4043.70,43,33.0
2025-12-30,03:30:59,65.2,3503.24,43,33.0
2025-12-30,03:31:09,65.1,3984.28,43,33.0
2025-12-30,03:31:19,65.8,4374.28,43,33.0
2025-12-30,03:31:29,65.4,3972.74,43,33.0
2025-12-30,03:31:40,65.5,3468.94,43,33.0
2025-12-30,03:31:50,66.0,3493.16,43,33.0
2025-12-30,03:32:00,65.5,3654.19,43,33.0
2025-12-30,03:32:10,64.9,4551.81,43,33.0
2025-12-30,03:32:20,66.2,3661.89,43,32.0
2025-12-30,03:32:30,65.5,4104.67,43,33.0
2025-12-30,03:32:40,65.8,3856.21,43,33.0
2025-12-30,03:32:51,65.1,3956.50,43,33.0
2025-12-30,03:33:01,65.9,3788.08,43,33.0
2025-12-30,03:33:11,65.8,3514.61,43,33.0
2025-12-30,03:33:21,66.4,4116.54,43,33.0
2025-12-30,03:33:31,65.8,3607.61,43,33.0
2025-12-30,03:33:41,66.0,3636.22,43,33.0
2025-12-30,03:33:51,66.1,4203.24,43,33.0
2025-12-30,03:34:02,65.5,3743.96,43,33.0
2025-12-30,03:34:12,65.5,4280.43,43,33.0
2025-12-30,03:34:22,64.4,3905.85,43,33.0
2025-12-30,03:34:32,62.2,4032.14,43,33.0
2025-12-30,03:34:42,69.1,3868.91,43,33.0
2025-12-30,03:34:52,60.0,4199.64,43,33.0
2025-12-30,03:35:03,64.9,3593.01,43,33.0
2025-12-30,03:35:13,65.8,3697.94,43,33.0
2025-12-30,03:35:23,65.8,3831.38,43,33.0
2025-12-30,03:35:33,65.1,3989.60,43,33.0
2025-12-30,03:35:43,65.6,3656.89,43,33.0
2025-12-30,03:35:53,65.5,3922.43,43,33.0
2025-12-30,03:36:03,65.9,4323.56,43,33.0
2025-12-30,03:36:14,64.8,3852.66,43,33.0
2025-12-30,03:36:24,65.5,3972.03,43,33.0
2025-12-30,03:36:34,65.9,3628.46,43,33.0
2025-12-30,03:36:44,66.8,3598.80,43,33.0
2025-12-30,03:36:54,65.2,3841.08,43,33.0
2025-12-30,03:37:04,65.5,3614.06,43,33.0
2025-12-30,03:37:15,65.5,3669.73,43,33.0
2025-12-30,03:37:25,65.6,3752.82,43,33.0
2025-12-30,03:37:35,65.2,3899.17,43,33.0
2025-12-30,03:37:45,65.2,3550.51,43,33.0
2025-12-30,03:37:55,66.4,3555.63,43,33.0
2025-12-30,03:38:05,66.0,3548.62,43,33.0
2025-12-30,03:38:16,65.5,3639.28,43,33.0
2025-12-30,03:38:26,65.6,3827.76,43,33.0
2025-12-30,03:38:36,65.4,3654.19,43,33.0
2025-12-30,03:38:46,64.9,4049.35,43,33.0
2025-12-30,03:38:56,71.0,3742.23,43,33.0
2025-12-30,03:39:06,67.2,3563.36,43,33.0
2025-12-30,03:39:16,67.2,3985.24,43,33.0
2025-12-30,03:39:27,66.6,3884.58,43,33.0
2025-12-30,03:39:37,68.1,3562.77,43,33.0
2025-12-30,03:39:47,66.4,3992.57,43,33.0
2025-12-30,03:39:57,67.2,4759.97,43,33.0
2025-12-30,03:40:07,67.8,4762.62,43,33.0
2025-12-30,03:40:17,67.8,3621.39,43,33.0
2025-12-30,03:40:28,67.1,3727.94,43,33.0
2025-12-30,03:40:38,67.1,3641.55,43,33.0
2025-12-30,03:40:48,66.8,3755.64,43,33.0
2025-12-30,03:40:58,67.6,3791.96,43,33.0
2025-12-30,03:41:08,66.9,3870.68,43,33.0
2025-12-30,03:41:18,67.2,3395.36,43,33.0
2025-12-30,03:41:28,67.6,3802.59,43,33.0
2025-12-30,03:41:39,67.5,3795.09,43,33.0
2025-12-30,03:41:49,68.0,4466.42,43,33.0
2025-12-30,03:41:59,66.1,4067.49,43,33.0
2025-12-30,03:42:09,67.0,3680.92,43,33.0
2025-12-30,03:42:19,68.2,4128.49,43,33.0
2025-12-30,03:42:29,66.4,3969.45,43,33.0
2025-12-30,03:42:39,67.6,4184.92,43,33.0
2025-12-30,03:42:50,65.0,3702.73,43,33.0
2025-12-30,03:43:00,62.2,4055.56,43,33.0
2025-12-30,03:43:10,70.4,4051.43,43,33.0
2025-12-30,03:43:20,65.9,3341.73,43,33.0
2025-12-30,03:43:30,65.9,3394.84,43,33.0
2025-12-30,03:43:40,65.6,3926.20,43,33.0
2025-12-30,03:43:51,66.4,3668.93,43,33.0
2025-12-30,03:44:01,65.2,3841.94,43,33.0
2025-12-30,03:44:11,66.0,3882.79,43,33.0
2025-12-30,03:44:21,66.8,4022.19,43,33.0
2025-12-30,03:44:31,65.6,3565.98,43,33.0
2025-12-30,03:44:41,65.2,3820.69,43,33.0
2025-12-30,03:44:52,65.9,4392.30,43,33.0
2025-12-30,03:45:02,66.5,4369.73,43,33.0
2025-12-30,03:45:12,65.8,3657.93,43,33.0
2025-12-30,03:45:22,65.6,4021.08,43,33.0
2025-12-30,03:45:32,65.6,3652.89,43,33.0
2025-12-30,03:45:42,66.4,3692.06,43,33.0
2025-12-30,03:45:52,65.9,4431.16,43,33.0
2025-12-30,03:46:03,65.9,3946.16,43,33.0
2025-12-30,03:46:13,65.4,4342.20,43,33.0
2025-12-30,03:46:23,66.2,4311.79,43,33.0
2025-12-30,03:46:33,66.4,4087.19,43,33.0
2025-12-30,03:46:43,66.6,4239.36,43,33.0
2025-12-30,03:46:53,62.9,3867.61,43,33.0
2025-12-30,03:47:04,62.5,3924.14,43,33.0
2025-12-30,03:47:14,71.4,4081.34,43,33.0
2025-12-30,03:47:24,66.2,3953.34,43,33.0
2025-12-30,03:47:34,66.0,4224.83,43,33.0
2025-12-30,03:47:44,66.1,3559.14,43,33.0
2025-12-30,03:47:54,65.2,4369.98,43,33.0
2025-12-30,03:48:04,65.8,3794.86,43,33.0
2025-12-30,03:48:15,66.8,3688.21,43,33.0
2025-12-30,03:48:25,66.2,3847.99,43,33.0
2025-12-30,03:48:35,65.2,3967.36,43,33.0
2025-12-30,03:48:45,66.5,3905.41,43,33.0
2025-12-30,03:48:55,66.1,4310.46,43,33.0
2025-12-30,03:49:05,65.8,3836.12,43,33.0
2025-12-30,03:49:15,65.4,3701.17,43,33.0
2025-12-30,03:49:26,66.2,4355.47,43,33.0
2025-12-30,03:49:36,66.1,3820.52,43,33.0
2025-12-30,03:49:46,67.0,3694.21,43,33.0
2025-12-30,03:49:56,66.1,4013.96,43,33.0
2025-12-30,03:50:06,65.5,4442.12,43,33.0
2025-12-30,03:50:16,65.8,4524.94,43,33.0
2025-12-30,03:50:27,65.9,4086.05,43,33.0
2025-12-30,03:50:37,66.2,3653.19,43,33.0
2025-12-30,03:50:47,65.8,3709.50,43,33.0
2025-12-30,03:50:57,66.8,3693.58,43,33.0
2025-12-30,03:51:07,63.5,3803.31,43,33.0
2025-12-30,03:51:17,62.5,4113.56,43,33.0
2025-12-30,03:51:27,70.9,3782.17,43,33.0
2025-12-30,03:51:38,67.4,3776.89,43,33.0
2025-12-30,03:51:48,67.6,4354.42,43,33.0
2025-12-30,03:51:58,66.9,3701.08,43,33.0
2025-12-30,03:52:08,67.0,4196.85,43,33.0
2025-12-30,03:52:18,66.9,3965.86,43,33.0
2025-12-30,03:52:28,67.9,3920.53,43,33.0
2025-12-30,03:52:38,66.6,3728.26,43,33.0
2025-12-30,03:52:49,68.0,4398.48,43,33.0
2025-12-30,03:52:59,66.9,4098.49,43,33.0
2025-12-30,03:53:09,66.5,3990.45,43,33.0
2025-12-30,03:53:19,68.0,3574.23,43,33.0
2025-12-30,03:53:29,66.8,3980.99,43,33.0
2025-12-30,03:53:39,67.0,3877.61,43,33.0
2025-12-30,03:53:50,66.5,4236.86,43,33.0
2025-12-30,03:54:00,67.2,4429.95,43,33.0
2025-12-30,03:54:10,66.2,3424.29,43,33.0
2025-12-30,03:54:20,68.4,3632.96,43,33.0
2025-12-30,03:54:30,66.8,3660.86,43,33.0
2025-12-30,03:54:40,67.8,3792.14,43,33.0
2025-12-30,03:54:50,67.1,3711.35,43,33.0
2025-12-30,03:55:01,67.8,3840.19,43,33.0
2025-12-30,03:55:11,67.0,4682.45,43,33.0
2025-12-30,03:55:21,67.2,4154.85,42,33.0
2025-12-30,03:55:31,62.9,3933.06,43,33.0
2025-12-30,03:55:41,59.9,4312.75,43,33.0
2025-12-30,03:55:51,71.4,3875.51,43,33.0
2025-12-30,03:56:02,65.8,3794.64,43,33.0
2025-12-30,03:56:12,65.2,4131.36,43,33.0
2025-12-30,03:56:22,65.9,3642.47,43,33.0
2025-12-30,03:56:32,65.5,3447.09,43,33.0
2025-12-30,03:56:42,65.4,3812.49,43,33.0
2025-12-30,03:56:52,65.5,3887.27,43,33.0
2025-12-30,03:57:02,65.6,4202.51,43,33.0
2025-12-30,03:57:13,66.0,3527.25,43,33.0
2025-12-30,03:57:23,66.0,3890.42,43,33.0
2025-12-30,03:57:33,65.6,4225.33,43,33.0
2025-12-30,03:57:43,65.6,4222.51,43,33.0
2025-12-30,03:57:53,65.5,4511.62,43,33.0
2025-12-30,03:58:03,65.6,4052.75,43,33.0
2025-12-30,03:58:13,65.5,3694.92,43,33.0
2025-12-30,03:58:24,65.8,4009.70,43,33.0
2025-12-30,03:58:34,66.6,4056.54,43,33.0
2025-12-30,03:58:44,65.5,4220.20,43,33.0
2025-12-30,03:58:54,65.9,3872.69,43,33.0
2025-12-30,03:59:04,65.5,3957.13,43,33.0
2025-12-30,03:59:14,65.8,4385.31,43,33.0
2025-12-30,03:59:24,65.8,4107.73,43,33.0
2025-12-30,03:59:35,66.2,4049.84,43,33.0
2025-12-30,03:59:45,62.1,4052.68,43,33.0
2025-12-30,03:59:55,62.6,3550.98,43,33.0
2025-12-30,04:00:05,63.1,3616.67,43,33.0
2025-12-30,04:00:15,65.5,4154.96,43,33.0
2025-12-30,04:00:25,66.1,4006.79,43,33.0
2025-12-30,04:00:36,65.4,3635.38,43,33.0
2025-12-30,04:00:46,65.8,3876.05,43,33.0
2025-12-30,04:00:56,65.0,3906.83,43,33.0
2025-12-30,04:01:06,66.0,3661.98,43,33.0
2025-12-30,04:01:16,65.4,4203.94,43,33.0
2025-12-30,04:01:26,66.0,3828.46,43,33.0
2025-12-30,04:01:36,65.8,3412.14,43,33.0
2025-12-30,04:01:47,65.4,3904.96,43,33.0
2025-12-30,04:01:57,66.0,4485.32,43,33.0
2025-12-30,04:02:07,65.4,3875.04,43,33.0
2025-12-30,04:02:17,65.9,4023.15,43,33.0
2025-12-30,04:02:27,65.9,3877.61,43,33.0
2025-12-30,04:02:37,66.0,4093.40,43,33.0
2025-12-30,04:02:48,65.9,4217.11,43,33.0
2025-12-30,04:02:58,65.4,4185.62,43,33.0
2025-12-30,04:03:08,65.6,3693.98,43,33.0
2025-12-30,04:03:18,65.4,4154.82,43,33.0
2025-12-30,04:03:28,66.9,3751.37,43,33.0
2025-12-30,04:03:38,66.5,4039.35,43,33.0
2025-12-30,04:03:48,65.8,3896.44,43,33.0
2025-12-30,04:03:59,64.6,3640.47,43,33.0
2025-12-30,04:04:09,62.9,4032.70,43,33.0
2025-12-30,04:04:19,67.8,3601.91,43,33.0
2025-12-30,04:04:29,67.0,3908.45,43,33.0
2025-12-30,04:04:39,68.4,3701.11,43,33.0
2025-12-30,04:04:49,67.8,3909.10,43,33.0
2025-12-30,04:05:00,67.5,3519.06,43,33.0
2025-12-30,04:05:10,67.6,3541.18,43,33.0
2025-12-30,04:05:20,67.9,4243.75,43,33.0
2025-12-30,04:05:30,68.8,4120.76,43,33.0
2025-12-30,04:05:40,66.8,4300.73,43,33.0
2025-12-30,04:05:50,68.2,4084.02,43,33.0
2025-12-30,04:06:00,67.1,3856.59,43,33.0
2025-12-30,04:06:11,68.4,3730.63,43,33.0
2025-12-30,04:06:21,66.9,3938.13,43,33.0
2025-12-30,04:06:31,68.2,4340.20,43,33.0
2025-12-30,04:06:41,66.8,3846.53,43,33.0
2025-12-30,04:06:51,67.6,4018.82,43,33.0
2025-12-30,04:07:01,67.4,3647.08,43,33.0
2025-12-30,04:07:12,67.4,3930.75,43,33.0
2025-12-30,04:07:22,67.1,4155.97,43,33.0
2025-12-30,04:07:32,67.4,3676.23,43,33.0
2025-12-30,04:07:42,67.9,3797.66,43,33.0
2025-12-30,04:07:52,66.5,3963.80,43,33.0
2025-12-30,04:08:02,67.0,3842.75,43,33.0
2025-12-30,04:08:12,65.1,3806.99,43,33.0
2025-12-30,04:08:23,60.5,3690.69,42,33.0
2025-12-30,04:08:33,63.2,4142.93,43,33.0
2025-12-30,04:08:43,66.9,3670.93,43,33.0
2025-12-30,04:08:53,65.9,3993.05,43,33.0
2025-12-30,04:09:03,66.2,3678.41,43,33.0
2025-12-30,04:09:13,66.1,4799.08,43,33.0
2025-12-30,04:09:24,66.9,4198.26,43,33.0
2025-12-30,04:09:34,66.2,3800.51,43,33.0
2025-12-30,04:09:44,66.2,3894.79,43,33.0
2025-12-30,04:09:54,66.4,4155.62,43,33.0
2025-12-30,04:10:04,66.9,3717.00,43,33.0
2025-12-30,04:10:14,66.6,3835.90,43,33.0
2025-12-30,04:10:24,66.8,4175.13,43,33.0
2025-12-30,04:10:35,66.5,4305.24,43,33.0
2025-12-30,04:10:45,67.0,4067.54,43,33.0
2025-12-30,04:10:55,66.2,4289.39,43,33.0
2025-12-30,04:11:05,65.9,4534.17,43,33.0
2025-12-30,04:11:15,66.2,4071.96,43,33.0
2025-12-30,04:11:25,66.4,4162.21,43,33.0
2025-12-30,04:11:35,67.0,4210.50,43,33.0
2025-12-30,04:11:46,66.9,4038.26,43,33.0
2025-12-30,04:11:56,66.6,4298.37,43,33.0
2025-12-30,04:12:06,66.5,4189.69,43,33.0
2025-12-30,04:12:16,66.5,4028.47,43,33.0
2025-12-30,04:12:26,63.1,3610.52,43,33.0
2025-12-30,04:12:36,60.0,4401.86,43,33.0
2025-12-30,04:12:47,71.6,3622.50,43,33.0
2025-12-30,04:12:57,66.0,3746.25,43,33.0
2025-12-30,04:13:07,66.0,3541.32,43,33.0
2025-12-30,04:13:17,66.4,3914.29,43,33.0
2025-12-30,04:13:27,65.4,3695.76,43,33.0
2025-12-30,04:13:37,66.0,4206.62,43,33.0
2025-12-30,04:13:47,66.5,3865.50,43,33.0
2025-12-30,04:13:58,72.9,4790.73,43,33.0
2025-12-30,04:14:08,73.5,4505.58,43,33.0
2025-12-30,04:14:18,73.0,4765.51,42,33.0
2025-12-30,04:14:28,73.8,4790.70,42,33.0
2025-12-30,04:14:38,72.9,4740.00,42,33.0
2025-12-30,04:14:48,73.1,4790.73,42,33.0
2025-12-30,04:14:59,74.4,4792.22,42,33.0
2025-12-30,04:15:09,72.6,4790.50,42,33.0
2025-12-30,04:15:19,73.8,4811.31,42,33.0
2025-12-30,04:15:29,74.1,4765.52,42,33.0
2025-12-30,04:15:39,73.8,4765.48,42,33.0
2025-12-30,04:15:49,74.4,4766.81,42,33.0
2025-12-30,04:16:00,74.9,4766.49,42,33.0
2025-12-30,04:16:10,74.4,4790.99,42,33.0
2025-12-30,04:16:20,74.5,4765.69,42,33.0
2025-12-30,04:16:30,74.2,4764.25,42,33.0
2025-12-30,04:16:40,75.8,4691.26,42,33.0
2025-12-30,04:16:50,76.5,4766.03,42,33.0
2025-12-30,04:17:01,74.5,4791.00,42,33.0
2025-12-30,04:17:11,68.8,3746.98,42,33.0
2025-12-30,04:17:21,64.8,3862.99,42,33.0
2025-12-30,04:17:31,64.0,3829.30,42,33.0
2025-12-30,04:17:41,63.9,4049.95,42,32.0
2025-12-30,04:17:51,69.2,3585.68,42,33.0
2025-12-30,04:18:02,67.8,4322.32,42,33.0
2025-12-30,04:18:12,68.2,4115.73,42,33.0
2025-12-30,04:18:22,67.8,3707.24,42,33.0
2025-12-30,04:18:32,67.9,3853.13,42,33.0
2025-12-30,04:18:42,67.8,4018.22,42,33.0
2025-12-30,04:18:52,67.8,4468.19,42,33.0
2025-12-30,04:19:02,67.9,4150.24,42,33.0
2025-12-30,04:19:13,67.8,3569.26,42,33.0
2025-12-30,04:19:23,68.0,3550.94,42,33.0
2025-12-30,04:19:33,68.4,3794.71,42,33.0
2025-12-30,04:19:43,67.9,4093.08,42,33.0
2025-12-30,04:19:53,67.5,3726.74,42,33.0
2025-12-30,04:20:03,67.4,4180.45,42,33.0
2025-12-30,04:20:14,67.1,3793.79,42,33.0
2025-12-30,04:20:24,68.2,3936.89,42,33.0
2025-12-30,04:20:34,67.8,3877.78,42,33.0
2025-12-30,04:20:44,68.0,4651.64,42,33.0
2025-12-30,04:20:54,67.5,4019.08,42,33.0
2025-12-30,04:21:04,67.1,4293.86,42,33.0
2025-12-30,04:21:14,67.0,3648.93,42,33.0
2025-12-30,04:21:25,68.2,3721.49,42,32.0
2025-12-30,04:21:35,68.0,3813.08,42,33.0
2025-12-30,04:21:45,64.2,3776.14,42,33.0
2025-12-30,04:21:55,62.4,4048.54,42,33.0
2025-12-30,04:22:05,71.0,3868.93,42,33.0
2025-12-30,04:22:15,66.9,3720.58,42,33.0
2025-12-30,04:22:25,66.5,3649.71,42,33.0
2025-12-30,04:22:36,66.4,3909.96,42,33.0
2025-12-30,04:22:46,66.2,4120.55,42,33.0
2025-12-30,04:22:56,66.2,3948.40,42,33.0
2025-12-30,04:23:06,66.1,4446.13,42,33.0
2025-12-30,04:23:16,66.6,3852.39,42,33.0
2025-12-30,04:23:26,66.4,4072.14,42,33.0
2025-12-30,04:23:37,66.1,3651.06,42,33.0
2025-12-30,04:23:47,66.5,3870.27,42,33.0
2025-12-30,04:23:57,66.4,4141.87,42,33.0
2025-12-30,04:24:07,65.9,3845.92,42,33.0
2025-12-30,04:24:17,67.1,4134.48,42,33.0
2025-12-30,04:24:27,66.8,3725.11,42,33.0
2025-12-30,04:24:37,66.5,3755.85,42,33.0
2025-12-30,04:24:48,66.9,3936.03,42,33.0
2025-12-30,04:24:58,66.5,4178.08,42,33.0
2025-12-30,04:25:08,67.4,3761.00,42,33.0
2025-12-30,04:25:18,67.2,4010.70,42,33.0
2025-12-30,04:25:28,67.8,4283.05,42,33.0
2025-12-30,04:25:38,66.5,4267.98,42,33.0
2025-12-30,04:25:49,66.5,4096.95,42,33.0
2025-12-30,04:25:59,64.8,4211.28,42,33.0
2025-12-30,04:26:09,62.1,3770.00,42,33.0
2025-12-30,04:26:19,70.5,4658.88,42,33.0
2025-12-30,04:26:29,66.6,4193.86,42,33.0
2025-12-30,04:26:39,66.5,4085.89,42,33.0
2025-12-30,04:26:49,66.1,4135.50,42,33.0
2025-12-30,04:27:00,65.5,3701.78,42,33.0
2025-12-30,04:27:10,66.4,3312.99,42,33.0
2025-12-30,04:27:20,66.8,3679.73,42,33.0
2025-12-30,04:27:30,66.1,4089.92,42,33.0
2025-12-30,04:27:40,66.8,3939.93,42,33.0
2025-12-30,04:27:50,66.5,3682.26,42,33.0
2025-12-30,04:28:01,66.8,3739.56,42,33.0
2025-12-30,04:28:11,66.5,4262.58,42,33.0
2025-12-30,04:28:21,66.1,3784.23,42,33.0
2025-12-30,04:28:31,67.2,3633.90,42,33.0
2025-12-30,04:28:41,65.9,3830.97,42,33.0
2025-12-30,04:28:51,66.2,3529.65,42,33.0
2025-12-30,04:29:01,66.8,4148.63,42,33.0
2025-12-30,04:29:12,67.0,3886.09,42,33.0
2025-12-30,04:29:22,66.8,3755.59,42,33.0
2025-12-30,04:29:32,66.4,3698.52,42,33.0
2025-12-30,04:29:42,67.0,4128.11,42,33.0
2025-12-30,04:29:52,66.6,4210.81,42,33.0
2025-12-30,04:30:02,66.5,4321.27,42,33.0
2025-12-30,04:30:12,65.4,4988.87,42,32.0
2025-12-30,04:30:23,63.5,4040.68,42,33.0
2025-12-30,04:30:33,70.8,3859.29,42,33.0
2025-12-30,04:30:43,67.4,4194.35,42,33.0
2025-12-30,04:30:53,67.5,4479.65,42,33.0
2025-12-30,04:31:03,68.0,3382.88,42,33.0
2025-12-30,04:31:13,68.6,4277.31,42,33.0
2025-12-30,04:31:24,68.4,4247.98,42,33.0
2025-12-30,04:31:34,68.6,3852.86,42,33.0
2025-12-30,04:31:44,66.9,4198.79,42,33.0
2025-12-30,04:31:54,67.2,3808.01,42,33.0
2025-12-30,04:32:04,68.1,3689.43,42,33.0
2025-12-30,04:32:14,67.9,4383.76,42,33.0
2025-12-30,04:32:24,68.8,3914.83,42,33.0
2025-12-30,04:32:35,67.8,4177.23,42,33.0
2025-12-30,04:32:45,69.0,4365.89,42,33.0
2025-12-30,04:32:55,67.2,4414.26,42,33.0
2025-12-30,04:33:05,67.6,4120.36,42,33.0
2025-12-30,04:33:15,67.9,4455.75,42,33.0
2025-12-30,04:33:25,67.8,4419.44,42,33.0
2025-12-30,04:33:36,69.1,4353.21,42,33.0
2025-12-30,04:33:46,67.2,4106.80,42,33.0
2025-12-30,04:33:56,67.9,4353.68,42,33.0
2025-12-30,04:34:06,68.6,3997.12,42,33.0
2025-12-30,04:34:16,68.0,3869.82,42,33.0
2025-12-30,04:34:26,64.9,4038.38,42,33.0
2025-12-30,04:34:36,62.6,3844.70,42,33.0
2025-12-30,04:34:47,62.0,4323.11,42,33.0
2025-12-30,04:34:57,67.1,4314.69,42,33.0
2025-12-30,04:35:07,66.6,3542.91,42,33.0
2025-12-30,04:35:17,66.4,3753.85,42,33.0
2025-12-30,04:35:27,66.2,4447.01,42,33.0
2025-12-30,04:35:37,67.1,3931.04,42,33.0
2025-12-30,04:35:48,68.1,3965.04,42,33.0
2025-12-30,04:35:58,66.9,3889.46,42,33.0
2025-12-30,04:36:08,65.9,4382.84,42,33.0
2025-12-30,04:36:18,66.2,4087.44,42,33.0
2025-12-30,04:36:28,66.8,3942.90,42,33.0
2025-12-30,04:36:38,66.9,4547.41,42,33.0
2025-12-30,04:36:48,66.1,3956.19,42,33.0
2025-12-30,04:36:59,67.0,4172.65,42,33.0
2025-12-30,04:37:09,66.6,4042.93,42,33.0
2025-12-30,04:37:19,66.4,3939.83,42,33.0
2025-12-30,04:37:29,65.9,4423.90,42,33.0
2025-12-30,04:37:39,66.9,4340.85,42,33.0
2025-12-30,04:37:49,66.9,4089.23,42,33.0
2025-12-30,04:37:59,66.5,3923.70,42,33.0
2025-12-30,04:38:10,66.1,3858.90,42,33.0
2025-12-30,04:38:20,67.4,3976.18,42,33.0
2025-12-30,04:38:30,68.4,4245.55,42,33.0
2025-12-30,04:38:40,64.2,3739.40,42,33.0
2025-12-30,04:38:50,61.5,3743.67,42,33.0
2025-12-30,04:39:00,69.2,3916.43,42,33.0
2025-12-30,04:39:10,67.2,4190.17,42,33.0
2025-12-30,04:39:21,66.8,4277.39,42,33.0
2025-12-30,04:39:31,65.9,3960.06,42,33.0
2025-12-30,04:39:41,66.5,3716.32,42,33.0
2025-12-30,04:39:51,66.2,3781.81,42,33.0
2025-12-30,04:40:01,65.9,3613.70,42,33.0
2025-12-30,04:40:11,65.5,3762.15,42,33.0
2025-12-30,04:40:22,66.0,3893.31,42,33.0
2025-12-30,04:40:32,65.5,3770.79,42,33.0
2025-12-30,04:40:42,66.4,3919.47,42,33.0
2025-12-30,04:40:52,65.5,4095.53,42,33.0
2025-12-30,04:41:02,65.5,4170.29,42,33.0
2025-12-30,04:41:12,65.2,3839.07,42,33.0
2025-12-30,04:41:22,65.2,4222.16,42,33.0
2025-12-30,04:41:33,65.4,3485.00,42,33.0
2025-12-30,04:41:43,65.4,4374.20,42,33.0
2025-12-30,04:41:53,66.2,3698.92,42,33.0
2025-12-30,04:42:03,65.2,4440.58,42,33.0
2025-12-30,04:42:13,65.8,4086.40,42,33.0
2025-12-30,04:42:23,65.8,3667.43,42,33.0
2025-12-30,04:42:34,65.8,3628.06,42,33.0
2025-12-30,04:42:44,63.0,4050.06,42,33.0
2025-12-30,04:42:54,62.6,3699.81,42,33.0
2025-12-30,04:43:04,64.4,4373.22,42,33.0
2025-12-30,04:43:14,67.6,3660.28,42,33.0
2025-12-30,04:43:24,68.4,4696.50,42,33.0
2025-12-30,04:43:34,67.5,4120.68,42,33.0
2025-12-30,04:43:45,67.2,4380.92,42,33.0
2025-12-30,04:43:55,68.2,3925.65,42,33.0
2025-12-30,04:44:05,67.0,3531.64,42,33.0
2025-12-30,04:44:15,67.2,4063.50,42,33.0
2025-12-30,04:44:25,67.6,4211.03,42,33.0
2025-12-30,04:44:35,67.8,4182.18,42,33.0
2025-12-30,04:44:45,67.6,4023.36,42,33.0
2025-12-30,04:44:56,67.1,3829.14,42,33.0
2025-12-30,04:45:06,68.0,3708.60,42,33.0
2025-12-30,04:45:16,67.5,3676.63,42,33.0
2025-12-30,04:45:26,68.0,3594.75,42,32.0
2025-12-30,04:45:36,68.1,3793.75,42,32.0
2025-12-30,04:45:46,66.9,3874.79,42,33.0
2025-12-30,04:45:56,67.9,3868.08,42,33.0
2025-12-30,04:46:07,68.5,4487.73,42,33.0
2025-12-30,04:46:17,67.0,4061.24,42,33.0
2025-12-30,04:46:27,68.5,3952.65,42,33.0
2025-12-30,04:46:37,67.5,3846.41,42,33.0
2025-12-30,04:46:47,67.2,3845.96,42,33.0
2025-12-30,04:46:57,68.0,3666.60,42,33.0
2025-12-30,04:47:08,62.5,3567.12,42,32.0
2025-12-30,04:47:18,63.0,3931.58,42,33.0
2025-12-30,04:47:28,61.6,3880.83,42,33.0
2025-12-30,04:47:38,66.8,3979.76,42,33.0
2025-12-30,04:47:48,66.0,3655.00,42,33.0
2025-12-30,04:47:58,66.1,3715.91,42,33.0
2025-12-30,04:48:08,66.6,3833.44,42,33.0
2025-12-30,04:48:19,66.1,3778.56,42,33.0
2025-12-30,04:48:29,67.0,3658.83,42,33.0
2025-12-30,04:48:39,67.1,4284.85,42,33.0
2025-12-30,04:48:49,66.5,3650.13,42,33.0
2025-12-30,04:48:59,66.2,3866.00,42,33.0
2025-12-30,04:49:09,66.6,3777.19,42,33.0
2025-12-30,04:49:20,66.1,4336.07,42,33.0
2025-12-30,04:49:30,67.4,4189.90,42,33.0
2025-12-30,04:49:40,66.5,3949.74,42,33.0
2025-12-30,04:49:50,66.5,3934.34,42,33.0
2025-12-30,04:50:00,66.4,3646.09,42,33.0
2025-12-30,04:50:10,66.5,3739.55,42,33.0
2025-12-30,04:50:20,66.0,3798.27,42,33.0
2025-12-30,04:50:31,66.8,3933.14,42,33.0
2025-12-30,04:50:41,66.4,3544.79,42,33.0
2025-12-30,04:50:51,66.8,4017.37,42,33.0
2025-12-30,04:51:01,66.6,3960.54,42,33.0
2025-12-30,04:51:11,64.2,3951.50,42,33.0
2025-12-30,04:51:21,60.4,3846.50,42,33.0
2025-12-30,04:51:32,70.9,3651.33,42,33.0
2025-12-30,04:51:42,67.1,3628.09,42,33.0
2025-12-30,04:51:52,66.1,3654.06,42,33.0
2025-12-30,04:52:02,66.9,3860.14,42,33.0
2025-12-30,04:52:12,65.9,3380.49,42,33.0
2025-12-30,04:52:22,65.8,3808.83,42,33.0
2025-12-30,04:52:32,66.5,4339.44,42,33.0
2025-12-30,04:52:43,65.9,3681.30,42,33.0
2025-12-30,04:52:53,65.9,3887.29,42,33.0
2025-12-30,04:53:03,65.6,3984.82,42,33.0
2025-12-30,04:53:13,66.0,4315.63,42,33.0
2025-12-30,04:53:23,65.5,4002.95,42,33.0
2025-12-30,04:53:33,66.8,3776.17,42,33.0
2025-12-30,04:53:44,66.2,3881.56,42,33.0
2025-12-30,04:53:54,66.0,3683.39,42,33.0
2025-12-30,04:54:04,65.6,3687.56,42,33.0
2025-12-30,04:54:14,66.8,3668.07,42,33.0
2025-12-30,04:54:24,65.9,3770.49,42,33.0
2025-12-30,04:54:34,65.1,4604.18,42,33.0
2025-12-30,04:54:44,65.9,3625.57,42,33.0
2025-12-30,04:54:55,66.9,3998.65,42,33.0
2025-12-30,04:55:05,65.5,3856.64,42,33.0
2025-12-30,04:55:15,62.9,3903.72,42,33.0
2025-12-30,04:55:25,62.1,3944.87,42,33.0
2025-12-30,04:55:35,63.2,3786.40,42,33.0
2025-12-30,04:55:45,68.4,3711.95,42,33.0
2025-12-30,04:55:56,66.8,4251.85,42,33.0
2025-12-30,04:56:06,67.4,3526.01,42,33.0
2025-12-30,04:56:16,67.4,4375.17,42,33.0
2025-12-30,04:56:26,66.9,3837.86,42,33.0
2025-12-30,04:56:36,67.6,3795.93,42,33.0
2025-12-30,04:56:46,66.0,4586.50,42,33.0
2025-12-30,04:56:56,67.0,3948.14,42,33.0
2025-12-30,04:57:07,67.9,3709.30,42,33.0
2025-12-30,04:57:17,67.2,3985.34,42,33.0
2025-12-30,04:57:27,67.6,3885.82,42,33.0
2025-12-30,04:57:37,66.9,4417.79,42,33.0
2025-12-30,04:57:47,67.0,4336.44,42,33.0
2025-12-30,04:57:57,67.8,3571.63,42,33.0
2025-12-30,04:58:07,67.6,4038.67,42,33.0
2025-12-30,04:58:18,68.2,4138.82,42,33.0
2025-12-30,04:58:28,67.5,4014.03,42,33.0
2025-12-30,04:58:38,67.6,3911.58,42,33.0
2025-12-30,04:58:48,67.0,3892.43,42,33.0
2025-12-30,04:58:58,67.8,3681.47,42,32.0
2025-12-30,04:59:08,67.8,4279.43,42,33.0
2025-12-30,04:59:19,66.8,3894.46,42,33.0
2025-12-30,04:59:29,67.4,4022.91,42,33.0
2025-12-30,04:59:39,63.4,4163.62,42,33.0
2025-12-30,04:59:49,64.4,4153.89,42,33.0
2025-12-30,04:59:59,67.2,3843.12,42,33.0
2025-12-30,05:00:09,66.9,4228.13,42,33.0
2025-12-30,05:00:19,65.9,4095.62,42,33.0
2025-12-30,05:00:30,66.5,3876.24,42,33.0
2025-12-30,05:00:40,66.5,4226.18,42,33.0
2025-12-30,05:00:50,66.0,3545.02,42,33.0
2025-12-30,05:01:00,65.9,3859.74,42,33.0
2025-12-30,05:01:10,66.1,3716.82,42,33.0
2025-12-30,05:01:20,65.9,3763.87,42,33.0
2025-12-30,05:01:31,66.2,3828.43,42,33.0
2025-12-30,05:01:41,66.8,3888.46,42,33.0
2025-12-30,05:01:51,66.0,3915.59,42,33.0
2025-12-30,05:02:01,66.8,3735.22,42,33.0
2025-12-30,05:02:11,66.8,3817.03,42,33.0
2025-12-30,05:02:21,66.2,4210.03,42,33.0
2025-12-30,05:02:31,65.8,4244.90,42,33.0
2025-12-30,05:02:42,66.0,4484.37,42,33.0
2025-12-30,05:02:52,65.8,4228.61,42,33.0
2025-12-30,05:03:02,66.4,3921.04,42,33.0
2025-12-30,05:03:12,66.5,3960.03,42,33.0
2025-12-30,05:03:22,65.2,4178.86,42,33.0
2025-12-30,05:03:32,66.8,4250.38,42,33.0
2025-12-30,05:03:43,64.1,3557.03,42,33.0
2025-12-30,05:03:53,62.6,3761.37,42,33.0
2025-12-30,05:04:03,70.9,4396.30,42,33.0
2025-12-30,05:04:13,64.9,3837.38,42,33.0
2025-12-30,05:04:23,66.2,3763.62,42,33.0
2025-12-30,05:04:33,65.9,4394.34,42,33.0
2025-12-30,05:04:43,65.8,3836.65,42,33.0
2025-12-30,05:04:54,65.6,3774.37,42,33.0
2025-12-30,05:05:04,65.6,4168.48,42,33.0
2025-12-30,05:05:14,65.6,4329.62,42,33.0
2025-12-30,05:05:24,65.9,4367.50,42,33.0
2025-12-30,05:05:34,66.1,4161.76,42,33.0
2025-12-30,05:05:44,66.5,3625.25,42,33.0
2025-12-30,05:05:55,66.0,3505.34,42,33.0
2025-12-30,05:06:05,65.8,3561.00,42,33.0
2025-12-30,05:06:15,65.9,3840.17,43,33.0
2025-12-30,05:06:25,65.2,4309.91,42,33.0
2025-12-30,05:06:35,65.9,4497.15,42,33.0
2025-12-30,05:06:45,66.1,4029.29,42,32.0
2025-12-30,05:06:55,65.2,4179.52,42,33.0
2025-12-30,05:07:06,66.0,4200.94,43,33.0
2025-12-30,05:07:16,66.4,3952.28,43,33.0
2025-12-30,05:07:26,65.0,3681.28,43,33.0
2025-12-30,05:07:36,65.5,4136.79,42,33.0
2025-12-30,05:07:46,68.2,3865.23,43,33.0
2025-12-30,05:07:56,65.0,3936.81,43,33.0
2025-12-30,05:08:06,60.4,3979.99,43,33.0
2025-12-30,05:08:17,70.9,3860.10,43,33.0
2025-12-30,05:08:27,67.6,4228.41,43,32.0
2025-12-30,05:08:37,67.1,4197.79,43,33.0
2025-12-30,05:08:47,68.0,4085.90,43,33.0
2025-12-30,05:08:57,66.8,3933.70,42,33.0
2025-12-30,05:09:07,68.0,3975.20,43,33.0
2025-12-30,05:09:18,67.8,4159.50,42,33.0
2025-12-30,05:09:28,67.6,3801.42,42,33.0
2025-12-30,05:09:38,67.5,4150.43,42,33.0
2025-12-30,05:09:48,67.4,4192.29,42,33.0
2025-12-30,05:09:58,67.9,3339.68,42,33.0
2025-12-30,05:10:08,68.1,3984.32,42,33.0
2025-12-30,05:10:18,67.2,4100.24,42,33.0
2025-12-30,05:10:29,67.4,4359.05,42,33.0
2025-12-30,05:10:39,68.2,4296.27,42,33.0
2025-12-30,05:10:49,66.8,4082.78,42,33.0
2025-12-30,05:10:59,67.8,3723.74,42,33.0
2025-12-30,05:11:09,68.0,4163.81,42,33.0
2025-12-30,05:11:19,66.9,4150.87,42,33.0
2025-12-30,05:11:30,68.5,4079.58,42,33.0
2025-12-30,05:11:40,67.2,4621.29,42,33.0
2025-12-30,05:11:50,67.8,4047.78,42,33.0
2025-12-30,05:12:00,68.9,3758.41,42,33.0
2025-12-30,05:12:10,62.9,3798.29,42,33.0
2025-12-30,05:12:20,59.5,3647.25,42,33.0
2025-12-30,05:12:30,71.0,3769.35,42,33.0
2025-12-30,05:12:41,66.9,4104.76,42,33.0
2025-12-30,05:12:51,65.8,4184.84,42,33.0
2025-12-30,05:13:01,66.4,3753.60,42,33.0
2025-12-30,05:13:11,66.1,3736.18,42,33.0
2025-12-30,05:13:21,66.2,4247.61,42,33.0
2025-12-30,05:13:31,66.2,3827.62,42,32.0
2025-12-30,05:13:42,66.9,4263.42,42,33.0
2025-12-30,05:13:52,66.6,3577.98,42,33.0
2025-12-30,05:14:02,66.1,3930.33,42,33.0
2025-12-30,05:14:12,66.9,3989.68,42,33.0
2025-12-30,05:14:22,66.2,4023.41,42,33.0
2025-12-30,05:14:32,66.2,3816.21,42,33.0
2025-12-30,05:14:42,66.1,3974.80,42,33.0
2025-12-30,05:14:53,65.8,4184.29,42,33.0
2025-12-30,05:15:03,67.0,3976.40,42,33.0
2025-12-30,05:15:13,66.9,3535.84,42,33.0
2025-12-30,05:15:23,66.0,4139.46,42,33.0
2025-12-30,05:15:33,67.5,3948.74,42,33.0
2025-12-30,05:15:43,66.6,4001.55,42,33.0
2025-12-30,05:15:53,66.5,4473.06,42,33.0
2025-12-30,05:16:04,66.4,3685.99,42,33.0
2025-12-30,05:16:14,64.6,4049.93,42,33.0
2025-12-30,05:16:24,63.4,3873.61,42,33.0
2025-12-30,05:16:34,72.0,3675.56,42,33.0
2025-12-30,05:16:44,64.6,3804.27,42,33.0
2025-12-30,05:16:54,65.8,3589.97,42,33.0
2025-12-30,05:17:05,65.5,3854.78,42,33.0
2025-12-30,05:17:15,65.0,4037.07,42,33.0
2025-12-30,05:17:25,65.2,4130.88,42,33.0
2025-12-30,05:17:35,66.2,4440.17,42,32.0
2025-12-30,05:17:45,65.9,4335.36,42,33.0
2025-12-30,05:17:55,65.4,4693.65,42,33.0
2025-12-30,05:18:06,66.0,3944.03,42,33.0
2025-12-30,05:18:16,65.8,3891.49,42,33.0
2025-12-30,05:18:26,65.8,3733.66,42,33.0
2025-12-30,05:18:36,66.2,4403.53,42,33.0
2025-12-30,05:18:46,65.9,3918.61,42,33.0
2025-12-30,05:18:56,65.8,3673.26,42,33.0
2025-12-30,05:19:06,66.4,3526.40,42,33.0
2025-12-30,05:19:17,65.8,3541.79,42,33.0
2025-12-30,05:19:27,65.5,4314.69,43,33.0
2025-12-30,05:19:37,65.2,3845.68,43,33.0
2025-12-30,05:19:47,65.6,3571.55,42,33.0
2025-12-30,05:19:57,66.2,4241.56,43,33.0
2025-12-30,05:20:07,65.1,3725.41,42,33.0
2025-12-30,05:20:18,65.5,3435.33,43,33.0
2025-12-30,05:20:28,63.5,3875.26,43,33.0
2025-12-30,05:20:38,63.6,3541.78,43,33.0
2025-12-30,05:20:48,67.8,4678.85,43,32.0
2025-12-30,05:20:58,67.2,3592.29,43,33.0
2025-12-30,05:21:08,67.8,3951.37,43,33.0
2025-12-30,05:21:19,67.2,3844.44,43,33.0
2025-12-30,05:21:29,67.4,4051.13,43,33.0
2025-12-30,05:21:39,66.9,4281.94,42,33.0
2025-12-30,05:21:49,67.0,3767.54,42,33.0
2025-12-30,05:21:59,67.6,3999.54,43,33.0
2025-12-30,05:22:09,66.8,4150.03,42,33.0
2025-12-30,05:22:19,66.5,4083.30,43,33.0
2025-12-30,05:22:30,68.1,4724.89,42,33.0
2025-12-30,05:22:40,66.6,4363.66,42,33.0
2025-12-30,05:22:50,66.9,3529.64,42,33.0
2025-12-30,05:23:00,67.1,3683.26,42,33.0
2025-12-30,05:23:10,66.6,3651.20,42,33.0
2025-12-30,05:23:20,67.5,4068.61,42,33.0
2025-12-30,05:23:30,66.4,3707.45,42,33.0
2025-12-30,05:23:41,66.9,3405.84,42,33.0
2025-12-30,05:23:51,67.6,3542.01,42,33.0
2025-12-30,05:24:01,66.6,3711.01,42,32.0
2025-12-30,05:24:11,66.9,3614.79,42,33.0
2025-12-30,05:24:21,67.4,3624.33,42,33.0
2025-12-30,05:24:31,66.6,3327.50,42,33.0
2025-12-30,05:24:41,61.0,4450.68,42,33.0
2025-12-30,05:24:52,63.6,3484.80,42,33.0
2025-12-30,05:25:02,67.0,3498.46,42,33.0
2025-12-30,05:25:12,65.1,3495.94,42,33.0
2025-12-30,05:25:22,65.8,3832.04,42,33.0
2025-12-30,05:25:32,65.8,3510.02,42,33.0
2025-12-30,05:25:42,65.8,3825.00,42,33.0
2025-12-30,05:25:53,65.9,3535.19,42,33.0
2025-12-30,05:26:03,66.1,3964.32,42,33.0
2025-12-30,05:26:13,65.0,3945.06,42,33.0
2025-12-30,05:26:23,65.1,3421.51,42,33.0
2025-12-30,05:26:33,65.4,3917.64,42,33.0
2025-12-30,05:26:43,66.0,3605.70,42,33.0
2025-12-30,05:26:53,65.9,3784.90,42,33.0
2025-12-30,05:27:04,65.5,3770.68,42,33.0
2025-12-30,05:27:14,65.4,3745.70,42,33.0
2025-12-30,05:27:24,65.0,3993.14,42,33.0
2025-12-30,05:27:34,66.4,3447.92,42,33.0
2025-12-30,05:27:44,66.5,3904.09,42,33.0
2025-12-30,05:27:54,66.6,3378.98,42,33.0
2025-12-30,05:28:05,65.8,3782.60,42,33.0
2025-12-30,05:28:15,65.1,3539.93,42,33.0
2025-12-30,05:28:25,66.0,3857.47,42,33.0
2025-12-30,05:28:35,65.4,3961.09,42,33.0
2025-12-30,05:28:45,61.6,3880.09,42,33.0
2025-12-30,05:28:55,61.1,4075.57,42,33.0
2025-12-30,05:29:05,62.9,3685.15,43,33.0
2025-12-30,05:29:16,65.1,3570.79,43,33.0
2025-12-30,05:29:26,65.4,3963.42,42,33.0
2025-12-30,05:29:36,65.0,3442.47,43,33.0
2025-12-30,05:29:46,65.1,3965.83,43,33.0
2025-12-30,05:29:56,65.4,4526.86,42,33.0
2025-12-30,05:30:06,65.4,4031.29,43,33.0
2025-12-30,05:30:17,64.9,3643.21,43,33.0
2025-12-30,05:30:27,65.0,3920.06,43,33.0
2025-12-30,05:30:37,65.0,3806.82,43,33.0
2025-12-30,05:30:47,64.9,3743.11,43,33.0
2025-12-30,05:30:57,65.8,3625.26,43,33.0
2025-12-30,05:31:07,65.4,3890.65,43,33.0
2025-12-30,05:31:17,65.4,3658.35,43,33.0
2025-12-30,05:31:28,65.4,4445.77,43,33.0
2025-12-30,05:31:38,65.4,4506.53,43,33.0
2025-12-30,05:31:48,66.2,4117.53,43,33.0
2025-12-30,05:31:58,65.0,4047.59,43,33.0
2025-12-30,05:32:08,65.4,3861.93,43,33.0
2025-12-30,05:32:18,65.1,3981.87,43,33.0
2025-12-30,05:32:29,65.8,3716.14,43,33.0
2025-12-30,05:32:39,65.1,3606.40,43,33.0
2025-12-30,05:32:49,63.0,3980.08,43,33.0
2025-12-30,05:32:59,61.5,3675.25,43,33.0
2025-12-30,05:33:09,67.2,3500.04,43,33.0
2025-12-30,05:33:19,65.8,3994.94,43,33.0
2025-12-30,05:33:30,67.4,3763.83,43,32.0
2025-12-30,05:33:40,66.4,4117.76,43,33.0
2025-12-30,05:33:50,66.5,3810.82,43,33.0
2025-12-30,05:34:00,67.6,3635.79,43,33.0
2025-12-30,05:34:10,65.9,3703.65,43,33.0
2025-12-30,05:34:20,67.0,3449.19,43,33.0
2025-12-30,05:34:30,65.9,3597.06,43,33.0
2025-12-30,05:34:41,66.8,3967.13,43,33.0
2025-12-30,05:34:51,67.2,3797.09,42,33.0
2025-12-30,05:35:01,67.2,4097.87,43,33.0
2025-12-30,05:35:11,67.5,3797.64,43,33.0
2025-12-30,05:35:21,66.5,3836.82,42,33.0
2025-12-30,05:35:31,66.6,3571.99,42,33.0
2025-12-30,05:35:42,65.9,3568.11,42,33.0
2025-12-30,05:35:52,66.8,3344.32,42,33.0
2025-12-30,05:36:02,67.5,4726.04,42,33.0
2025-12-30,05:36:12,66.9,3471.16,42,33.0
2025-12-30,05:36:22,66.9,3885.07,42,33.0
2025-12-30,05:36:32,66.2,3630.68,42,33.0
2025-12-30,05:36:42,67.9,4313.11,42,33.0
2025-12-30,05:36:53,66.1,4059.02,42,33.0
2025-12-30,05:37:03,64.0,3735.45,42,33.0
2025-12-30,05:37:13,61.6,3742.16,42,33.0
2025-12-30,05:37:23,59.4,3628.58,42,33.0
2025-12-30,05:37:33,66.2,4001.89,42,33.0
2025-12-30,05:37:43,66.0,3584.81,42,33.0
2025-12-30,05:37:54,65.9,3777.87,42,33.0
2025-12-30,05:38:04,65.4,3460.85,42,33.0
2025-12-30,05:38:14,65.0,3785.25,42,33.0
2025-12-30,05:38:24,65.0,3570.63,42,33.0
2025-12-30,05:38:34,65.2,3863.91,42,33.0
2025-12-30,05:38:44,66.0,3957.75,42,33.0
2025-12-30,05:38:55,66.1,3607.20,42,33.0
2025-12-30,05:39:05,64.5,3983.54,42,33.0
2025-12-30,05:39:15,65.9,3755.28,42,33.0
2025-12-30,05:39:25,65.5,3391.95,42,33.0
2025-12-30,05:39:35,65.0,4028.74,42,33.0
2025-12-30,05:39:45,66.4,3668.57,42,33.0
2025-12-30,05:39:55,66.2,4568.21,42,33.0
2025-12-30,05:40:06,65.5,4236.95,42,33.0
2025-12-30,05:40:16,65.4,3651.03,43,33.0
2025-12-30,05:40:26,65.1,3535.05,43,33.0
2025-12-30,05:40:36,65.5,3720.95,42,33.0
2025-12-30,05:40:46,65.9,3583.76,43,33.0
2025-12-30,05:40:56,65.8,3813.70,43,33.0
2025-12-30,05:41:07,65.2,3907.79,42,33.0
2025-12-30,05:41:17,64.4,3684.98,43,33.0
2025-12-30,05:41:27,61.6,3649.39,43,33.0
2025-12-30,05:41:37,71.1,3746.35,43,33.0
2025-12-30,05:41:47,65.8,3463.09,42,33.0
2025-12-30,05:41:57,66.4,3193.26,43,33.0
2025-12-30,05:42:07,64.9,3840.53,43,33.0
2025-12-30,05:42:18,65.5,3293.34,43,33.0
2025-12-30,05:42:28,65.1,4143.70,43,33.0
2025-12-30,05:42:38,66.5,3733.54,43,33.0
2025-12-30,05:42:48,64.6,3938.39,43,33.0
2025-12-30,05:42:58,65.0,3662.09,42,33.0
2025-12-30,05:43:08,65.4,3671.15,43,33.0
2025-12-30,05:43:19,64.8,3801.50,43,33.0
2025-12-30,05:43:29,64.8,3520.08,43,33.0
2025-12-30,05:43:39,66.0,3664.97,43,33.0
2025-12-30,05:43:49,65.6,3742.72,43,33.0
2025-12-30,05:43:59,65.6,3946.73,43,33.0
2025-12-30,05:44:09,64.9,3471.01,43,33.0
2025-12-30,05:44:19,65.9,3809.19,43,33.0
2025-12-30,05:44:30,64.6,3895.42,43,33.0
2025-12-30,05:44:40,66.0,3439.88,43,33.0
2025-12-30,05:44:50,65.8,4088.00,43,33.0
2025-12-30,05:45:00,65.6,3497.28,43,33.0
2025-12-30,05:45:10,64.9,3645.37,43,33.0
2025-12-30,05:45:20,62.5,3586.58,43,33.0
2025-12-30,05:45:31,61.6,3769.39,43,33.0
2025-12-30,05:45:41,62.4,3619.79,43,33.0
2025-12-30,05:45:51,67.6,3978.58,43,33.0
2025-12-30,05:46:01,67.2,3701.81,43,33.0
2025-12-30,05:46:11,66.0,3760.85,43,33.0
2025-12-30,05:46:21,67.5,3633.35,43,33.0
2025-12-30,05:46:32,66.9,3957.70,43,33.0
2025-12-30,05:46:42,66.0,3856.47,43,33.0
2025-12-30,05:46:52,66.5,4095.47,43,33.0
2025-12-30,05:47:02,67.0,3540.12,42,33.0
2025-12-30,05:47:12,66.5,3327.61,43,33.0
2025-12-30,05:47:22,67.4,3733.41,42,33.0
2025-12-30,05:47:32,66.1,3673.40,42,33.0
2025-12-30,05:47:43,67.0,3811.33,43,33.0
2025-12-30,05:47:53,66.9,4140.44,42,33.0
2025-12-30,05:48:03,66.0,4363.87,42,33.0
2025-12-30,05:48:13,67.2,3730.45,42,33.0
2025-12-30,05:48:23,67.4,3558.71,42,33.0
2025-12-30,05:48:33,67.5,4289.79,42,33.0
2025-12-30,05:48:44,68.1,4240.57,42,33.0
2025-12-30,05:48:54,66.1,4276.05,42,33.0
2025-12-30,05:49:04,67.4,3827.56,42,33.0
2025-12-30,05:49:14,67.5,3909.11,42,33.0
2025-12-30,05:49:24,67.8,3685.87,42,33.0
2025-12-30,05:49:34,64.0,3983.55,42,33.0
2025-12-30,05:49:44,60.8,3745.03,42,33.0
2025-12-30,05:49:55,64.1,3590.65,42,33.0
2025-12-30,05:50:05,61.5,3452.39,42,33.0
2025-12-30,05:50:15,65.0,3767.01,42,32.0
2025-12-30,05:50:25,65.5,3931.02,42,33.0
2025-12-30,05:50:35,65.6,3594.72,42,33.0
2025-12-30,05:50:45,65.9,3374.48,42,33.0
2025-12-30,05:50:56,65.6,4515.79,42,33.0
2025-12-30,05:51:06,65.5,3696.43,42,33.0
2025-12-30,05:51:16,65.5,3623.30,42,33.0
2025-12-30,05:51:26,65.4,4144.61,42,33.0
2025-12-30,05:51:36,65.6,3961.92,42,33.0
2025-12-30,05:51:46,65.9,4042.35,42,33.0
2025-12-30,05:51:57,65.4,4198.22,42,33.0
2025-12-30,05:52:07,65.8,3695.74,42,33.0
2025-12-30,05:52:17,65.2,3916.27,42,33.0
2025-12-30,05:52:27,65.6,3784.54,42,33.0
2025-12-30,05:52:37,65.6,4151.91,42,33.0
2025-12-30,05:52:47,65.8,3958.27,42,33.0
2025-12-30,05:52:57,65.9,3649.81,42,33.0
2025-12-30,05:53:08,65.2,3474.25,42,33.0
2025-12-30,05:53:18,65.0,3986.30,42,33.0
2025-12-30,05:53:28,65.6,3593.71,42,33.0
2025-12-30,05:53:38,66.1,3866.41,43,33.0
2025-12-30,05:53:48,61.6,4057.52,43,33.0
2025-12-30,05:53:58,60.0,3589.70,43,33.0
2025-12-30,05:54:09,70.1,3283.19,43,33.0
2025-12-30,05:54:19,64.8,3750.14,42,33.0
2025-12-30,05:54:29,65.5,4301.86,43,33.0
2025-12-30,05:54:39,65.1,3760.27,43,33.0
2025-12-30,05:54:49,64.8,4040.27,43,33.0
2025-12-30,05:54:59,65.2,3397.92,43,33.0
2025-12-30,05:55:10,65.2,3549.83,43,33.0
2025-12-30,05:55:20,65.2,3549.34,43,33.0
2025-12-30,05:55:30,65.0,3975.09,43,33.0
2025-12-30,05:55:40,64.6,3531.38,43,33.0
2025-12-30,05:55:50,65.2,3547.63,43,33.0
2025-12-30,05:56:00,65.8,3609.36,43,33.0
2025-12-30,05:56:10,65.1,3802.16,43,33.0
2025-12-30,05:56:21,65.2,3562.99,43,33.0
2025-12-30,05:56:31,64.8,3812.67,43,33.0
2025-12-30,05:56:41,65.2,4024.68,43,33.0
2025-12-30,05:56:51,65.6,3871.02,43,33.0
2025-12-30,05:57:01,65.5,3625.82,43,33.0
2025-12-30,05:57:11,65.2,4001.13,43,33.0
2025-12-30,05:57:21,65.9,3740.02,43,33.0
2025-12-30,05:57:32,66.4,3686.58,43,33.0
2025-12-30,05:57:42,65.9,3560.70,43,33.0
2025-12-30,05:57:52,63.5,3809.32,43,33.0
2025-12-30,05:58:02,62.4,3903.31,43,32.0
2025-12-30,05:58:12,63.6,4281.01,43,33.0
2025-12-30,05:58:22,68.4,3972.08,43,33.0
2025-12-30,05:58:33,66.9,3961.14,43,33.0
2025-12-30,05:58:43,67.9,4115.30,43,33.0
2025-12-30,05:58:53,67.1,4049.95,43,33.0
2025-12-30,05:59:03,67.6,3775.34,43,33.0
2025-12-30,05:59:13,68.2,3630.06,42,32.0
2025-12-30,05:59:23,66.2,4320.67,43,33.0
2025-12-30,05:59:33,67.9,3427.41,42,33.0
2025-12-30,05:59:44,66.9,3976.82,42,33.0
2025-12-30,05:59:54,67.2,3725.03,42,33.0
2025-12-30,06:00:04,68.1,4186.31,42,33.0
2025-12-30,06:00:14,66.8,3990.59,42,32.0
2025-12-30,06:00:24,67.2,3613.44,42,33.0
2025-12-30,06:00:34,66.5,4048.54,42,32.0
2025-12-30,06:00:44,67.8,3751.86,42,32.0
2025-12-30,06:00:55,68.2,3800.34,42,32.0
2025-12-30,06:01:05,66.8,3873.60,42,33.0
2025-12-30,06:01:15,67.2,3709.74,42,32.0
2025-12-30,06:01:25,66.8,3579.21,42,32.0
2025-12-30,06:01:35,67.2,3847.10,42,33.0
2025-12-30,06:01:45,67.5,4214.29,42,33.0
2025-12-30,06:01:56,67.1,4317.36,42,32.0
2025-12-30,06:02:06,67.8,3867.85,42,33.0
2025-12-30,06:02:16,61.6,4621.18,42,33.0
2025-12-30,06:02:26,61.1,3975.55,42,33.0
2025-12-30,06:02:36,63.4,3559.73,42,32.0
2025-12-30,06:02:46,66.6,3853.94,42,33.0
2025-12-30,06:02:56,67.0,4059.11,42,32.0
2025-12-30,06:03:07,66.4,3858.71,42,33.0
2025-12-30,06:03:17,65.6,3544.37,42,33.0
2025-12-30,06:03:27,65.9,4044.55,42,32.0
2025-12-30,06:03:37,65.9,3867.74,42,33.0
2025-12-30,06:03:47,67.0,3386.71,42,33.0
2025-12-30,06:03:57,66.0,3695.72,42,33.0
2025-12-30,06:04:07,65.2,4027.98,42,33.0
2025-12-30,06:04:18,66.2,3426.71,42,33.0
2025-12-30,06:04:28,65.9,4207.78,42,33.0
2025-12-30,06:04:38,66.5,3710.64,42,33.0
2025-12-30,06:04:48,66.0,4289.96,42,33.0
2025-12-30,06:04:58,66.4,3948.67,42,33.0
2025-12-30,06:05:08,66.8,3733.39,42,33.0
2025-12-30,06:05:19,66.5,3642.60,42,33.0
2025-12-30,06:05:29,66.1,3867.53,42,33.0
2025-12-30,06:05:39,66.4,3513.08,42,33.0
2025-12-30,06:05:49,66.1,3865.68,42,33.0
2025-12-30,06:05:59,66.1,3903.24,42,32.0
2025-12-30,06:06:09,66.9,3350.39,42,33.0
2025-12-30,06:06:19,63.9,4021.10,42,32.0
2025-12-30,06:06:30,62.9,3833.49,42,33.0
2025-12-30,06:06:40,66.6,3529.66,42,33.0
2025-12-30,06:06:50,65.5,3860.77,42,33.0
2025-12-30,06:07:00,66.0,3867.19,42,32.0
2025-12-30,06:07:10,66.0,3808.37,42,33.0
2025-12-30,06:07:20,65.8,4284.34,42,33.0
2025-12-30,06:07:31,66.1,3591.42,42,33.0
2025-12-30,06:07:41,66.2,3785.65,42,33.0
2025-12-30,06:07:51,65.1,4255.22,42,33.0
2025-12-30,06:08:01,66.2,3654.36,42,32.0
2025-12-30,06:08:11,65.9,3837.95,42,33.0
2025-12-30,06:08:21,66.0,3599.68,42,33.0
2025-12-30,06:08:31,65.8,3898.94,42,33.0
2025-12-30,06:08:42,66.4,3954.15,42,33.0
2025-12-30,06:08:52,65.8,4047.92,42,33.0
2025-12-30,06:09:02,65.6,4088.46,42,33.0
2025-12-30,06:09:12,65.4,4254.91,42,33.0
2025-12-30,06:09:22,65.5,4066.49,42,33.0
2025-12-30,06:09:32,66.2,4100.86,42,33.0
2025-12-30,06:09:43,65.4,4169.53,42,33.0
2025-12-30,06:09:53,65.8,4051.94,42,33.0
2025-12-30,06:10:03,65.9,4116.07,42,33.0
2025-12-30,06:10:13,65.8,4293.11,43,33.0
2025-12-30,06:10:23,66.5,3891.18,42,33.0
2025-12-30,06:10:33,64.5,4150.42,42,33.0
2025-12-30,06:10:43,64.1,4154.35,42,33.0
2025-12-30,06:10:54,68.9,4171.88,42,33.0
2025-12-30,06:11:04,66.8,3833.62,43,33.0
2025-12-30,06:11:14,68.1,4614.39,42,33.0
2025-12-30,06:11:24,66.4,3798.40,42,32.0
2025-12-30,06:11:34,67.9,4130.41,42,33.0
2025-12-30,06:11:44,67.9,4052.48,42,33.0
2025-12-30,06:11:55,67.5,3467.94,42,33.0
2025-12-30,06:12:05,68.8,3958.54,42,33.0
2025-12-30,06:12:15,66.9,4178.04,42,33.0
2025-12-30,06:12:25,67.5,3757.77,42,33.0
2025-12-30,06:12:35,66.1,4428.97,42,33.0
2025-12-30,06:12:45,66.6,3989.57,42,33.0
2025-12-30,06:12:55,68.0,3666.58,42,33.0
2025-12-30,06:13:06,66.6,3750.75,42,33.0
2025-12-30,06:13:16,67.8,4229.09,42,33.0
2025-12-30,06:13:26,67.6,4408.45,42,33.0
2025-12-30,06:13:36,67.4,4093.07,42,33.0
2025-12-30,06:13:46,67.8,3751.52,42,33.0
2025-12-30,06:13:56,67.6,4345.91,42,33.0
2025-12-30,06:14:07,66.8,3948.30,42,33.0
2025-12-30,06:14:17,68.2,3862.91,42,32.0
2025-12-30,06:14:27,67.2,4329.44,42,33.0
2025-12-30,06:14:37,68.2,3892.53,42,33.0
2025-12-30,06:14:47,65.2,4062.28,42,33.0
2025-12-30,06:14:57,61.6,3728.01,42,33.0
2025-12-30,06:15:08,60.5,4352.37,42,32.0
2025-12-30,06:15:18,66.5,3978.26,42,33.0
2025-12-30,06:15:28,66.1,3814.13,42,33.0
2025-12-30,06:15:38,65.6,3904.35,42,33.0
2025-12-30,06:15:48,67.6,3721.71,42,32.0
2025-12-30,06:15:58,66.0,4318.12,42,33.0
2025-12-30,06:16:08,66.2,4075.45,42,33.0
2025-12-30,06:16:19,65.5,4294.93,42,33.0
2025-12-30,06:16:29,66.1,3848.33,42,33.0
2025-12-30,06:16:39,66.1,3808.43,42,33.0
2025-12-30,06:16:49,66.1,4110.94,42,33.0
2025-12-30,06:16:59,65.9,4100.31,42,33.0
2025-12-30,06:17:09,65.8,3634.76,42,33.0
2025-12-30,06:17:19,65.9,4399.28,42,33.0
2025-12-30,06:17:30,66.0,4280.90,42,33.0
2025-12-30,06:17:40,65.6,4094.10,42,33.0
2025-12-30,06:17:50,65.2,3638.76,42,33.0
2025-12-30,06:18:00,66.1,4412.00,42,33.0
2025-12-30,06:18:10,65.9,3792.78,42,33.0
2025-12-30,06:18:20,65.4,3545.69,42,33.0
2025-12-30,06:18:31,66.8,3820.70,42,33.0
2025-12-30,06:18:41,65.9,3574.95,42,33.0
2025-12-30,06:18:51,65.6,3667.74,42,33.0
2025-12-30,06:19:01,63.2,4228.84,42,33.0
2025-12-30,06:19:11,61.6,4236.22,42,33.0
2025-12-30,06:19:21,59.1,4154.17,42,33.0
2025-12-30,06:19:31,66.1,3401.65,42,33.0
2025-12-30,06:19:42,65.8,3668.55,42,33.0
2025-12-30,06:19:52,66.0,4706.09,42,33.0
2025-12-30,06:20:02,65.8,3819.33,42,33.0
2025-12-30,06:20:12,65.5,3972.05,42,33.0
2025-12-30,06:20:22,65.4,3957.57,42,32.0
2025-12-30,06:20:32,65.5,3714.91,42,33.0
2025-12-30,06:20:43,65.2,3563.54,42,33.0
2025-12-30,06:20:53,65.9,3985.29,42,33.0
2025-12-30,06:21:03,66.0,4238.33,42,33.0
2025-12-30,06:21:13,65.9,3690.11,42,33.0
2025-12-30,06:21:23,65.6,3941.57,42,33.0
2025-12-30,06:21:33,65.1,3620.09,42,33.0
2025-12-30,06:21:43,65.4,3669.12,42,33.0
2025-12-30,06:21:54,65.4,4235.52,42,33.0
2025-12-30,06:22:04,65.5,4136.81,42,33.0
2025-12-30,06:22:14,65.4,3985.59,42,33.0
2025-12-30,06:22:24,65.9,4256.70,42,33.0
2025-12-30,06:22:34,65.0,3624.54,42,33.0
2025-12-30,06:22:44,65.4,3813.74,42,33.0
2025-12-30,06:22:54,65.2,3426.20,42,33.0
2025-12-30,06:23:05,65.0,3778.87,42,33.0
2025-12-30,06:23:15,64.9,3732.81,42,33.0
2025-12-30,06:23:25,63.1,3936.49,43,33.0
2025-12-30,06:23:35,70.9,4771.01,43,33.0
2025-12-30,06:23:45,67.1,4011.45,43,33.0
2025-12-30,06:23:55,67.9,3651.48,42,33.0
2025-12-30,06:24:06,66.6,3878.84,42,33.0
2025-12-30,06:24:16,66.8,4004.57,42,33.0
2025-12-30,06:24:26,66.1,3395.10,42,33.0
2025-12-30,06:24:36,66.1,3971.49,42,33.0
2025-12-30,06:24:46,67.2,4714.53,42,33.0
2025-12-30,06:24:56,67.0,4336.03,42,33.0
2025-12-30,06:25:07,67.1,4358.30,42,33.0
2025-12-30,06:25:17,66.6,4411.91,42,33.0
2025-12-30,06:25:27,66.8,3705.06,42,33.0
2025-12-30,06:25:37,67.2,3564.96,42,33.0
2025-12-30,06:25:47,66.4,3841.67,42,33.0
2025-12-30,06:25:57,66.9,3503.76,42,33.0
2025-12-30,06:26:07,67.6,3955.19,42,33.0
2025-12-30,06:26:18,66.9,3701.67,42,32.0
2025-12-30,06:26:28,67.6,4192.01,42,33.0
2025-12-30,06:26:38,67.0,3433.41,42,33.0
2025-12-30,06:26:48,67.2,3346.46,42,33.0
2025-12-30,06:26:58,67.5,4049.90,42,32.0
2025-12-30,06:27:08,66.1,3662.02,42,33.0
2025-12-30,06:27:18,68.0,3970.35,42,32.0
2025-12-30,06:27:29,64.2,3681.51,42,33.0
2025-12-30,06:27:39,64.0,3562.60,42,33.0
2025-12-30,06:27:49,59.9,3456.99,42,33.0
2025-12-30,06:27:59,65.9,4232.46,42,33.0
2025-12-30,06:28:09,65.2,3946.50,42,33.0
2025-12-30,06:28:19,65.4,3694.04,42,33.0
2025-12-30,06:28:30,65.4,3541.14,42,33.0
2025-12-30,06:28:40,65.9,3976.90,42,33.0
2025-12-30,06:28:50,65.8,3709.30,42,33.0
2025-12-30,06:29:00,65.8,4367.44,42,33.0
2025-12-30,06:29:10,65.9,3684.91,42,33.0
2025-12-30,06:29:20,66.5,3329.81,42,33.0
2025-12-30,06:29:31,65.1,3609.06,42,33.0
2025-12-30,06:29:41,65.4,3844.49,42,33.0
2025-12-30,06:29:51,65.6,3626.09,42,33.0
2025-12-30,06:30:01,64.8,4079.32,42,33.0
2025-12-30,06:30:11,65.6,3951.37,42,33.0
2025-12-30,06:30:21,65.8,3659.70,42,32.0
2025-12-30,06:30:31,65.8,3534.32,42,33.0
2025-12-30,06:30:42,65.9,3734.18,42,33.0
2025-12-30,06:30:52,65.4,3759.75,42,33.0
2025-12-30,06:31:02,65.8,3390.77,42,33.0
2025-12-30,06:31:12,65.0,3817.74,42,33.0
2025-12-30,06:31:22,66.9,4276.56,42,33.0
2025-12-30,06:31:32,64.4,3527.06,42,33.0
2025-12-30,06:31:43,63.0,3453.36,42,32.0
2025-12-30,06:31:53,70.9,4022.33,43,33.0
2025-12-30,06:32:03,62.8,3535.77,43,33.0
2025-12-30,06:32:13,65.4,3587.48,43,33.0
2025-12-30,06:32:23,64.8,3708.93,43,33.0
2025-12-30,06:32:33,65.1,3507.52,43,33.0
2025-12-30,06:32:43,65.4,3502.33,42,33.0
2025-12-30,06:32:54,65.5,3617.43,43,33.0
2025-12-30,06:33:04,65.5,3805.03,43,33.0
2025-12-30,06:33:14,65.6,3353.54,43,33.0
2025-12-30,06:33:24,65.4,3927.14,43,33.0
2025-12-30,06:33:34,65.9,3706.65,43,33.0
2025-12-30,06:33:44,65.9,3503.13,43,33.0
2025-12-30,06:33:55,65.5,3860.05,43,33.0
2025-12-30,06:34:05,65.1,3777.04,43,33.0
2025-12-30,06:34:15,65.6,3339.77,43,33.0
2025-12-30,06:34:25,65.5,3835.09,43,33.0
2025-12-30,06:34:35,65.8,3780.48,43,33.0
2025-12-30,06:34:45,65.6,3868.77,43,33.0
2025-12-30,06:34:55,66.2,3813.90,43,33.0
2025-12-30,06:35:06,65.8,3826.67,43,33.0
2025-12-30,06:35:16,64.5,4127.57,43,33.0
2025-12-30,06:35:26,64.9,3343.84,43,33.0
2025-12-30,06:35:36,67.2,3657.20,43,33.0
2025-12-30,06:35:46,64.4,3470.48,43,33.0
2025-12-30,06:35:56,59.4,3831.16,43,33.0
2025-12-30,06:36:07,69.6,3482.48,43,33.0
2025-12-30,06:36:17,67.2,4438.03,43,33.0
2025-12-30,06:36:27,66.4,4071.28,43,33.0
2025-12-30,06:36:37,66.6,4331.02,43,33.0
2025-12-30,06:36:47,65.9,4232.17,43,33.0
2025-12-30,06:36:57,66.2,3794.58,43,33.0
2025-12-30,06:37:07,67.5,4010.62,43,33.0
2025-12-30,06:37:18,66.2,3974.71,43,32.0
2025-12-30,06:37:28,66.9,4599.63,43,33.0
2025-12-30,06:37:38,65.8,3825.28,43,33.0
2025-12-30,06:37:48,66.4,3758.85,42,33.0
2025-12-30,06:37:58,66.9,3430.35,43,33.0
2025-12-30,06:38:08,67.1,3903.57,43,33.0
2025-12-30,06:38:19,67.4,4200.72,43,33.0
2025-12-30,06:38:29,67.2,4373.41,42,33.0
2025-12-30,06:38:39,66.8,3876.41,42,33.0
2025-12-30,06:38:49,66.2,4178.86,42,32.0
2025-12-30,06:38:59,66.4,3704.45,42,33.0
2025-12-30,06:39:09,67.4,3662.61,42,33.0
2025-12-30,06:39:19,65.9,3966.36,42,33.0
2025-12-30,06:39:30,66.5,3489.90,42,33.0
2025-12-30,06:39:40,65.9,4093.71,42,33.0
2025-12-30,06:39:50,66.9,3878.94,42,33.0
2025-12-30,06:40:00,63.0,3601.25,42,33.0
2025-12-30,06:40:10,63.1,3845.84,42,33.0
2025-12-30,06:40:20,67.9,3875.58,42,33.0
2025-12-30,06:40:31,65.1,4200.70,42,33.0
2025-12-30,06:40:41,64.6,3609.96,43,33.0
2025-12-30,06:40:51,65.5,3541.55,43,33.0
2025-12-30,06:41:01,64.6,3557.34,43,33.0
2025-12-30,06:41:11,65.1,3952.40,43,33.0
2025-12-30,06:41:21,65.0,4011.90,43,33.0
2025-12-30,06:41:32,65.5,3443.71,42,33.0
2025-12-30,06:41:42,65.2,3633.99,43,33.0
2025-12-30,06:41:52,65.0,3756.47,43,33.0
2025-12-30,06:42:02,64.8,4005.22,42,33.0
2025-12-30,06:42:12,64.9,3302.10,42,33.0
2025-12-30,06:42:22,65.9,3369.74,43,33.0
2025-12-30,06:42:32,64.9,3893.65,43,33.0
2025-12-30,06:42:43,64.9,3752.56,43,32.0
2025-12-30,06:42:53,65.9,3474.94,43,33.0
2025-12-30,06:43:03,64.9,3680.08,43,33.0
2025-12-30,06:43:13,65.1,3686.74,43,32.0
2025-12-30,06:43:23,64.6,3525.37,42,32.0
2025-12-30,06:43:33,65.1,3694.16,43,33.0
2025-12-30,06:43:44,64.9,3899.46,43,33.0
2025-12-30,06:43:54,65.2,3581.84,43,33.0
2025-12-30,06:44:04,62.6,3740.69,43,33.0
2025-12-30,06:44:14,62.2,3761.98,43,33.0
2025-12-30,06:44:24,70.2,3527.42,43,33.0
2025-12-30,06:44:34,64.2,3726.89,43,33.0
2025-12-30,06:44:45,64.1,3617.06,43,33.0
2025-12-30,06:44:55,64.6,3725.56,43,33.0
2025-12-30,06:45:05,64.8,3736.03,43,33.0
2025-12-30,06:45:15,64.6,3453.57,43,33.0
2025-12-30,06:45:25,64.8,3437.14,43,33.0
2025-12-30,06:45:35,64.6,3900.29,43,33.0
2025-12-30,06:45:45,64.8,3766.02,43,33.0
2025-12-30,06:45:56,65.0,3589.60,43,33.0
2025-12-30,06:46:06,64.6,3887.31,43,33.0
2025-12-30,06:46:16,64.4,3411.56,43,33.0
2025-12-30,06:46:26,64.5,3891.00,43,33.0
2025-12-30,06:46:36,65.0,3588.80,43,33.0
2025-12-30,06:46:46,65.1,3483.74,43,33.0
2025-12-30,06:46:57,64.1,3507.86,43,33.0
2025-12-30,06:47:07,64.5,3575.59,43,33.0
2025-12-30,06:47:17,65.1,4148.07,43,33.0
2025-12-30,06:47:27,65.5,3419.30,43,33.0
2025-12-30,06:47:37,65.0,3538.69,43,33.0
2025-12-30,06:47:47,65.2,4046.54,43,33.0
2025-12-30,06:47:58,64.2,3901.45,43,33.0
2025-12-30,06:48:08,65.4,3845.94,43,33.0
2025-12-30,06:48:18,64.6,3695.68,43,32.0
2025-12-30,06:48:28,63.0,3360.62,43,33.0
2025-12-30,06:48:38,70.4,3512.57,43,33.0
2025-12-30,06:48:48,66.6,3437.71,43,33.0
2025-12-30,06:48:58,66.9,3501.19,43,32.0
2025-12-30,06:49:09,65.8,4157.59,43,33.0
2025-12-30,06:49:19,66.9,4239.64,43,33.0
2025-12-30,06:49:29,65.1,3791.52,43,33.0
2025-12-30,06:49:39,67.0,4113.69,43,33.0
2025-12-30,06:49:49,66.5,3879.94,43,33.0
2025-12-30,06:49:59,66.5,3385.55,43,32.0
2025-12-30,06:50:10,66.8,3502.46,43,32.0
2025-12-30,06:50:20,65.2,4299.02,43,33.0
2025-12-30,06:50:30,66.9,3627.74,43,33.0
2025-12-30,06:50:40,66.6,3892.66,43,33.0
2025-12-30,06:50:50,66.9,3817.32,43,33.0
2025-12-30,06:51:00,66.8,3660.37,43,33.0
2025-12-30,06:51:10,66.6,3771.43,43,33.0
2025-12-30,06:51:21,66.4,3509.65,43,32.0
2025-12-30,06:51:31,66.0,3608.10,43,33.0
2025-12-30,06:51:41,66.1,3691.97,42,32.0
2025-12-30,06:51:51,66.8,4428.89,42,33.0
2025-12-30,06:52:01,66.9,4025.67,42,33.0
2025-12-30,06:52:11,66.9,3814.56,42,33.0
2025-12-30,06:52:21,65.9,4061.43,42,33.0
2025-12-30,06:52:32,63.9,3937.95,43,33.0
2025-12-30,06:52:42,62.0,3536.81,42,33.0
2025-12-30,06:52:52,70.9,3794.65,42,33.0
2025-12-30,06:53:02,64.4,3742.11,42,33.0
2025-12-30,06:53:12,65.0,3694.03,42,32.0
2025-12-30,06:53:22,64.9,4254.33,42,33.0
2025-12-30,06:53:33,65.8,3523.93,42,33.0
2025-12-30,06:53:43,64.9,3523.75,42,33.0
2025-12-30,06:53:53,65.8,3677.03,43,32.0
2025-12-30,06:54:03,65.1,3806.92,43,33.0
2025-12-30,06:54:13,64.4,3541.14,43,33.0
2025-12-30,06:54:23,65.4,3609.46,43,33.0
2025-12-30,06:54:34,65.2,3874.12,42,33.0
2025-12-30,06:54:44,64.9,3943.35,42,33.0
2025-12-30,06:54:54,65.4,4017.94,43,33.0
2025-12-30,06:55:04,64.8,3532.22,43,33.0
2025-12-30,06:55:14,64.9,3726.13,43,33.0
2025-12-30,06:55:24,66.2,3632.37,42,33.0
2025-12-30,06:55:35,65.4,3455.94,42,32.0
2025-12-30,06:55:45,65.1,3833.77,43,33.0
2025-12-30,06:55:55,65.9,4135.72,43,33.0
2025-12-30,06:56:05,65.1,3695.91,43,33.0
2025-12-30,06:56:15,65.1,3387.85,43,33.0
2025-12-30,06:56:25,64.6,3745.50,43,33.0
2025-12-30,06:56:35,63.0,3873.14,42,33.0
2025-12-30,06:56:46,61.5,3467.72,43,33.0
2025-12-30,06:56:56,69.9,4300.34,43,33.0
2025-12-30,06:57:06,66.9,3452.12,43,33.0
2025-12-30,06:57:16,64.9,3902.84,43,33.0
2025-12-30,06:57:26,65.4,4259.53,43,33.0
2025-12-30,06:57:36,63.9,3636.37,43,33.0
2025-12-30,06:57:47,64.6,4258.84,43,32.0
2025-12-30,06:57:57,64.6,3940.98,43,33.0
2025-12-30,06:58:07,64.2,3553.40,43,33.0
2025-12-30,06:58:17,64.5,4328.88,43,33.0
2025-12-30,06:58:27,66.1,4031.17,43,33.0
2025-12-30,06:58:37,64.8,3811.03,43,32.0
2025-12-30,06:58:48,64.5,3960.52,43,33.0
2025-12-30,06:58:58,64.4,4529.43,43,33.0
2025-12-30,06:59:08,64.6,3376.49,43,33.0
2025-12-30,06:59:18,64.9,3588.09,43,33.0
2025-12-30,06:59:28,65.2,3661.34,43,33.0
2025-12-30,06:59:38,64.9,3662.03,43,33.0
2025-12-30,06:59:49,65.2,4024.56,43,33.0
2025-12-30,06:59:59,64.8,3898.64,43,33.0
2025-12-30,07:00:09,64.4,3816.17,43,33.0
2025-12-30,07:00:19,65.1,3932.96,43,33.0
2025-12-30,07:00:29,64.4,3712.61,43,33.0
2025-12-30,07:00:39,65.9,3822.61,43,33.0
2025-12-30,07:00:49,63.6,3783.26,43,33.0
2025-12-30,07:01:00,60.6,3428.99,43,33.0
2025-12-30,07:01:10,65.1,3677.27,43,33.0
2025-12-30,07:01:20,65.5,3798.63,43,33.0
2025-12-30,07:01:30,67.1,3646.50,43,33.0
2025-12-30,07:01:40,65.8,3996.00,43,33.0
2025-12-30,07:01:50,66.5,3539.85,43,33.0
2025-12-30,07:02:01,67.4,3766.61,43,33.0
2025-12-30,07:02:11,66.1,3638.93,43,33.0
2025-12-30,07:02:21,67.1,3767.36,43,33.0
2025-12-30,07:02:31,65.2,3816.24,43,33.0
2025-12-30,07:02:41,66.5,3571.83,43,33.0
2025-12-30,07:02:51,65.9,3922.58,43,33.0
2025-12-30,07:03:02,66.6,3874.78,43,33.0
2025-12-30,07:03:12,67.9,3797.99,43,32.0
2025-12-30,07:03:22,66.6,4023.39,43,33.0
2025-12-30,07:03:32,66.9,4270.48,43,33.0
2025-12-30,07:03:42,66.1,4019.29,43,33.0
2025-12-30,07:03:52,66.8,3598.13,43,33.0
2025-12-30,07:04:02,66.5,3674.43,43,33.0
2025-12-30,07:04:13,66.5,3754.06,42,33.0
2025-12-30,07:04:23,67.0,3544.54,43,33.0
2025-12-30,07:04:33,67.0,3752.00,43,33.0
2025-12-30,07:04:43,67.5,3902.95,42,33.0
2025-12-30,07:04:53,66.8,3632.56,42,33.0
2025-12-30,07:05:03,63.9,3586.67,42,33.0
2025-12-30,07:05:13,61.9,3577.67,42,33.0
2025-12-30,07:05:24,68.5,3808.75,43,33.0
2025-12-30,07:05:34,64.5,3523.94,43,33.0
2025-12-30,07:05:44,66.6,3973.98,42,33.0
2025-12-30,07:05:54,65.5,3539.14,42,33.0
2025-12-30,07:06:04,65.6,4483.94,42,33.0
2025-12-30,07:06:14,65.0,4364.05,42,33.0
2025-12-30,07:06:25,65.2,4279.32,43,33.0
2025-12-30,07:06:35,65.6,3681.85,43,33.0
2025-12-30,07:06:45,65.6,3588.65,42,33.0
2025-12-30,07:06:55,65.8,3482.85,42,33.0
2025-12-30,07:07:05,66.0,3817.43,43,33.0
2025-12-30,07:07:15,65.0,3535.23,43,33.0
2025-12-30,07:07:25,66.0,3801.79,43,33.0
2025-12-30,07:07:36,65.4,3639.21,43,32.0
2025-12-30,07:07:46,65.8,3937.95,43,33.0
2025-12-30,07:07:56,65.5,3639.09,43,33.0
2025-12-30,07:08:06,66.0,3881.96,43,33.0
2025-12-30,07:08:16,65.2,4051.02,43,33.0
2025-12-30,07:08:26,66.5,3787.92,43,33.0
2025-12-30,07:08:37,65.5,3748.09,43,33.0
2025-12-30,07:08:47,64.8,4081.23,43,33.0
2025-12-30,07:08:57,65.4,3685.66,43,33.0
2025-12-30,07:09:07,66.0,3770.34,43,33.0
2025-12-30,07:09:17,60.5,4079.85,43,33.0
2025-12-30,07:09:27,61.6,4900.30,43,33.0
2025-12-30,07:09:38,64.0,3650.95,43,33.0
2025-12-30,07:09:48,65.1,3658.21,43,33.0
2025-12-30,07:09:58,64.9,4405.87,43,33.0
2025-12-30,07:10:08,65.0,4150.27,43,33.0
2025-12-30,07:10:18,64.9,3673.58,43,33.0
2025-12-30,07:10:28,64.8,3836.40,43,33.0
2025-12-30,07:10:38,65.1,3875.46,43,33.0
2025-12-30,07:10:49,65.4,3684.18,43,33.0
2025-12-30,07:10:59,65.8,3596.57,43,33.0
2025-12-30,07:11:09,65.8,3440.30,43,33.0
2025-12-30,07:11:19,65.9,3709.24,43,33.0
2025-12-30,07:11:29,65.2,3689.72,43,33.0
2025-12-30,07:11:39,64.4,3449.70,43,33.0
2025-12-30,07:11:50,65.1,3949.83,43,33.0
2025-12-30,07:12:00,65.2,3816.68,43,33.0
2025-12-30,07:12:10,65.2,3937.19,43,33.0
2025-12-30,07:12:20,64.1,4130.39,43,33.0
2025-12-30,07:12:30,65.2,3585.99,43,33.0
2025-12-30,07:12:40,65.4,3965.18,43,33.0
2025-12-30,07:12:50,64.8,3555.49,43,33.0
2025-12-30,07:13:01,65.2,3611.77,43,33.0
2025-12-30,07:13:11,65.1,3841.20,43,33.0
2025-12-30,07:13:21,62.8,3799.33,43,33.0
2025-12-30,07:13:31,63.0,3522.66,43,33.0
2025-12-30,07:13:41,59.4,3873.24,43,33.0
2025-12-30,07:13:51,66.9,3772.13,43,33.0
2025-12-30,07:14:02,66.4,3805.19,43,33.0
2025-12-30,07:14:12,67.2,3937.80,43,33.0
2025-12-30,07:14:22,66.8,3986.03,43,33.0
2025-12-30,07:14:32,66.6,3655.73,43,33.0
2025-12-30,07:14:42,67.4,3449.71,43,33.0
2025-12-30,07:14:52,66.1,3935.99,43,33.0
2025-12-30,07:15:02,67.2,3645.00,43,33.0
2025-12-30,07:15:13,66.2,3786.21,43,33.0
2025-12-30,07:15:23,66.8,3882.58,43,33.0
2025-12-30,07:15:33,67.5,3680.46,43,33.0
2025-12-30,07:15:43,66.6,3471.15,43,33.0
2025-12-30,07:15:53,67.5,4248.35,43,33.0
2025-12-30,07:16:03,66.2,3948.59,43,33.0
2025-12-30,07:16:14,66.9,3942.97,43,33.0
2025-12-30,07:16:24,66.0,4012.88,43,33.0
2025-12-30,07:16:34,66.8,4108.90,42,33.0
2025-12-30,07:16:44,67.0,3580.63,43,33.0
2025-12-30,07:16:54,66.6,4596.65,43,33.0
2025-12-30,07:17:04,66.2,4275.98,42,33.0
2025-12-30,07:17:14,66.1,3584.81,42,33.0
2025-12-30,07:17:25,66.9,3492.06,42,33.0
2025-12-30,07:17:35,64.8,3873.05,42,33.0
2025-12-30,07:17:45,61.6,3735.60,42,33.0
2025-12-30,07:17:55,63.6,3612.25,43,33.0
2025-12-30,07:18:05,65.1,3691.65,43,33.0
2025-12-30,07:18:15,65.2,3831.74,43,33.0
2025-12-30,07:18:26,65.0,3609.15,42,33.0
2025-12-30,07:18:36,65.2,4106.88,43,33.0
2025-12-30,07:18:46,65.6,3558.79,43,33.0
2025-12-30,07:18:56,65.6,3806.98,43,33.0
2025-12-30,07:19:06,65.1,4000.80,43,32.0
2025-12-30,07:19:16,65.2,3654.53,43,33.0
2025-12-30,07:19:27,65.2,3725.53,43,33.0
2025-12-30,07:19:37,65.8,3694.17,43,33.0
2025-12-30,07:19:47,64.9,3747.04,43,33.0
2025-12-30,07:19:57,65.5,3797.68,43,33.0
2025-12-30,07:20:07,66.8,3507.79,43,33.0
2025-12-30,07:20:17,65.1,3826.40,43,33.0
2025-12-30,07:20:27,64.8,3826.34,43,32.0
2025-12-30,07:20:38,65.2,4480.40,43,33.0
2025-12-30,07:20:48,65.1,4249.81,43,33.0
2025-12-30,07:20:58,66.2,3676.37,43,33.0
2025-12-30,07:21:08,65.0,4149.83,43,33.0
2025-12-30,07:21:18,66.0,3661.57,43,33.0
2025-12-30,07:21:28,65.2,3906.49,43,33.0
2025-12-30,07:21:38,65.6,3838.41,43,33.0
2025-12-30,07:21:49,64.1,3632.65,43,33.0
2025-12-30,07:21:59,63.0,3802.10,43,33.0
2025-12-30,07:22:09,70.5,3737.86,43,33.0
2025-12-30,07:22:19,65.9,3675.95,43,33.0
2025-12-30,07:22:29,65.6,3771.75,43,33.0
2025-12-30,07:22:39,65.0,3432.87,43,33.0
2025-12-30,07:22:50,64.6,3700.69,43,33.0
2025-12-30,07:23:00,65.1,3997.80,43,33.0
2025-12-30,07:23:10,65.0,3632.21,43,33.0
2025-12-30,07:23:20,64.4,3832.60,43,33.0
2025-12-30,07:23:30,65.5,3797.24,43,33.0
2025-12-30,07:23:40,65.5,3397.66,43,33.0
2025-12-30,07:23:50,64.9,3934.55,43,33.0
2025-12-30,07:24:01,65.1,3588.23,43,33.0
2025-12-30,07:24:11,65.0,4012.41,43,33.0
2025-12-30,07:24:21,65.9,3587.31,43,33.0
2025-12-30,07:24:31,64.9,3646.44,43,33.0
2025-12-30,07:24:41,64.9,3866.32,43,33.0
2025-12-30,07:24:51,65.1,3511.06,43,33.0
2025-12-30,07:25:02,66.0,3637.95,43,33.0
2025-12-30,07:25:12,65.8,3546.42,43,33.0
2025-12-30,07:25:22,65.4,3787.28,43,33.0
2025-12-30,07:25:32,65.5,4054.00,43,33.0
2025-12-30,07:25:42,65.0,3591.66,43,32.0
2025-12-30,07:25:52,62.4,3885.36,43,33.0
2025-12-30,07:26:02,62.2,4069.20,43,32.0
2025-12-30,07:26:13,63.5,3522.91,43,33.0
2025-12-30,07:26:23,67.6,3700.91,43,33.0
2025-12-30,07:26:33,67.2,3975.93,43,33.0
2025-12-30,07:26:43,66.1,3754.65,43,33.0
2025-12-30,07:26:53,66.9,4244.82,43,33.0
2025-12-30,07:27:03,66.2,3617.75,43,33.0
2025-12-30,07:27:14,66.8,3332.60,43,33.0
2025-12-30,07:27:24,66.8,4078.35,43,33.0
2025-12-30,07:27:34,67.6,3348.08,43,32.0
2025-12-30,07:27:44,66.9,3720.96,43,33.0
2025-12-30,07:27:54,67.1,3620.90,42,33.0
2025-12-30,07:28:04,66.9,3693.51,42,33.0
2025-12-30,07:28:14,66.8,3735.08,43,33.0
2025-12-30,07:28:25,66.2,3963.96,43,32.0
2025-12-30,07:28:35,66.8,3858.32,42,32.0
2025-12-30,07:28:45,66.2,3951.82,42,33.0
2025-12-30,07:28:55,67.2,3491.61,42,32.0
2025-12-30,07:29:05,66.4,3871.96,42,33.0
2025-12-30,07:29:15,66.6,3536.25,42,32.0
2025-12-30,07:29:25,65.5,3808.89,42,33.0
2025-12-30,07:29:36,66.6,3916.12,42,32.0
2025-12-30,07:29:46,66.1,3495.57,42,33.0
2025-12-30,07:29:56,65.9,3961.05,42,33.0
2025-12-30,07:30:06,67.4,3891.97,42,33.0
2025-12-30,07:30:16,63.1,3370.62,42,32.0
2025-12-30,07:30:26,63.4,3579.81,42,32.0
2025-12-30,07:30:37,66.9,3838.80,42,33.0
2025-12-30,07:30:47,64.0,3941.07,42,32.0
2025-12-30,07:30:57,64.5,3742.52,42,32.0
2025-12-30,07:31:07,65.4,3839.28,42,32.0
2025-12-30,07:31:17,65.8,3692.66,42,32.0
2025-12-30,07:31:27,65.5,3558.24,42,32.0
2025-12-30,07:31:38,65.1,3694.53,42,33.0
2025-12-30,07:31:48,65.8,3378.06,42,33.0
2025-12-30,07:31:58,65.4,4827.33,42,32.0
2025-12-30,07:32:08,66.0,4287.41,42,33.0
2025-12-30,07:32:18,64.9,3666.71,42,33.0
2025-12-30,07:32:28,65.4,3809.41,42,33.0
2025-12-30,07:32:38,65.4,3605.42,42,33.0
2025-12-30,07:32:49,65.5,3901.17,42,32.0
2025-12-30,07:32:59,65.0,4058.74,42,33.0
2025-12-30,07:33:09,65.4,3671.92,42,32.0
2025-12-30,07:33:19,65.1,3766.57,42,32.0
2025-12-30,07:33:29,65.5,3445.03,42,33.0
2025-12-30,07:33:39,65.8,3462.73,42,32.0
2025-12-30,07:33:50,66.2,3751.31,42,32.0
2025-12-30,07:34:00,65.0,3506.41,42,32.0
2025-12-30,07:34:10,66.0,3761.75,42,32.0
2025-12-30,07:34:20,63.0,3653.70,42,33.0
2025-12-30,07:34:30,60.2,3617.24,42,33.0
2025-12-30,07:34:40,70.4,3542.14,43,33.0
2025-12-30,07:34:51,65.5,3533.60,42,33.0
2025-12-30,07:35:01,64.8,3477.31,42,33.0
2025-12-30,07:35:11,65.5,3658.15,42,33.0
2025-12-30,07:35:21,65.1,3717.40,43,33.0
2025-12-30,07:35:31,65.0,3695.30,42,32.0
2025-12-30,07:35:41,65.4,3948.71,42,33.0
2025-12-30,07:35:51,65.2,4098.88,42,33.0
2025-12-30,07:36:02,66.5,4783.28,42,33.0
2025-12-30,07:36:12,65.5,4520.76,43,33.0
2025-12-30,07:36:22,65.1,3703.18,42,33.0
2025-12-30,07:36:32,64.9,4010.79,42,33.0
2025-12-30,07:36:42,64.8,4066.39,42,32.0
2025-12-30,07:36:52,65.4,3693.04,42,33.0
2025-12-30,07:37:03,64.9,3850.89,43,33.0
2025-12-30,07:37:13,64.6,4275.99,43,32.0
2025-12-30,07:37:23,66.0,3728.79,43,33.0
2025-12-30,07:37:33,65.0,4051.58,42,33.0
2025-12-30,07:37:43,66.2,3841.07,43,33.0
2025-12-30,07:37:53,65.5,3740.94,43,33.0
2025-12-30,07:38:03,65.6,3681.06,43,33.0
2025-12-30,07:38:14,64.9,3575.40,43,33.0
2025-12-30,07:38:24,66.8,4017.63,43,32.0
2025-12-30,07:38:34,63.0,3470.39,43,33.0
2025-12-30,07:38:44,60.9,3659.91,43,33.0
2025-12-30,07:38:54,68.2,3621.50,43,33.0
2025-12-30,07:39:04,67.1,3594.44,43,33.0
2025-12-30,07:39:15,66.4,3873.81,43,33.0
2025-12-30,07:39:25,66.4,3443.45,42,33.0
2025-12-30,07:39:35,67.0,3575.52,43,33.0
2025-12-30,07:39:45,66.9,3619.23,43,33.0
2025-12-30,07:39:55,66.4,3584.25,43,33.0
2025-12-30,07:40:05,67.1,3433.24,42,33.0
2025-12-30,07:40:16,66.5,3504.34,43,33.0
2025-12-30,07:40:26,66.6,4519.53,42,33.0
2025-12-30,07:40:36,66.5,4252.43,42,33.0
2025-12-30,07:40:46,66.6,3819.09,42,32.0
2025-12-30,07:40:56,68.0,4132.56,42,33.0
2025-12-30,07:41:06,66.4,4072.36,42,32.0
2025-12-30,07:41:16,67.0,4592.40,42,33.0
2025-12-30,07:41:27,66.2,3899.16,42,33.0
2025-12-30,07:41:37,66.9,3428.60,42,33.0
2025-12-30,07:41:47,67.8,3644.19,42,33.0
2025-12-30,07:41:57,67.0,4012.30,42,33.0
2025-12-30,07:42:07,66.8,3502.55,42,33.0
2025-12-30,07:42:17,65.8,3634.12,42,32.0
2025-12-30,07:42:27,66.8,3987.38,42,32.0
2025-12-30,07:42:38,67.4,3395.97,42,33.0
2025-12-30,07:42:48,63.5,3954.80,42,33.0
2025-12-30,07:42:58,64.6,3544.59,42,32.0
2025-12-30,07:43:08,66.9,3618.97,42,33.0
2025-12-30,07:43:18,65.2,4299.27,42,33.0
2025-12-30,07:43:28,66.2,3985.12,43,33.0
2025-12-30,07:43:39,65.5,3770.51,42,33.0
2025-12-30,07:43:49,65.4,4223.00,42,33.0
2025-12-30,07:43:59,65.8,4117.17,42,33.0
2025-12-30,07:44:09,65.1,3533.65,43,33.0
2025-12-30,07:44:19,65.4,3622.29,42,33.0
2025-12-30,07:44:29,65.9,3716.35,42,33.0
2025-12-30,07:44:40,66.5,3577.90,42,33.0
2025-12-30,07:44:50,66.5,3874.26,42,33.0
2025-12-30,07:45:00,66.1,4116.78,43,33.0
2025-12-30,07:45:10,65.9,3743.64,42,33.0
2025-12-30,07:45:20,65.9,3690.70,42,33.0
2025-12-30,07:45:30,65.2,3694.09,43,33.0
2025-12-30,07:45:40,65.1,3784.69,42,33.0
2025-12-30,07:45:51,65.4,3302.15,43,33.0
2025-12-30,07:46:01,65.4,3656.66,43,33.0
2025-12-30,07:46:11,65.5,3315.88,42,33.0
2025-12-30,07:46:21,65.9,3773.48,42,33.0
2025-12-30,07:46:31,65.2,3776.01,43,33.0
2025-12-30,07:46:41,66.0,3346.60,42,32.0
2025-12-30,07:46:52,63.9,3466.48,43,33.0
2025-12-30,07:47:02,61.0,3443.27,43,33.0
2025-12-30,07:47:12,71.0,3734.35,43,33.0
2025-12-30,07:47:22,64.5,3770.91,43,33.0
2025-12-30,07:47:32,65.5,3728.18,43,33.0
2025-12-30,07:47:42,65.6,3634.64,43,33.0
2025-12-30,07:47:52,66.1,3920.05,43,33.0
2025-12-30,07:48:03,65.5,3518.76,43,33.0
2025-12-30,07:48:13,66.4,3946.21,43,33.0
2025-12-30,07:48:23,64.8,4100.02,43,33.0
2025-12-30,07:48:33,65.2,3769.54,43,33.0
2025-12-30,07:48:43,65.1,3984.24,43,33.0
2025-12-30,07:48:53,65.5,3384.10,43,33.0
2025-12-30,07:49:04,65.5,3935.72,43,33.0
2025-12-30,07:49:14,65.4,3590.07,43,33.0
2025-12-30,07:49:24,65.9,3394.15,43,33.0
2025-12-30,07:49:34,65.1,3911.90,43,33.0
2025-12-30,07:49:44,65.6,3561.88,43,33.0
2025-12-30,07:49:54,66.0,3729.07,43,33.0
2025-12-30,07:50:04,65.6,3600.85,43,33.0
2025-12-30,07:50:15,64.9,3898.02,43,33.0
2025-12-30,07:50:25,65.6,4099.60,43,33.0
2025-12-30,07:50:35,66.0,3683.58,43,33.0
2025-12-30,07:50:45,65.4,3633.28,43,33.0
2025-12-30,07:50:55,65.9,3891.55,43,33.0
2025-12-30,07:51:05,64.0,4060.17,43,33.0
2025-12-30,07:51:16,62.5,3601.19,43,33.0
2025-12-30,07:51:26,67.6,3361.15,43,33.0
2025-12-30,07:51:36,66.8,3512.33,43,33.0
2025-12-30,07:51:46,67.5,3637.07,43,33.0
2025-12-30,07:51:56,66.5,3578.60,43,33.0
2025-12-30,07:52:06,67.6,3779.30,43,33.0
2025-12-30,07:52:16,65.5,3672.40,43,33.0
2025-12-30,07:52:27,67.1,3954.45,43,33.0
2025-12-30,07:52:37,66.1,3534.04,43,33.0
2025-12-30,07:52:47,66.5,3713.41,43,33.0
2025-12-30,07:52:57,67.2,3776.89,43,33.0
2025-12-30,07:53:07,66.4,4149.71,43,33.0
2025-12-30,07:53:17,67.0,3583.34,43,33.0
2025-12-30,07:53:28,66.8,3437.78,43,33.0
2025-12-30,07:53:38,67.8,3679.70,43,33.0
2025-12-30,07:53:48,66.4,3812.98,43,33.0
2025-12-30,07:53:58,67.2,4588.29,42,33.0
2025-12-30,07:54:08,66.6,4205.87,42,33.0
2025-12-30,07:54:18,66.9,3721.67,42,33.0
2025-12-30,07:54:28,67.4,3782.69,42,33.0
2025-12-30,07:54:39,66.5,3712.91,42,33.0
2025-12-30,07:54:49,66.8,4636.54,42,33.0
2025-12-30,07:54:59,66.1,3792.20,42,32.0
2025-12-30,07:55:09,66.8,3352.76,42,33.0
2025-12-30,07:55:19,64.6,3692.34,42,33.0
2025-12-30,07:55:29,60.9,3596.80,42,33.0
2025-12-30,07:55:40,70.8,3542.67,43,33.0
2025-12-30,07:55:50,66.1,3922.57,42,33.0
2025-12-30,07:56:00,65.6,3630.33,42,33.0
2025-12-30,07:56:10,65.6,3593.77,42,33.0
2025-12-30,07:56:20,65.6,4249.96,42,32.0
2025-12-30,07:56:30,65.6,3760.60,42,33.0
2025-12-30,07:56:40,65.1,3831.07,43,33.0
2025-12-30,07:56:51,65.4,3813.09,43,33.0
2025-12-30,07:57:01,65.1,3562.03,42,33.0
2025-12-30,07:57:11,65.9,4216.89,43,33.0
2025-12-30,07:57:21,65.9,3600.29,43,33.0
2025-12-30,07:57:31,66.0,3838.70,43,33.0
2025-12-30,07:57:41,67.0,4166.71,43,33.0
2025-12-30,07:57:52,66.1,3646.96,43,33.0
2025-12-30,07:58:02,65.6,4227.12,43,32.0
2025-12-30,07:58:12,65.8,4040.15,43,33.0
2025-12-30,07:58:22,65.0,4308.74,43,33.0
2025-12-30,07:58:32,65.0,4630.57,43,33.0
2025-12-30,07:58:42,65.9,4198.19,43,33.0
2025-12-30,07:58:52,65.6,3760.32,42,33.0
2025-12-30,07:59:03,65.1,3706.61,43,32.0
2025-12-30,07:59:13,65.1,3927.08,43,33.0
2025-12-30,07:59:23,62.5,3645.19,43,33.0
2025-12-30,07:59:33,61.9,3552.33,43,33.0
2025-12-30,07:59:43,70.5,3656.38,43,33.0
2025-12-30,07:59:53,64.9,3683.52,43,33.0
2025-12-30,08:00:03,66.1,3687.30,43,33.0
2025-12-30,08:00:14,65.5,4635.80,43,33.0
2025-12-30,08:00:24,65.0,3517.54,43,33.0
2025-12-30,08:00:34,65.1,3626.60,43,33.0
2025-12-30,08:00:44,65.6,3910.50,43,32.0
2025-12-30,08:00:54,64.8,3949.80,43,33.0
2025-12-30,08:01:04,66.4,3799.53,43,33.0
2025-12-30,08:01:15,65.5,4003.81,43,33.0
2025-12-30,08:01:25,66.4,3791.48,43,33.0
2025-12-30,08:01:35,64.9,3624.84,43,33.0
2025-12-30,08:01:45,64.9,3780.59,43,33.0
2025-12-30,08:01:55,65.5,3830.26,43,32.0
2025-12-30,08:02:05,65.9,3526.14,43,33.0
2025-12-30,08:02:15,65.2,3699.95,43,33.0
2025-12-30,08:02:26,65.4,3795.14,43,33.0
2025-12-30,08:02:36,65.4,3573.81,43,33.0
2025-12-30,08:02:46,64.5,4228.26,43,33.0
2025-12-30,08:02:56,65.5,3761.08,43,33.0
2025-12-30,08:03:06,65.4,3484.66,43,33.0
2025-12-30,08:03:16,66.1,3562.76,43,33.0
2025-12-30,08:03:27,62.9,3664.76,43,33.0
2025-12-30,08:03:37,63.6,3615.35,43,33.0
2025-12-30,08:03:47,65.0,3443.17,43,32.0
2025-12-30,08:03:57,66.4,3917.16,43,33.0
2025-12-30,08:04:07,66.0,3746.11,43,33.0
2025-12-30,08:04:17,66.2,3809.52,43,33.0
2025-12-30,08:04:28,66.1,3533.83,43,33.0
2025-12-30,08:04:38,66.2,3630.51,43,32.0
2025-12-30,08:04:48,65.8,3598.62,43,32.0
2025-12-30,08:04:58,66.2,3450.06,43,33.0
2025-12-30,08:05:08,67.2,3707.85,43,33.0
2025-12-30,08:05:18,66.1,4092.46,43,32.0
2025-12-30,08:05:28,65.9,3707.23,43,33.0
2025-12-30,08:05:39,65.6,4436.87,43,32.0
2025-12-30,08:05:49,66.5,4689.24,43,33.0
2025-12-30,08:05:59,67.0,3639.34,43,33.0
2025-12-30,08:06:09,66.2,4002.26,43,33.0
2025-12-30,08:06:19,66.9,3813.62,43,33.0
2025-12-30,08:06:29,66.8,3518.07,43,33.0
2025-12-30,08:06:40,67.0,4177.51,43,33.0
2025-12-30,08:06:50,65.8,3873.90,43,33.0
2025-12-30,08:07:00,65.9,3652.87,43,33.0
2025-12-30,08:07:10,67.1,3832.64,43,33.0
2025-12-30,08:07:20,66.2,3598.31,43,33.0
2025-12-30,08:07:30,66.9,3377.64,43,33.0
2025-12-30,08:07:41,67.0,3726.71,43,33.0
2025-12-30,08:07:51,62.9,4715.02,43,33.0
2025-12-30,08:08:01,59.0,4082.82,43,33.0
2025-12-30,08:08:11,68.5,3746.44,43,33.0
2025-12-30,08:08:21,65.5,3704.13,43,33.0
2025-12-30,08:08:31,65.2,3413.79,43,33.0
2025-12-30,08:08:41,65.8,3648.08,43,33.0
2025-12-30,08:08:52,65.6,3626.11,43,33.0
2025-12-30,08:09:02,65.4,3697.23,43,32.0
2025-12-30,08:09:12,65.4,3568.23,43,33.0
2025-12-30,08:09:22,64.9,4045.84,43,33.0
2025-12-30,08:09:32,65.4,3954.68,43,33.0
2025-12-30,08:09:42,65.1,3537.69,43,33.0
2025-12-30,08:09:53,66.1,3996.06,43,33.0
2025-12-30,08:10:03,64.4,3736.96,43,33.0
2025-12-30,08:10:13,66.1,3574.53,43,33.0
2025-12-30,08:10:23,65.2,3887.81,43,33.0
2025-12-30,08:10:33,65.8,3505.08,43,33.0
2025-12-30,08:10:43,64.4,3816.24,43,33.0
2025-12-30,08:10:53,64.9,4388.10,43,33.0
2025-12-30,08:11:04,65.2,3882.77,43,33.0
2025-12-30,08:11:14,65.5,3569.60,43,33.0
2025-12-30,08:11:24,65.2,3841.60,43,33.0
2025-12-30,08:11:34,65.0,3520.13,43,33.0
2025-12-30,08:11:44,65.8,3540.39,43,33.0
2025-12-30,08:11:54,62.1,3390.45,43,33.0
2025-12-30,08:12:05,63.1,3953.16,43,33.0
2025-12-30,08:12:15,70.1,3590.19,43,33.0
2025-12-30,08:12:25,64.6,3666.46,43,33.0
2025-12-30,08:12:35,64.8,4219.13,43,33.0
2025-12-30,08:12:45,65.1,3591.04,43,33.0
2025-12-30,08:12:55,65.5,3638.27,43,33.0
2025-12-30,08:13:05,66.1,4095.52,43,33.0
2025-12-30,08:13:16,64.9,3562.64,43,33.0
2025-12-30,08:13:26,65.4,3747.11,43,33.0
2025-12-30,08:13:36,64.8,3548.18,43,33.0
2025-12-30,08:13:46,65.6,3485.47,43,33.0
2025-12-30,08:13:56,65.0,3661.71,43,33.0
2025-12-30,08:14:06,65.6,3940.72,43,33.0
2025-12-30,08:14:17,65.1,3648.95,43,33.0
2025-12-30,08:14:27,64.9,3537.07,43,33.0
2025-12-30,08:14:37,64.5,3837.33,43,33.0
2025-12-30,08:14:47,64.6,3874.76,43,33.0
2025-12-30,08:14:57,64.8,3744.33,43,33.0
2025-12-30,08:15:07,65.0,3553.59,43,33.0
2025-12-30,08:15:18,65.1,4082.62,43,33.0
2025-12-30,08:15:28,65.6,3590.84,43,33.0
2025-12-30,08:15:38,64.4,3932.19,43,33.0
2025-12-30,08:15:48,64.5,3691.45,43,33.0
2025-12-30,08:15:58,65.6,3736.58,43,33.0
2025-12-30,08:16:08,62.4,3659.15,43,33.0
2025-12-30,08:16:18,62.0,3650.37,43,33.0
2025-12-30,08:16:29,70.1,3518.71,43,33.0
2025-12-30,08:16:39,66.2,4532.13,43,33.0
2025-12-30,08:16:49,66.5,4390.43,43,33.0
2025-12-30,08:16:59,67.0,4915.04,43,33.0
2025-12-30,08:17:09,65.9,4371.81,43,33.0
2025-12-30,08:17:19,66.9,3469.16,43,33.0
2025-12-30,08:17:30,65.9,3548.12,43,33.0
2025-12-30,08:17:40,66.2,3449.79,43,33.0
2025-12-30,08:17:50,66.1,4052.09,43,33.0
2025-12-30,08:18:00,66.5,3622.91,43,33.0
2025-12-30,08:18:10,66.6,3800.39,43,33.0
2025-12-30,08:18:20,65.8,3508.23,43,33.0
2025-12-30,08:18:31,66.9,3604.53,43,33.0
2025-12-30,08:18:41,65.8,3852.37,43,33.0
2025-12-30,08:18:51,67.4,3554.06,43,33.0
2025-12-30,08:19:01,66.4,3412.11,43,33.0
2025-12-30,08:19:11,66.8,3375.77,43,33.0
2025-12-30,08:19:21,65.8,4065.76,43,33.0
2025-12-30,08:19:31,66.5,3817.23,43,33.0
2025-12-30,08:19:42,66.4,4229.36,43,33.0
2025-12-30,08:19:52,65.8,3517.10,43,33.0
2025-12-30,08:20:02,66.2,3447.69,43,33.0
2025-12-30,08:20:12,67.5,3393.79,43,33.0
2025-12-30,08:20:22,62.9,3680.69,43,33.0
2025-12-30,08:20:32,62.9,3706.17,43,33.0
2025-12-30,08:20:43,68.1,3454.11,43,33.0
2025-12-30,08:20:53,65.2,3424.97,43,33.0
2025-12-30,08:21:03,64.6,3440.73,43,32.0
2025-12-30,08:21:13,65.2,3611.80,43,32.0
2025-12-30,08:21:23,64.9,3579.94,43,33.0
2025-12-30,08:21:33,65.8,4281.83,43,32.0
2025-12-30,08:21:43,65.1,3551.13,43,33.0
2025-12-30,08:21:54,65.2,3692.87,43,32.0
2025-12-30,08:22:04,65.9,3332.00,43,33.0
2025-12-30,08:22:14,65.4,4077.26,43,33.0
2025-12-30,08:22:24,65.0,3908.34,43,33.0
2025-12-30,08:22:34,65.6,3403.02,43,32.0
2025-12-30,08:22:44,66.0,3947.37,43,32.0
2025-12-30,08:22:55,64.6,3572.28,43,33.0
2025-12-30,08:23:05,65.4,3722.45,43,33.0
2025-12-30,08:23:15,65.4,3840.81,43,33.0
2025-12-30,08:23:25,65.2,3902.58,43,33.0
2025-12-30,08:23:35,64.8,3677.11,43,33.0
2025-12-30,08:23:45,65.9,4139.35,43,33.0
2025-12-30,08:23:56,64.5,3786.98,43,33.0
2025-12-30,08:24:06,65.0,3481.45,43,33.0
2025-12-30,08:24:16,65.1,3738.02,43,33.0
2025-12-30,08:24:26,65.9,3513.50,43,33.0
2025-12-30,08:24:36,62.2,3919.07,43,33.0
2025-12-30,08:24:46,61.6,3727.28,43,33.0
2025-12-30,08:24:56,67.8,3590.44,43,33.0
2025-12-30,08:25:07,64.9,4172.84,43,33.0
2025-12-30,08:25:17,65.4,4641.70,43,33.0
2025-12-30,08:25:27,66.0,4209.98,43,33.0
2025-12-30,08:25:37,65.0,3574.05,43,33.0
2025-12-30,08:25:47,65.0,3740.03,43,33.0
2025-12-30,08:25:57,64.9,3855.27,43,33.0
2025-12-30,08:26:08,64.9,4011.95,43,33.0
2025-12-30,08:26:18,65.4,3813.31,43,33.0
2025-12-30,08:26:28,64.6,3810.15,43,33.0
2025-12-30,08:26:38,65.4,3812.59,43,33.0
2025-12-30,08:26:48,65.4,3631.12,43,33.0
2025-12-30,08:26:58,65.4,3789.94,43,33.0
2025-12-30,08:27:09,65.5,3594.03,43,33.0
2025-12-30,08:27:19,65.6,4080.85,43,33.0
2025-12-30,08:27:29,65.8,3387.33,43,33.0
2025-12-30,08:27:39,65.5,3628.90,43,32.0
2025-12-30,08:27:49,66.0,3779.73,43,33.0
2025-12-30,08:27:59,65.6,4606.91,43,33.0
2025-12-30,08:28:09,65.2,4037.66,43,33.0
2025-12-30,08:28:20,65.4,3739.55,43,33.0
2025-12-30,08:28:30,66.0,3841.98,43,33.0
2025-12-30,08:28:40,66.0,3445.79,43,33.0
2025-12-30,08:28:50,63.5,3397.80,43,33.0
2025-12-30,08:29:00,62.9,3358.56,43,33.0
2025-12-30,08:29:10,68.4,3652.16,43,33.0
2025-12-30,08:29:21,66.8,4074.16,43,33.0
2025-12-30,08:29:31,67.4,3836.79,43,33.0
2025-12-30,08:29:41,67.1,3703.59,43,33.0
2025-12-30,08:29:51,67.5,3541.50,43,33.0
2025-12-30,08:30:01,66.6,3435.68,43,33.0
2025-12-30,08:30:11,67.6,3623.54,43,33.0
2025-12-30,08:30:21,65.9,3869.03,43,33.0
2025-12-30,08:30:32,66.8,3831.87,43,33.0
2025-12-30,08:30:42,66.8,3908.59,43,33.0
2025-12-30,08:30:52,66.8,3639.46,43,33.0
2025-12-30,08:31:02,66.5,4221.39,43,33.0
2025-12-30,08:31:12,67.0,3709.12,43,33.0
2025-12-30,08:31:22,67.2,3627.19,43,33.0
2025-12-30,08:31:33,66.5,3464.65,43,33.0
2025-12-30,08:31:43,67.5,3610.77,43,33.0
2025-12-30,08:31:53,66.6,3737.85,43,33.0
2025-12-30,08:32:03,66.5,3935.04,43,33.0
2025-12-30,08:32:13,68.0,4245.26,43,33.0
2025-12-30,08:32:23,66.8,4074.41,42,33.0
2025-12-30,08:32:33,67.8,3641.87,43,33.0
2025-12-30,08:32:44,66.9,3510.25,42,33.0
2025-12-30,08:32:54,67.6,3832.87,42,33.0
2025-12-30,08:33:04,63.4,3728.88,42,33.0
2025-12-30,08:33:14,63.6,3330.83,43,33.0
2025-12-30,08:33:24,70.9,3379.02,43,33.0
2025-12-30,08:33:34,65.9,3976.64,43,33.0
2025-12-30,08:33:45,65.4,3510.32,42,33.0
2025-12-30,08:33:55,66.5,4239.11,42,33.0
2025-12-30,08:34:05,65.1,3548.18,43,33.0
2025-12-30,08:34:15,65.2,3642.22,43,33.0
2025-12-30,08:34:25,65.5,3507.35,43,33.0
2025-12-30,08:34:35,65.6,3937.86,43,33.0
2025-12-30,08:34:46,65.5,3492.86,43,33.0
2025-12-30,08:34:56,65.6,3548.73,43,33.0
2025-12-30,08:35:06,65.8,3849.25,43,32.0
2025-12-30,08:35:16,65.9,3737.82,43,33.0
2025-12-30,08:35:26,65.5,3430.43,43,33.0
2025-12-30,08:35:36,65.5,4009.41,43,33.0
2025-12-30,08:35:46,65.4,3445.28,43,33.0
2025-12-30,08:35:57,65.8,3808.57,43,33.0
2025-12-30,08:36:07,65.5,3674.54,43,33.0
2025-12-30,08:36:17,65.2,3709.49,43,33.0
2025-12-30,08:36:27,65.6,3348.75,43,33.0
2025-12-30,08:36:37,66.0,3935.61,43,33.0
2025-12-30,08:36:47,65.4,3530.76,43,33.0
2025-12-30,08:36:58,65.8,3498.53,43,33.0
2025-12-30,08:37:08,62.8,3560.58,43,33.0
2025-12-30,08:37:18,63.2,3440.61,43,33.0
2025-12-30,08:37:28,68.5,3772.96,43,33.0
2025-12-30,08:37:38,66.8,3816.98,43,33.0
2025-12-30,08:37:48,65.9,3610.10,43,33.0
2025-12-30,08:37:58,65.6,3931.86,43,33.0
2025-12-30,08:38:09,65.0,3604.67,43,33.0
2025-12-30,08:38:19,65.9,3983.84,43,33.0
2025-12-30,08:38:29,67.2,3511.18,43,33.0
2025-12-30,08:38:39,65.4,3900.05,43,33.0
2025-12-30,08:38:49,65.2,3513.97,43,33.0
2025-12-30,08:38:59,66.5,4701.35,43,33.0
2025-12-30,08:39:10,66.2,3884.51,43,33.0
2025-12-30,08:39:20,65.5,3683.46,43,33.0
2025-12-30,08:39:30,66.0,3927.79,43,33.0
2025-12-30,08:39:40,66.9,4053.34,43,33.0
2025-12-30,08:39:50,66.4,3854.84,43,33.0
2025-12-30,08:40:00,66.9,3702.18,43,33.0
2025-12-30,08:40:10,65.8,4304.81,43,33.0
2025-12-30,08:40:21,66.8,3939.00,43,33.0
2025-12-30,08:40:31,65.9,3838.77,43,33.0
2025-12-30,08:40:41,65.9,3674.79,43,33.0
2025-12-30,08:40:51,66.9,3687.93,43,33.0
2025-12-30,08:41:01,66.0,3883.62,43,33.0
2025-12-30,08:41:11,67.0,3903.63,43,33.0
2025-12-30,08:41:22,64.1,3740.80,43,33.0
2025-12-30,08:41:32,62.9,3807.10,43,33.0
2025-12-30,08:41:42,69.6,3773.45,43,33.0
2025-12-30,08:41:52,59.6,4038.39,43,33.0
2025-12-30,08:42:02,67.6,3827.38,43,33.0
2025-12-30,08:42:12,67.6,3637.02,43,33.0
2025-12-30,08:42:23,68.2,4103.69,43,33.0
2025-12-30,08:42:33,67.2,3994.00,43,33.0
2025-12-30,08:42:43,67.6,3786.43,43,33.0
2025-12-30,08:42:53,67.5,4248.77,43,33.0
2025-12-30,08:43:03,66.9,4030.39,43,33.0
2025-12-30,08:43:13,68.5,3881.63,43,33.0
2025-12-30,08:43:23,67.0,3712.20,43,33.0
2025-12-30,08:43:34,68.2,4101.99,42,33.0
2025-12-30,08:43:44,67.1,3575.23,43,33.0
2025-12-30,08:43:54,67.0,3895.05,43,33.0
2025-12-30,08:44:04,67.5,3957.46,42,33.0
2025-12-30,08:44:14,66.6,3598.03,42,33.0
2025-12-30,08:44:24,67.4,4157.99,42,33.0
2025-12-30,08:44:34,67.2,4026.84,42,33.0
2025-12-30,08:44:45,66.5,4432.37,42,33.0
2025-12-30,08:44:55,67.4,3723.01,42,33.0
2025-12-30,08:45:05,67.5,4216.99,42,33.0
2025-12-30,08:45:15,68.6,4218.24,42,33.0
2025-12-30,08:45:25,66.9,4268.26,42,33.0
2025-12-30,08:45:35,67.0,3750.14,42,33.0
2025-12-30,08:45:45,65.9,4165.78,42,33.0
2025-12-30,08:45:56,62.2,3657.17,42,33.0
2025-12-30,08:46:06,68.0,3827.63,42,33.0
2025-12-30,08:46:16,65.6,3649.21,42,33.0
2025-12-30,08:46:26,65.8,3779.59,43,33.0
2025-12-30,08:46:36,65.4,4431.90,42,33.0
2025-12-30,08:46:46,65.8,4003.35,42,33.0
2025-12-30,08:46:57,65.6,3985.84,42,33.0
2025-12-30,08:47:07,65.4,4250.36,42,33.0
2025-12-30,08:47:17,65.9,3903.64,43,33.0
2025-12-30,08:47:27,66.1,3509.77,43,33.0
2025-12-30,08:47:37,66.2,3830.09,43,33.0
2025-12-30,08:47:47,65.9,4333.84,42,33.0
2025-12-30,08:47:58,66.1,3552.13,42,33.0
2025-12-30,08:48:08,66.1,4198.46,43,33.0
2025-12-30,08:48:18,65.6,4122.83,43,33.0
2025-12-30,08:48:28,66.4,4161.82,43,33.0
2025-12-30,08:48:38,65.8,3559.68,42,33.0
2025-12-30,08:48:48,66.5,3960.26,43,33.0
2025-12-30,08:48:58,65.6,4070.19,43,33.0
2025-12-30,08:49:09,66.0,3701.15,43,33.0
2025-12-30,08:49:19,66.5,3942.31,43,33.0
2025-12-30,08:49:29,66.0,3885.14,43,33.0
2025-12-30,08:49:39,66.6,3766.80,43,33.0
2025-12-30,08:49:49,65.8,3849.20,43,33.0
2025-12-30,08:49:59,66.2,4001.58,43,33.0
2025-12-30,08:50:10,65.4,3745.21,43,33.0
2025-12-30,08:50:20,62.6,4741.54,43,33.0
2025-12-30,08:50:30,70.8,3899.40,43,33.0
2025-12-30,08:50:40,66.4,3612.56,43,33.0
2025-12-30,08:50:50,65.2,3917.51,43,33.0
2025-12-30,08:51:00,65.8,3788.41,43,33.0
2025-12-30,08:51:10,67.1,4066.55,43,33.0
2025-12-30,08:51:21,65.6,3872.41,43,33.0
2025-12-30,08:51:31,65.5,4100.65,43,33.0
2025-12-30,08:51:41,66.0,3993.38,43,33.0
2025-12-30,08:51:51,65.2,3698.49,43,33.0
2025-12-30,08:52:01,65.8,4195.55,43,33.0
2025-12-30,08:52:11,65.8,3557.79,43,33.0
2025-12-30,08:52:22,66.2,4092.50,43,33.0
2025-12-30,08:52:32,66.2,4208.98,43,33.0
2025-12-30,08:52:42,66.0,4056.52,43,33.0
2025-12-30,08:52:52,65.5,4225.52,43,33.0
2025-12-30,08:53:02,65.9,3516.26,43,33.0
2025-12-30,08:53:12,65.8,3858.04,43,33.0
2025-12-30,08:53:22,65.4,3939.01,43,33.0
2025-12-30,08:53:33,65.6,3803.79,43,33.0
2025-12-30,08:53:43,66.5,4287.80,43,33.0
2025-12-30,08:53:53,66.2,3533.05,43,33.0
2025-12-30,08:54:03,66.0,3756.09,43,33.0
2025-12-30,08:54:13,65.6,4127.86,43,33.0
2025-12-30,08:54:23,63.4,4037.19,43,33.0
2025-12-30,08:54:33,64.4,3794.53,43,33.0
2025-12-30,08:54:44,65.4,3906.98,43,33.0
2025-12-30,08:54:54,67.8,3833.37,43,33.0
2025-12-30,08:55:04,67.2,3584.77,43,33.0
2025-12-30,08:55:14,66.8,4255.58,43,33.0
2025-12-30,08:55:24,67.6,3425.47,43,33.0
2025-12-30,08:55:34,67.0,3541.60,43,32.0
2025-12-30,08:55:45,67.6,3629.07,43,32.0
2025-12-30,08:55:55,67.0,3736.99,43,33.0
2025-12-30,08:56:05,67.0,3864.14,43,33.0
2025-12-30,08:56:15,67.0,3673.74,43,33.0
2025-12-30,08:56:25,67.6,3851.31,43,33.0
2025-12-30,08:56:35,67.9,3922.41,43,33.0
2025-12-30,08:56:45,67.5,4147.54,42,33.0
2025-12-30,08:56:56,66.8,3953.97,42,33.0
2025-12-30,08:57:06,67.6,4533.73,43,33.0
2025-12-30,08:57:16,67.0,3824.66,42,33.0
2025-12-30,08:57:26,67.2,3638.42,42,33.0
2025-12-30,08:57:36,66.9,4173.65,42,33.0
2025-12-30,08:57:46,67.8,3574.62,42,33.0
2025-12-30,08:57:57,67.5,4015.13,42,33.0
2025-12-30,08:58:07,68.1,4321.54,42,33.0
2025-12-30,08:58:17,66.6,3810.28,42,33.0
2025-12-30,08:58:27,67.6,3877.86,42,33.0
2025-12-30,08:58:37,66.9,4125.16,42,33.0
2025-12-30,08:58:47,63.2,4059.28,42,33.0
2025-12-30,08:58:57,63.2,3628.54,42,33.0
2025-12-30,08:59:08,68.5,4420.99,42,33.0
2025-12-30,08:59:18,66.2,4279.43,42,33.0
2025-12-30,08:59:28,66.4,3573.99,42,33.0
2025-12-30,08:59:38,66.5,3858.41,42,33.0
2025-12-30,08:59:48,65.9,3503.45,42,33.0
2025-12-30,08:59:58,66.2,3995.20,42,33.0
2025-12-30,09:00:09,67.0,3769.34,42,33.0
2025-12-30,09:00:19,65.9,3891.09,42,32.0
2025-12-30,09:00:29,66.2,4269.80,42,33.0
2025-12-30,09:00:39,66.2,4135.37,42,33.0
2025-12-30,09:00:49,65.9,3619.09,42,33.0
2025-12-30,09:00:59,66.0,3798.93,42,33.0
2025-12-30,09:01:09,65.9,3805.25,42,33.0
2025-12-30,09:01:20,66.5,3839.16,42,33.0
2025-12-30,09:01:30,66.0,4287.69,42,33.0
2025-12-30,09:01:40,66.4,3906.33,42,33.0
2025-12-30,09:01:50,65.5,4456.42,42,33.0
2025-12-30,09:02:00,66.0,3639.51,42,33.0
2025-12-30,09:02:10,66.1,4401.51,42,32.0
2025-12-30,09:02:21,65.5,3893.27,42,33.0
2025-12-30,09:02:31,66.4,3652.81,42,33.0
2025-12-30,09:02:41,66.4,3980.57,42,33.0
2025-12-30,09:02:51,66.0,3733.91,42,33.0
2025-12-30,09:03:01,63.4,3500.48,43,33.0
2025-12-30,09:03:11,64.8,4211.24,43,33.0
2025-12-30,09:03:21,71.2,3922.38,43,32.0
2025-12-30,09:03:32,65.8,3394.04,42,33.0
2025-12-30,09:03:42,65.8,3830.08,43,33.0
2025-12-30,09:03:52,66.1,4202.20,43,33.0
2025-12-30,09:04:02,65.5,4072.38,43,33.0
2025-12-30,09:04:12,66.0,3873.30,43,33.0
2025-12-30,09:04:22,66.1,3897.24,43,33.0
2025-12-30,09:04:33,65.8,3756.45,43,33.0
2025-12-30,09:04:43,66.6,4279.18,43,33.0
2025-12-30,09:04:53,65.8,4663.52,43,33.0
2025-12-30,09:05:03,66.4,4035.80,43,33.0
2025-12-30,09:05:13,65.8,4120.52,43,33.0
2025-12-30,09:05:23,66.1,3813.58,43,33.0
2025-12-30,09:05:33,66.8,3904.75,43,32.0
2025-12-30,09:05:44,65.5,3975.32,43,33.0
2025-12-30,09:05:54,66.9,4048.05,43,33.0
2025-12-30,09:06:04,65.2,3873.91,43,33.0
2025-12-30,09:06:14,66.8,3987.86,43,33.0
2025-12-30,09:06:24,65.9,3397.69,43,33.0
2025-12-30,09:06:34,65.8,4135.04,43,33.0
2025-12-30,09:06:45,65.6,4267.71,43,33.0
2025-12-30,09:06:55,66.0,3911.90,43,33.0
2025-12-30,09:07:05,65.4,3826.19,43,33.0
2025-12-30,09:07:15,64.0,3618.12,43,33.0
2025-12-30,09:07:25,62.8,3511.84,43,33.0
2025-12-30,09:07:35,60.1,3509.49,43,33.0
2025-12-30,09:07:45,64.8,3818.24,43,33.0
2025-12-30,09:07:56,67.8,3961.79,43,33.0
2025-12-30,09:08:06,67.9,3722.34,43,33.0
2025-12-30,09:08:16,67.1,3828.89,43,33.0
2025-12-30,09:08:26,67.0,3827.86,43,33.0
2025-12-30,09:08:36,66.8,4374.04,43,33.0
2025-12-30,09:08:46,67.0,3599.68,43,33.0
2025-12-30,09:08:57,68.1,4154.95,43,33.0
2025-12-30,09:09:07,66.8,4544.90,43,33.0
2025-12-30,09:09:17,67.9,3423.88,43,33.0
2025-12-30,09:09:27,66.9,3542.67,43,33.0
2025-12-30,09:09:37,67.4,4339.15,43,33.0
2025-12-30,09:09:47,66.9,3812.90,42,33.0
2025-12-30,09:09:57,66.9,4055.86,43,33.0
2025-12-30,09:10:08,67.0,4251.10,43,33.0
2025-12-30,09:10:18,67.6,3964.76,42,33.0
2025-12-30,09:10:28,68.2,4190.30,42,33.0
2025-12-30,09:10:38,67.1,3406.80,42,33.0
2025-12-30,09:10:48,68.5,3767.81,42,33.0
2025-12-30,09:10:58,66.8,3746.96,42,33.0
2025-12-30,09:11:09,67.4,3667.51,42,33.0
2025-12-30,09:11:19,66.9,3912.22,42,33.0
2025-12-30,09:11:29,68.1,3837.56,42,33.0
2025-12-30,09:11:39,63.8,3783.78,42,32.0
2025-12-30,09:11:49,63.6,3703.27,42,33.0
2025-12-30,09:11:59,63.6,3959.07,42,33.0
2025-12-30,09:12:10,66.0,4101.79,42,33.0
2025-12-30,09:12:20,65.9,3847.49,42,33.0
2025-12-30,09:12:30,66.4,3884.00,42,32.0
2025-12-30,09:12:40,65.6,4496.32,42,33.0
2025-12-30,09:12:50,65.8,3856.47,42,33.0
2025-12-30,09:13:00,66.0,4070.86,42,33.0
2025-12-30,09:13:10,65.8,3895.41,42,33.0
2025-12-30,09:13:21,65.4,4152.90,42,33.0
2025-12-30,09:13:31,65.6,4231.72,42,33.0
2025-12-30,09:13:41,66.4,3960.59,42,33.0
2025-12-30,09:13:51,65.5,3463.77,42,33.0
2025-12-30,09:14:01,65.2,3794.67,42,33.0
2025-12-30,09:14:11,65.6,3808.81,42,33.0
2025-12-30,09:14:21,65.9,3578.81,42,33.0
2025-12-30,09:14:32,65.9,4498.26,43,33.0
2025-12-30,09:14:42,65.0,4412.38,43,33.0
2025-12-30,09:14:52,65.6,4228.52,42,33.0
2025-12-30,09:15:02,66.0,3997.29,43,33.0
2025-12-30,09:15:12,65.1,4215.84,43,33.0
2025-12-30,09:15:22,66.6,4431.21,43,33.0
2025-12-30,09:15:33,65.8,4336.38,43,33.0
2025-12-30,09:15:43,64.9,4298.18,43,33.0
2025-12-30,09:15:53,62.2,4026.59,43,33.0
2025-12-30,09:16:03,60.4,3713.34,43,33.0
2025-12-30,09:16:13,66.5,3514.90,43,33.0
2025-12-30,09:16:23,65.4,4158.65,43,32.0
2025-12-30,09:16:33,65.2,3603.18,43,33.0
2025-12-30,09:16:44,65.1,3857.44,43,33.0
2025-12-30,09:16:54,65.5,4048.85,43,33.0
2025-12-30,09:17:04,65.2,3320.84,43,33.0
2025-12-30,09:17:14,65.0,3896.42,43,32.0
2025-12-30,09:17:24,65.9,3861.57,43,33.0
2025-12-30,09:17:34,65.2,3538.91,43,33.0
2025-12-30,09:17:45,64.9,3711.37,43,33.0
2025-12-30,09:17:55,65.6,3639.30,43,33.0
2025-12-30,09:18:05,64.8,4311.38,43,33.0
2025-12-30,09:18:15,65.0,3489.17,43,33.0
2025-12-30,09:18:25,65.5,3901.85,43,33.0
2025-12-30,09:18:35,65.0,3605.09,43,33.0
2025-12-30,09:18:46,65.4,3618.45,43,33.0
2025-12-30,09:18:56,64.9,3746.67,43,33.0
2025-12-30,09:19:06,64.9,3722.62,43,33.0
2025-12-30,09:19:16,65.2,3556.09,43,33.0
2025-12-30,09:19:26,65.2,3493.82,43,33.0
2025-12-30,09:19:36,65.0,4638.79,43,33.0
2025-12-30,09:19:46,65.9,4150.24,43,33.0
2025-12-30,09:19:57,61.8,3274.32,43,33.0
2025-12-30,09:20:07,62.0,3688.09,43,33.0
2025-12-30,09:20:17,59.6,3789.35,43,33.0
2025-12-30,09:20:27,65.9,3796.69,43,33.0
2025-12-30,09:20:37,67.0,3852.66,43,33.0
2025-12-30,09:20:47,67.4,3990.89,43,33.0
2025-12-30,09:20:58,66.8,3853.92,43,33.0
2025-12-30,09:21:08,67.4,3931.45,43,33.0
2025-12-30,09:21:18,66.6,3597.27,43,33.0
2025-12-30,09:21:28,66.2,4317.75,43,33.0
2025-12-30,09:21:38,66.2,3701.96,43,33.0
2025-12-30,09:21:48,66.1,3976.27,43,33.0
2025-12-30,09:21:59,66.6,3564.32,43,33.0
2025-12-30,09:22:09,66.1,3563.12,43,33.0
2025-12-30,09:22:19,67.1,3752.63,43,33.0
2025-12-30,09:22:29,65.9,4393.32,43,33.0
2025-12-30,09:22:39,67.2,4212.40,43,33.0
2025-12-30,09:22:49,66.4,4279.43,43,33.0
2025-12-30,09:22:59,66.5,3581.51,43,33.0
2025-12-30,09:23:10,67.1,3919.52,43,33.0
2025-12-30,09:23:20,66.0,3672.07,43,33.0
2025-12-30,09:23:30,66.8,3682.84,43,33.0
2025-12-30,09:23:40,66.0,3857.69,43,33.0
2025-12-30,09:23:50,66.9,4336.93,43,33.0
2025-12-30,09:24:00,66.8,4073.22,43,33.0
2025-12-30,09:24:10,66.9,3691.96,43,33.0
2025-12-30,09:24:21,62.8,3840.46,43,33.0
2025-12-30,09:24:31,61.0,3729.10,43,33.0
2025-12-30,09:24:41,69.8,3367.52,43,33.0
2025-12-30,09:24:51,60.5,4791.59,43,33.0
2025-12-30,09:25:01,65.0,4111.53,43,33.0
2025-12-30,09:25:11,65.5,3674.71,43,33.0
2025-12-30,09:25:22,65.6,3523.54,43,33.0
2025-12-30,09:25:32,64.2,3719.91,43,33.0
2025-12-30,09:25:42,65.2,3686.39,43,33.0
2025-12-30,09:25:52,65.5,4037.53,43,33.0
2025-12-30,09:26:02,66.0,3566.71,43,33.0
2025-12-30,09:26:12,65.2,4026.85,43,33.0
2025-12-30,09:26:22,66.2,3756.13,43,33.0
2025-12-30,09:26:33,65.5,3642.10,43,33.0
2025-12-30,09:26:43,65.6,3781.03,43,33.0
2025-12-30,09:26:53,65.0,3680.31,43,33.0
2025-12-30,09:27:03,65.4,3633.51,43,33.0
2025-12-30,09:27:13,65.4,3799.96,43,33.0
2025-12-30,09:27:23,65.1,3264.24,43,33.0
2025-12-30,09:27:34,65.1,4000.39,43,33.0
2025-12-30,09:27:44,65.0,3521.33,43,33.0
2025-12-30,09:27:54,65.6,3594.21,43,33.0
2025-12-30,09:28:04,65.2,3947.18,43,33.0
2025-12-30,09:28:14,65.8,3981.99,43,33.0
2025-12-30,09:28:24,65.2,4040.02,43,33.0
2025-12-30,09:28:34,63.2,3728.26,43,33.0
2025-12-30,09:28:45,60.2,3810.08,43,33.0
2025-12-30,09:28:55,70.4,3840.97,43,33.0
2025-12-30,09:29:05,64.6,3682.89,43,33.0
2025-12-30,09:29:15,64.4,3885.52,43,33.0
2025-12-30,09:29:25,65.0,4097.01,43,33.0
2025-12-30,09:29:35,64.6,3499.14,43,33.0
2025-12-30,09:29:46,64.8,3439.82,43,33.0
2025-12-30,09:29:56,65.1,3767.97,43,33.0
2025-12-30,09:30:06,64.5,4171.46,43,33.0
2025-12-30,09:30:16,65.2,3556.23,43,33.0
2025-12-30,09:30:26,65.2,3985.25,43,33.0
2025-12-30,09:30:36,64.9,3661.88,43,33.0
2025-12-30,09:30:46,64.5,4117.83,43,33.0
2025-12-30,09:30:57,64.6,3471.94,43,33.0
2025-12-30,09:31:07,65.5,3281.06,43,33.0
2025-12-30,09:31:17,65.2,3913.74,43,33.0
2025-12-30,09:31:27,65.0,3694.66,43,33.0
2025-12-30,09:31:37,64.9,3705.57,43,33.0
2025-12-30,09:31:47,65.4,3355.21,43,33.0
2025-12-30,09:31:58,64.4,4005.02,43,33.0
2025-12-30,09:32:08,64.6,3877.88,43,33.0
2025-12-30,09:32:18,65.5,3559.94,43,33.0
2025-12-30,09:32:28,65.9,3794.15,43,33.0
2025-12-30,09:32:38,64.9,3790.78,43,33.0
2025-12-30,09:32:48,63.2,3420.10,43,33.0
2025-12-30,09:32:58,63.2,3630.63,43,33.0
2025-12-30,09:33:09,64.4,3474.56,43,33.0
2025-12-30,09:33:19,67.6,3464.84,43,33.0
2025-12-30,09:33:29,66.2,3742.07,43,33.0
2025-12-30,09:33:39,67.8,3851.98,43,33.0
2025-12-30,09:33:49,67.0,3664.47,43,33.0
2025-12-30,09:33:59,66.9,3543.20,43,33.0
2025-12-30,09:34:10,65.5,3835.01,43,33.0
2025-12-30,09:34:20,66.9,3828.42,43,33.0
2025-12-30,09:34:30,65.0,3923.12,43,33.0
2025-12-30,09:34:40,66.2,4083.37,43,33.0
2025-12-30,09:34:50,67.2,3884.13,43,33.0
2025-12-30,09:35:00,67.0,4289.90,43,33.0
2025-12-30,09:35:10,67.8,4249.19,43,33.0
2025-12-30,09:35:21,67.5,4172.62,43,33.0
2025-12-30,09:35:31,66.6,3862.09,43,33.0
2025-12-30,09:35:41,66.0,3845.12,43,33.0
2025-12-30,09:35:51,67.1,3306.10,43,33.0
2025-12-30,09:36:01,67.2,3832.08,43,33.0
2025-12-30,09:36:11,66.1,3882.56,43,33.0
2025-12-30,09:36:22,67.5,3761.42,43,33.0
2025-12-30,09:36:32,66.4,3862.66,43,33.0
2025-12-30,09:36:42,67.4,3928.71,43,33.0
2025-12-30,09:36:52,65.9,3577.35,43,33.0
2025-12-30,09:37:02,66.9,3506.30,43,33.0
2025-12-30,09:37:12,62.1,4427.51,43,33.0
2025-12-30,09:37:23,62.2,4021.08,43,33.0
2025-12-30,09:37:33,70.8,3609.75,43,33.0
2025-12-30,09:37:43,64.8,3689.21,43,33.0
2025-12-30,09:37:53,65.8,3789.98,43,33.0
2025-12-30,09:38:03,65.5,4121.03,43,33.0
2025-12-30,09:38:13,65.4,3814.45,43,33.0
2025-12-30,09:38:23,65.2,3542.06,43,33.0
2025-12-30,09:38:34,65.1,3549.12,43,33.0
2025-12-30,09:38:44,65.4,3937.73,43,33.0
2025-12-30,09:38:54,65.5,3742.40,43,33.0
2025-12-30,09:39:04,65.5,3675.13,43,33.0
2025-12-30,09:39:14,65.2,3823.53,43,33.0
2025-12-30,09:39:24,65.4,3392.04,43,33.0
2025-12-30,09:39:35,66.0,3901.26,43,33.0
2025-12-30,09:39:45,65.2,3689.12,43,33.0
2025-12-30,09:39:55,65.5,3535.38,43,33.0
2025-12-30,09:40:05,65.5,3460.23,43,33.0
2025-12-30,09:40:15,65.1,4399.40,43,33.0
2025-12-30,09:40:25,66.0,3816.95,43,33.0
2025-12-30,09:40:36,66.0,3603.98,43,33.0
2025-12-30,09:40:46,65.4,3570.13,43,33.0
2025-12-30,09:40:56,65.2,3645.96,43,33.0
2025-12-30,09:41:06,65.2,3589.42,43,33.0
2025-12-30,09:41:16,65.5,3321.69,43,33.0
2025-12-30,09:41:26,60.5,3741.83,43,33.0
2025-12-30,09:41:36,62.4,3515.54,43,33.0
2025-12-30,09:41:47,66.9,3672.25,43,33.0
2025-12-30,09:41:57,64.6,3431.83,43,33.0
2025-12-30,09:42:07,64.5,3341.45,43,33.0
2025-12-30,09:42:17,64.9,3601.01,43,33.0
2025-12-30,09:42:27,65.1,4036.25,43,33.0
2025-12-30,09:42:37,64.8,4451.94,43,33.0
2025-12-30,09:42:48,64.9,3534.88,43,33.0
2025-12-30,09:42:58,65.0,3951.52,43,33.0
2025-12-30,09:43:08,65.0,3734.13,43,33.0
2025-12-30,09:43:18,65.1,4093.36,43,33.0
2025-12-30,09:43:28,65.1,3771.11,43,33.0
2025-12-30,09:43:38,65.0,3614.06,43,33.0
2025-12-30,09:43:49,64.8,3331.56,43,33.0
2025-12-30,09:43:59,64.8,3886.29,43,33.0
2025-12-30,09:44:09,64.9,3860.25,43,33.0
2025-12-30,09:44:19,65.9,3669.81,43,33.0
2025-12-30,09:44:29,64.9,3733.15,43,33.0
2025-12-30,09:44:39,65.4,3526.56,43,33.0
2025-12-30,09:44:49,65.1,3977.93,43,33.0
2025-12-30,09:45:00,65.2,3588.25,43,33.0
2025-12-30,09:45:10,64.6,4049.92,43,33.0
2025-12-30,09:45:20,65.1,3379.17,43,33.0
2025-12-30,09:45:30,65.1,3800.10,43,33.0
2025-12-30,09:45:40,63.0,3944.48,43,33.0
2025-12-30,09:45:50,62.4,3718.76,43,33.0
2025-12-30,09:46:01,67.5,4399.27,43,33.0
2025-12-30,09:46:11,66.0,3686.86,43,33.0
2025-12-30,09:46:21,67.0,3446.99,43,33.0
2025-12-30,09:46:31,66.6,3839.98,43,33.0
2025-12-30,09:46:41,67.2,4046.95,43,33.0
2025-12-30,09:46:51,66.2,3851.86,43,33.0
2025-12-30,09:47:02,66.4,3834.80,43,32.0
2025-12-30,09:47:12,67.2,3400.11,43,33.0
2025-12-30,09:47:22,66.6,3411.72,43,33.0
2025-12-30,09:47:32,67.8,3642.22,43,33.0
2025-12-30,09:47:42,66.0,4161.34,43,33.0
2025-12-30,09:47:52,66.6,3389.69,43,33.0
2025-12-30,09:48:02,67.0,4244.82,43,33.0
2025-12-30,09:48:13,65.9,3743.33,43,33.0
2025-12-30,09:48:23,67.1,4026.77,43,33.0
2025-12-30,09:48:33,67.0,4157.30,43,33.0
2025-12-30,09:48:43,67.0,3616.96,43,33.0
2025-12-30,09:48:53,67.1,3451.51,43,33.0
2025-12-30,09:49:03,65.6,3984.85,43,33.0
2025-12-30,09:49:14,66.8,3724.82,43,33.0
2025-12-30,09:49:24,67.5,3442.00,43,33.0
2025-12-30,09:49:34,66.0,3770.23,43,33.0
2025-12-30,09:49:44,67.1,3381.57,43,33.0
2025-12-30,09:49:54,62.9,3896.96,43,33.0
2025-12-30,09:50:04,63.5,3727.95,43,33.0
2025-12-30,09:50:14,61.2,3598.89,43,33.0
2025-12-30,09:50:25,65.4,3594.17,43,33.0
2025-12-30,09:50:35,65.0,4265.25,43,33.0
2025-12-30,09:50:45,65.9,3771.17,43,33.0
2025-12-30,09:50:55,65.2,3990.73,43,33.0
2025-12-30,09:51:05,65.4,3679.19,43,33.0
2025-12-30,09:51:15,65.8,3836.67,43,33.0
2025-12-30,09:51:26,65.4,3441.51,43,33.0
2025-12-30,09:51:36,66.2,3660.58,43,33.0
2025-12-30,09:51:46,65.6,3314.87,43,33.0
2025-12-30,09:51:56,65.2,3460.96,43,33.0
2025-12-30,09:52:06,65.4,3896.28,43,33.0
2025-12-30,09:52:16,64.6,3923.77,43,33.0
2025-12-30,09:52:27,64.9,3618.91,43,33.0
2025-12-30,09:52:37,65.6,3593.44,43,33.0
2025-12-30,09:52:47,65.6,3874.86,43,33.0
2025-12-30,09:52:57,65.2,3572.69,43,33.0
2025-12-30,09:53:07,65.1,3622.86,43,33.0
2025-12-30,09:53:17,65.2,3646.99,43,33.0
2025-12-30,09:53:27,65.5,3683.68,43,33.0
2025-12-30,09:53:38,65.6,3291.47,43,33.0
2025-12-30,09:53:48,64.9,4475.23,43,33.0
2025-12-30,09:53:58,62.6,3633.18,43,32.0
2025-12-30,09:54:08,60.2,3755.19,43,33.0
2025-12-30,09:54:18,69.5,3501.80,43,33.0
2025-12-30,09:54:28,65.5,4682.53,43,33.0
2025-12-30,09:54:39,65.5,4133.79,43,33.0
2025-12-30,09:54:49,64.6,3449.11,43,33.0
2025-12-30,09:54:59,64.9,3601.91,43,33.0
2025-12-30,09:55:09,65.6,3684.27,43,33.0
2025-12-30,09:55:19,64.9,3770.85,43,33.0
2025-12-30,09:55:29,64.8,3507.50,43,33.0
2025-12-30,09:55:40,64.9,3354.32,43,33.0
2025-12-30,09:55:50,65.6,3600.77,43,33.0
2025-12-30,09:56:00,64.9,3842.44,43,33.0
2025-12-30,09:56:10,65.1,3409.34,43,33.0
2025-12-30,09:56:20,65.6,3421.11,43,33.0
2025-12-30,09:56:30,64.8,4000.61,43,33.0
2025-12-30,09:56:40,65.4,3547.55,43,33.0
2025-12-30,09:56:51,65.1,4337.01,43,33.0
2025-12-30,09:57:01,65.0,3230.07,43,33.0
2025-12-30,09:57:11,65.1,3420.68,43,33.0
2025-12-30,09:57:21,65.6,3962.37,43,33.0
2025-12-30,09:57:31,65.2,3354.47,43,33.0
2025-12-30,09:57:41,65.1,3569.94,43,33.0
2025-12-30,09:57:52,65.4,3541.63,43,33.0
2025-12-30,09:58:02,66.4,3614.24,43,33.0
2025-12-30,09:58:12,64.6,3334.61,43,33.0
2025-12-30,09:58:22,59.9,3762.59,43,33.0
2025-12-30,09:58:32,70.2,4036.30,43,33.0
2025-12-30,09:58:42,65.9,3918.37,43,33.0
2025-12-30,09:58:53,65.9,3616.44,43,33.0
2025-12-30,09:59:03,66.8,3774.01,43,33.0
2025-12-30,09:59:13,67.1,3789.16,43,33.0
2025-12-30,09:59:23,67.0,3859.32,43,33.0
2025-12-30,09:59:33,66.1,4150.92,43,33.0
2025-12-30,09:59:43,66.9,3434.42,43,33.0
2025-12-30,09:59:53,66.9,4990.54,43,33.0
2025-12-30,10:00:04,66.4,3780.73,43,33.0
2025-12-30,10:00:14,66.8,4026.57,43,33.0
2025-12-30,10:00:24,66.2,3631.27,43,33.0
2025-12-30,10:00:34,67.1,3806.46,43,33.0
2025-12-30,10:00:44,66.8,3784.42,43,33.0
2025-12-30,10:00:54,66.1,3303.21,43,33.0
2025-12-30,10:01:04,66.6,3884.52,43,33.0
2025-12-30,10:01:15,65.8,3448.97,43,33.0
2025-12-30,10:01:25,66.6,4227.12,43,33.0
2025-12-30,10:01:35,67.0,4149.14,43,33.0
2025-12-30,10:01:45,66.2,3306.77,43,33.0
2025-12-30,10:01:55,67.6,3654.19,43,33.0
2025-12-30,10:02:05,66.5,3654.04,43,33.0
2025-12-30,10:02:16,66.9,3693.59,43,33.0
2025-12-30,10:02:26,62.5,3772.34,43,33.0
2025-12-30,10:02:36,60.1,3548.94,43,33.0
2025-12-30,10:02:46,60.9,3581.57,43,33.0
2025-12-30,10:02:56,65.6,3819.67,43,33.0
2025-12-30,10:03:06,65.4,3939.05,43,33.0
2025-12-30,10:03:16,65.4,3678.72,43,33.0
2025-12-30,10:03:27,65.1,3640.85,43,32.0
2025-12-30,10:03:37,65.6,4135.51,43,33.0
2025-12-30,10:03:47,65.0,3677.50,43,33.0
2025-12-30,10:03:57,65.0,3769.16,43,33.0
2025-12-30,10:04:07,64.9,3554.22,43,33.0
2025-12-30,10:04:17,65.1,3747.47,43,33.0
2025-12-30,10:04:28,65.5,3775.15,43,33.0
2025-12-30,10:04:38,64.6,3891.99,43,33.0
2025-12-30,10:04:48,66.0,3872.06,43,33.0
2025-12-30,10:04:58,65.4,3517.57,43,33.0
2025-12-30,10:05:08,64.9,4157.31,43,33.0
2025-12-30,10:05:18,65.2,3831.05,43,33.0
2025-12-30,10:05:29,65.5,3725.18,43,33.0
2025-12-30,10:05:39,65.4,3862.96,43,33.0
2025-12-30,10:05:49,66.0,3978.61,43,33.0
2025-12-30,10:05:59,64.5,4990.73,43,33.0
2025-12-30,10:06:09,65.4,3667.51,43,33.0
2025-12-30,10:06:19,65.0,3975.20,43,33.0
2025-12-30,10:06:29,63.8,3427.05,43,33.0
2025-12-30,10:06:40,60.6,3516.80,43,33.0
2025-12-30,10:06:50,57.6,3509.66,43,33.0
2025-12-30,10:07:00,60.5,3452.72,43,33.0
2025-12-30,10:07:10,65.2,3570.26,43,33.0
2025-12-30,10:07:20,65.0,3940.78,43,33.0
2025-12-30,10:07:30,64.5,4187.31,43,33.0
2025-12-30,10:07:41,64.6,3575.31,43,33.0
2025-12-30,10:07:51,64.9,4990.03,43,33.0
2025-12-30,10:08:01,64.9,3825.66,43,33.0
2025-12-30,10:08:11,64.8,3447.97,43,33.0
2025-12-30,10:08:21,65.6,3623.08,43,33.0
2025-12-30,10:08:31,65.4,3929.23,43,33.0
2025-12-30,10:08:42,65.4,3373.26,43,33.0
2025-12-30,10:08:52,65.0,3484.70,43,33.0
2025-12-30,10:09:02,65.1,3682.63,43,33.0
2025-12-30,10:09:12,64.2,3252.83,43,33.0
2025-12-30,10:09:22,65.1,3850.09,43,33.0
2025-12-30,10:09:32,65.6,3524.56,43,33.0
2025-12-30,10:09:42,65.5,3775.36,43,33.0
2025-12-30,10:09:53,65.2,3388.33,43,33.0
2025-12-30,10:10:03,64.4,3921.20,43,33.0
2025-12-30,10:10:13,64.5,4113.39,43,33.0
2025-12-30,10:10:23,64.6,3782.85,43,33.0
2025-12-30,10:10:33,64.9,3667.14,43,33.0
2025-12-30,10:10:43,62.1,3418.09,43,33.0
2025-12-30,10:10:53,62.8,3899.69,43,33.0
2025-12-30,10:11:04,60.0,3415.66,43,33.0
2025-12-30,10:11:14,65.9,3683.47,43,33.0
2025-12-30,10:11:24,66.1,3950.27,43,33.0
2025-12-30,10:11:34,66.9,3897.80,43,33.0
2025-12-30,10:11:44,66.1,4261.94,43,33.0
2025-12-30,10:11:54,67.6,4343.11,43,33.0
2025-12-30,10:12:05,66.0,3464.90,43,33.0
2025-12-30,10:12:15,66.8,4012.87,43,33.0
2025-12-30,10:12:25,65.8,3296.27,43,33.0
2025-12-30,10:12:35,66.8,4250.05,43,33.0
2025-12-30,10:12:45,65.9,3641.54,43,33.0
2025-12-30,10:12:55,66.5,3437.88,43,33.0
2025-12-30,10:13:06,65.6,3452.16,43,33.0
2025-12-30,10:13:16,66.1,3506.34,43,33.0
2025-12-30,10:13:26,66.1,4088.62,43,33.0
2025-12-30,10:13:36,65.9,3719.06,43,33.0
2025-12-30,10:13:46,66.0,3466.21,43,33.0
2025-12-30,10:13:56,66.2,3773.57,43,33.0
2025-12-30,10:14:06,66.5,4105.15,43,33.0
2025-12-30,10:14:17,66.0,3672.55,43,33.0
2025-12-30,10:14:27,66.8,4201.65,43,33.0
2025-12-30,10:14:37,66.9,3671.51,43,33.0
2025-12-30,10:14:47,66.9,3610.79,43,33.0
2025-12-30,10:14:57,66.9,3647.09,43,33.0
2025-12-30,10:15:07,62.6,3529.85,43,33.0
2025-12-30,10:15:18,60.4,3574.23,43,33.0
2025-12-30,10:15:28,65.1,3691.82,43,33.0
2025-12-30,10:15:38,65.2,3488.80,43,33.0
2025-12-30,10:15:48,65.4,3675.70,43,33.0
2025-12-30,10:15:58,64.6,3433.75,43,33.0
2025-12-30,10:16:08,64.6,3410.01,43,33.0
2025-12-30,10:16:18,65.1,3674.46,43,33.0
2025-12-30,10:16:29,65.1,3399.37,43,33.0
2025-12-30,10:16:39,65.4,3595.81,43,33.0
2025-12-30,10:16:49,65.6,3413.67,43,33.0
2025-12-30,10:16:59,65.4,4211.53,43,33.0
2025-12-30,10:17:09,65.1,3863.51,43,33.0
2025-12-30,10:17:19,65.4,3791.87,43,33.0
2025-12-30,10:17:30,65.0,3422.07,43,33.0
2025-12-30,10:17:40,66.1,3538.94,43,33.0
2025-12-30,10:17:50,65.5,3636.16,43,33.0
2025-12-30,10:18:00,66.1,4104.62,43,33.0
2025-12-30,10:18:10,65.2,3614.44,43,33.0
2025-12-30,10:18:20,65.9,3592.81,43,33.0
2025-12-30,10:18:31,65.9,3695.48,43,33.0
2025-12-30,10:18:41,65.0,3525.31,43,33.0
2025-12-30,10:18:51,65.8,3601.58,43,33.0
2025-12-30,10:19:01,65.6,4287.54,43,33.0
2025-12-30,10:19:11,66.5,3443.25,43,33.0
2025-12-30,10:19:21,64.0,4116.00,43,33.0
2025-12-30,10:19:32,64.2,3978.75,43,33.0
2025-12-30,10:19:42,67.8,3558.33,43,33.0
2025-12-30,10:19:52,64.5,4018.69,43,33.0
2025-12-30,10:20:02,66.0,3704.53,43,33.0
2025-12-30,10:20:12,64.9,3491.97,43,33.0
2025-12-30,10:20:22,65.8,3905.12,43,33.0
2025-12-30,10:20:32,65.2,3590.76,43,33.0
2025-12-30,10:20:43,64.6,3634.82,43,33.0
2025-12-30,10:20:53,64.9,3491.03,43,33.0
2025-12-30,10:21:03,65.1,3524.46,43,33.0
2025-12-30,10:21:13,64.8,3204.72,43,33.0
2025-12-30,10:21:23,65.1,3562.29,43,33.0
2025-12-30,10:21:33,65.0,4030.59,43,33.0
2025-12-30,10:21:44,65.2,3691.05,43,33.0
2025-12-30,10:21:54,65.8,3865.31,43,33.0
2025-12-30,10:22:04,65.1,4123.77,43,33.0
2025-12-30,10:22:14,65.4,4040.65,43,33.0
2025-12-30,10:22:24,65.4,3982.82,43,33.0
2025-12-30,10:22:34,64.4,3606.59,43,33.0
2025-12-30,10:22:45,65.1,3978.45,43,33.0
2025-12-30,10:22:55,65.1,3691.37,43,33.0
2025-12-30,10:23:05,65.1,3353.27,43,33.0
2025-12-30,10:23:15,65.0,3835.28,43,33.0
2025-12-30,10:23:25,64.9,3469.90,43,33.0
2025-12-30,10:23:35,64.0,3786.82,43,33.0
2025-12-30,10:23:45,61.1,3377.68,43,33.0
2025-12-30,10:23:56,71.1,3514.18,43,33.0
2025-12-30,10:24:06,65.5,3556.10,43,33.0
2025-12-30,10:24:16,66.8,4167.74,43,33.0
2025-12-30,10:24:26,66.4,3856.81,43,33.0
2025-12-30,10:24:36,66.9,3637.85,43,33.0
2025-12-30,10:24:46,65.9,4034.90,43,33.0
2025-12-30,10:24:57,66.6,3642.99,43,33.0
2025-12-30,10:25:07,65.9,3770.44,43,33.0
2025-12-30,10:25:17,66.6,3877.95,43,33.0
2025-12-30,10:25:27,67.0,3591.00,43,33.0
2025-12-30,10:25:37,67.0,3862.29,43,33.0
2025-12-30,10:25:47,65.9,3607.32,43,33.0
2025-12-30,10:25:58,66.8,3506.68,43,33.0
2025-12-30,10:26:08,65.6,3848.15,43,33.0
2025-12-30,10:26:18,66.0,3695.05,43,33.0
2025-12-30,10:26:28,66.1,3709.61,43,33.0
2025-12-30,10:26:38,67.0,3364.74,43,33.0
2025-12-30,10:26:48,65.1,3714.65,43,33.0
2025-12-30,10:26:58,67.5,3676.01,43,33.0
2025-12-30,10:27:09,65.6,3871.60,43,33.0
2025-12-30,10:27:19,66.8,3649.75,43,33.0
2025-12-30,10:27:29,66.9,3461.09,43,33.0
2025-12-30,10:27:39,66.8,3532.58,43,33.0
2025-12-30,10:27:49,65.5,3654.17,43,33.0
2025-12-30,10:27:59,62.8,3515.90,43,33.0
2025-12-30,10:28:10,69.0,3360.98,43,33.0
2025-12-30,10:28:20,67.8,3353.38,43,33.0
2025-12-30,10:28:30,65.8,3931.58,43,33.0
2025-12-30,10:28:40,64.8,3905.88,43,33.0
2025-12-30,10:28:50,65.1,3521.83,43,33.0
2025-12-30,10:29:00,65.5,3985.63,43,33.0
2025-12-30,10:29:11,65.2,3898.43,43,33.0
2025-12-30,10:29:21,65.0,3572.00,43,33.0
2025-12-30,10:29:31,65.4,4869.65,43,33.0
2025-12-30,10:29:41,66.0,3811.39,43,33.0
2025-12-30,10:29:51,65.5,3893.89,43,33.0
2025-12-30,10:30:01,65.6,3637.22,43,33.0
2025-12-30,10:30:11,65.6,3466.75,43,33.0
2025-12-30,10:30:22,65.9,3869.13,43,33.0
2025-12-30,10:30:32,65.2,3708.14,43,33.0
2025-12-30,10:30:42,66.0,3616.29,43,33.0
2025-12-30,10:30:52,66.2,3659.66,43,33.0
2025-12-30,10:31:02,64.5,3720.64,43,33.0
2025-12-30,10:31:12,65.5,3673.38,43,33.0
2025-12-30,10:31:22,65.8,3736.56,43,33.0
2025-12-30,10:31:33,65.8,4164.65,43,33.0
2025-12-30,10:31:43,65.4,4772.60,43,33.0
2025-12-30,10:31:53,65.6,3751.92,43,33.0
2025-12-30,10:32:03,63.1,3652.72,43,33.0
2025-12-30,10:32:13,59.8,3556.62,43,33.0
2025-12-30,10:32:23,64.6,4057.75,43,33.0
2025-12-30,10:32:34,66.5,3862.67,43,33.0
2025-12-30,10:32:44,65.0,3430.53,43,33.0
2025-12-30,10:32:54,65.0,3842.21,43,33.0
2025-12-30,10:33:04,65.5,3805.54,43,33.0
2025-12-30,10:33:14,65.4,3447.81,43,33.0
2025-12-30,10:33:24,65.0,3525.38,43,33.0
2025-12-30,10:33:35,65.2,4224.10,43,33.0
2025-12-30,10:33:45,64.9,3564.82,43,33.0
2025-12-30,10:33:55,65.2,4035.38,43,33.0
2025-12-30,10:34:05,65.0,4364.58,43,33.0
2025-12-30,10:34:15,65.5,3554.73,43,33.0
2025-12-30,10:34:25,66.0,3496.20,43,33.0
2025-12-30,10:34:35,65.1,3789.23,43,33.0
2025-12-30,10:34:46,65.6,3600.27,43,33.0
2025-12-30,10:34:56,66.0,3433.24,43,33.0
2025-12-30,10:35:06,65.1,3609.00,43,33.0
2025-12-30,10:35:16,64.8,3659.52,43,33.0
2025-12-30,10:35:26,65.0,3685.13,43,33.0
2025-12-30,10:35:36,65.2,4094.54,43,33.0
2025-12-30,10:35:47,64.8,3301.45,43,33.0
2025-12-30,10:35:57,65.4,3503.08,43,33.0
2025-12-30,10:36:07,65.8,3896.75,43,33.0
2025-12-30,10:36:17,63.4,3685.26,43,33.0
2025-12-30,10:36:27,62.8,3364.99,43,33.0
2025-12-30,10:36:37,69.0,3573.56,43,33.0
2025-12-30,10:36:48,60.6,3584.70,43,33.0
2025-12-30,10:36:58,66.2,3999.25,43,33.0
2025-12-30,10:37:08,67.9,3750.07,43,33.0
2025-12-30,10:37:18,66.8,3340.94,43,33.0
2025-12-30,10:37:28,67.0,3777.63,43,33.0
2025-12-30,10:37:38,66.5,3406.79,43,33.0
2025-12-30,10:37:48,67.2,3898.11,43,33.0
2025-12-30,10:37:59,66.2,4315.87,43,33.0
2025-12-30,10:38:09,66.9,3545.48,43,33.0
2025-12-30,10:38:19,66.2,3602.00,43,33.0
2025-12-30,10:38:29,66.8,3966.63,43,33.0
2025-12-30,10:38:39,66.2,4309.70,43,33.0
2025-12-30,10:38:49,66.6,4260.54,43,33.0
2025-12-30,10:39:00,65.9,3920.65,43,33.0
2025-12-30,10:39:10,67.1,3321.01,43,33.0
2025-12-30,10:39:20,66.2,3595.17,43,33.0
2025-12-30,10:39:30,68.0,3788.12,43,33.0
2025-12-30,10:39:40,65.6,3775.15,43,33.0
2025-12-30,10:39:50,66.8,3857.64,43,33.0
2025-12-30,10:40:00,66.1,3676.30,43,33.0
2025-12-30,10:40:11,67.2,3775.30,43,33.0
2025-12-30,10:40:21,65.9,3771.84,43,33.0
2025-12-30,10:40:31,67.8,3507.94,43,33.0
2025-12-30,10:40:41,62.6,3583.74,43,33.0
2025-12-30,10:40:51,63.0,3857.41,43,33.0
2025-12-30,10:41:01,69.0,4339.11,43,33.0
2025-12-30,10:41:11,65.8,3942.80,43,33.0
2025-12-30,10:41:22,64.4,3828.75,43,33.0
2025-12-30,10:41:32,65.5,3787.14,43,33.0
2025-12-30,10:41:42,65.1,3608.66,43,33.0
2025-12-30,10:41:52,64.8,3708.79,43,33.0
2025-12-30,10:42:02,64.8,3485.12,43,33.0
2025-12-30,10:42:12,65.4,3675.74,43,33.0
2025-12-30,10:42:23,65.5,3893.99,43,33.0
2025-12-30,10:42:33,65.6,3535.97,43,33.0
2025-12-30,10:42:43,64.8,3495.98,43,33.0
2025-12-30,10:42:53,64.9,3848.82,43,33.0
2025-12-30,10:43:03,64.8,3974.63,43,33.0
2025-12-30,10:43:13,65.0,3494.96,43,33.0
2025-12-30,10:43:24,65.0,3572.02,43,33.0
2025-12-30,10:43:34,65.0,4100.66,43,33.0
2025-12-30,10:43:44,66.6,3794.72,43,33.0
2025-12-30,10:43:54,64.8,3603.13,43,33.0
2025-12-30,10:44:04,64.8,4098.22,43,33.0
2025-12-30,10:44:14,65.0,3868.91,43,33.0
2025-12-30,10:44:25,65.8,3717.60,43,33.0
2025-12-30,10:44:35,65.2,3463.91,43,33.0
2025-12-30,10:44:45,65.9,4114.60,43,33.0
2025-12-30,10:44:55,63.2,3623.58,43,33.0
2025-12-30,10:45:05,61.8,3668.76,43,33.0
2025-12-30,10:45:15,68.0,3677.27,43,33.0
2025-12-30,10:45:25,64.5,4290.42,43,33.0
2025-12-30,10:45:36,64.8,3848.56,43,33.0
2025-12-30,10:45:46,64.5,4112.59,43,33.0
2025-12-30,10:45:56,65.1,3942.67,43,33.0
2025-12-30,10:46:06,64.4,3672.10,43,33.0
2025-12-30,10:46:16,64.4,4239.56,43,33.0
2025-12-30,10:46:26,65.4,3842.12,43,33.0
2025-12-30,10:46:37,64.6,3733.71,43,33.0
2025-12-30,10:46:47,64.9,3696.64,43,33.0
2025-12-30,10:46:57,64.0,3564.61,43,33.0
2025-12-30,10:47:07,64.8,3621.41,43,33.0
2025-12-30,10:47:17,64.2,3705.05,43,33.0
2025-12-30,10:47:27,64.5,3949.89,43,33.0
2025-12-30,10:47:37,65.5,3953.67,43,33.0
2025-12-30,10:47:48,64.5,3813.14,43,33.0
2025-12-30,10:47:58,65.0,4301.01,43,33.0
2025-12-30,10:48:08,64.2,3814.60,43,33.0
2025-12-30,10:48:18,65.1,3565.95,43,33.0
2025-12-30,10:48:28,64.8,3450.48,43,33.0
2025-12-30,10:48:38,64.5,4054.96,43,33.0
2025-12-30,10:48:49,65.5,3534.06,43,33.0
2025-12-30,10:48:59,65.5,4223.19,43,33.0
2025-12-30,10:49:09,63.4,4178.08,43,33.0
2025-12-30,10:49:19,62.2,3594.20,43,33.0
2025-12-30,10:49:29,70.8,3228.54,43,33.0
2025-12-30,10:49:39,64.6,3480.20,43,33.0
2025-12-30,10:49:49,67.2,3482.64,43,33.0
2025-12-30,10:50:00,66.9,3555.49,43,33.0
2025-12-30,10:50:10,67.1,3787.16,43,33.0
2025-12-30,10:50:20,66.4,3967.86,43,33.0
2025-12-30,10:50:30,66.0,3300.89,43,33.0
2025-12-30,10:50:40,66.8,3819.17,43,33.0
2025-12-30,10:50:50,66.5,4251.44,43,33.0
2025-12-30,10:51:01,67.4,3453.88,43,33.0
2025-12-30,10:51:11,66.6,3558.63,43,33.0
2025-12-30,10:51:21,67.4,3523.54,43,33.0
2025-12-30,10:51:31,66.2,3840.42,43,33.0
2025-12-30,10:51:41,66.9,4020.57,43,33.0
2025-12-30,10:51:51,66.6,3917.36,43,33.0
2025-12-30,10:52:02,66.9,3601.91,43,33.0
2025-12-30,10:52:12,65.6,4327.87,43,33.0
2025-12-30,10:52:22,66.2,4217.77,43,33.0
2025-12-30,10:52:32,67.6,3776.18,43,33.0
2025-12-30,10:52:42,66.5,3775.27,43,33.0
2025-12-30,10:52:52,66.6,3616.41,43,33.0
2025-12-30,10:53:02,66.5,3635.02,43,33.0
2025-12-30,10:53:13,66.9,3568.90,43,32.0
2025-12-30,10:53:23,63.9,3969.96,43,33.0
2025-12-30,10:53:33,60.9,3632.52,43,33.0
2025-12-30,10:53:43,63.4,3604.12,43,33.0
2025-12-30,10:53:53,65.4,4400.02,43,33.0
2025-12-30,10:54:03,65.2,3742.80,43,33.0
2025-12-30,10:54:14,66.0,3981.97,43,33.0
2025-12-30,10:54:24,64.6,3735.60,43,33.0
2025-12-30,10:54:34,65.1,3748.96,43,33.0
2025-12-30,10:54:44,65.1,3714.31,43,33.0
2025-12-30,10:54:54,64.9,3846.60,43,33.0
2025-12-30,10:55:04,64.9,3838.72,43,33.0
2025-12-30,10:55:14,65.2,3740.25,43,33.0
2025-12-30,10:55:25,65.4,3508.25,43,33.0
2025-12-30,10:55:35,65.0,3715.20,43,33.0
2025-12-30,10:55:45,65.0,3614.48,43,33.0
2025-12-30,10:55:55,65.5,3513.44,43,33.0
2025-12-30,10:56:05,64.6,3584.21,43,33.0
2025-12-30,10:56:15,65.2,3678.90,43,33.0
2025-12-30,10:56:26,65.4,4095.01,43,33.0
2025-12-30,10:56:36,65.2,3831.05,43,33.0
2025-12-30,10:56:46,64.6,3703.41,43,33.0
2025-12-30,10:56:56,65.5,4897.14,43,33.0
2025-12-30,10:57:06,65.0,3890.04,43,33.0
2025-12-30,10:57:16,64.9,4098.61,43,33.0
2025-12-30,10:57:27,65.1,3896.84,43,33.0
2025-12-30,10:57:37,62.1,3789.85,43,33.0
2025-12-30,10:57:47,59.4,3888.07,43,33.0
2025-12-30,10:57:57,69.8,3718.55,43,33.0
2025-12-30,10:58:07,64.8,4115.97,43,33.0
2025-12-30,10:58:17,64.5,3403.57,43,33.0
2025-12-30,10:58:27,65.6,4159.22,43,33.0
2025-12-30,10:58:38,65.4,3594.22,43,33.0
2025-12-30,10:58:48,64.8,3777.05,43,33.0
2025-12-30,10:58:58,65.2,3539.24,43,33.0
2025-12-30,10:59:08,65.0,3943.14,43,33.0
2025-12-30,10:59:18,64.8,3926.43,43,33.0
2025-12-30,10:59:28,65.0,3562.74,43,33.0
2025-12-30,10:59:39,64.9,3876.62,43,33.0
2025-12-30,10:59:49,64.4,3817.33,43,33.0
2025-12-30,10:59:59,65.1,3504.08,43,33.0
2025-12-30,11:00:09,64.8,3997.12,43,33.0
2025-12-30,11:00:19,65.1,3653.99,43,33.0
2025-12-30,11:00:29,65.8,3827.20,43,33.0
2025-12-30,11:00:40,65.5,3847.43,43,33.0
2025-12-30,11:00:50,65.0,3650.46,43,33.0
2025-12-30,11:01:00,65.1,3701.08,43,33.0
2025-12-30,11:01:10,65.0,3781.37,43,33.0
2025-12-30,11:01:20,65.0,3794.46,43,33.0
2025-12-30,11:01:30,65.2,4029.75,43,33.0
2025-12-30,11:01:40,66.1,3524.41,43,33.0
2025-12-30,11:01:51,64.1,3732.14,43,33.0
2025-12-30,11:02:01,63.6,3657.58,43,33.0
2025-12-30,11:02:11,70.2,3590.12,43,33.0
2025-12-30,11:02:21,65.4,3461.33,43,33.0
2025-12-30,11:02:31,66.4,3703.67,43,33.0
2025-12-30,11:02:41,66.5,3771.14,43,33.0
2025-12-30,11:02:52,66.0,3376.21,43,33.0
2025-12-30,11:03:02,66.2,4724.59,43,33.0
2025-12-30,11:03:12,67.1,4389.52,43,33.0
2025-12-30,11:03:22,66.8,4273.09,43,33.0
2025-12-30,11:03:32,66.8,3957.25,43,33.0
2025-12-30,11:03:42,66.0,3825.55,43,33.0
2025-12-30,11:03:52,66.8,3571.79,43,33.0
2025-12-30,11:04:03,67.2,3366.76,43,33.0
2025-12-30,11:04:13,66.9,3891.27,43,33.0
2025-12-30,11:04:23,66.8,3581.12,43,33.0
2025-12-30,11:04:33,66.5,4221.88,43,33.0
2025-12-30,11:04:43,67.4,3800.08,43,33.0
2025-12-30,11:04:53,66.5,3555.59,43,33.0
2025-12-30,11:05:04,67.2,3497.69,43,33.0
2025-12-30,11:05:14,66.0,4332.38,43,33.0
2025-12-30,11:05:24,67.5,3497.33,43,33.0
2025-12-30,11:05:34,66.6,3513.97,43,33.0
2025-12-30,11:05:44,66.9,3935.94,43,33.0
2025-12-30,11:05:54,66.6,3999.68,43,33.0
2025-12-30,11:06:04,64.6,3487.88,43,33.0
2025-12-30,11:06:15,60.9,3673.54,43,33.0
2025-12-30,11:06:25,64.2,3738.55,43,33.0
2025-12-30,11:06:35,67.1,3820.18,43,33.0
2025-12-30,11:06:45,65.4,3572.65,43,33.0
2025-12-30,11:06:55,65.8,3353.75,43,33.0
2025-12-30,11:07:05,65.1,3663.36,43,33.0
2025-12-30,11:07:16,64.8,3647.45,43,33.0
2025-12-30,11:07:26,65.8,3513.21,43,33.0
2025-12-30,11:07:36,65.9,3818.89,43,33.0
2025-12-30,11:07:46,65.1,3370.69,43,33.0
2025-12-30,11:07:56,65.1,3961.70,43,33.0
2025-12-30,11:08:06,65.1,3787.21,43,33.0
2025-12-30,11:08:17,66.2,3686.16,43,33.0
2025-12-30,11:08:27,64.8,3825.50,43,33.0
2025-12-30,11:08:37,65.5,3508.70,43,33.0
2025-12-30,11:08:47,65.0,4385.57,43,33.0
2025-12-30,11:08:57,65.5,3317.62,43,33.0
2025-12-30,11:09:07,64.5,3668.10,43,33.0
2025-12-30,11:09:17,65.0,3553.75,43,33.0
2025-12-30,11:09:28,65.5,3512.57,43,33.0
2025-12-30,11:09:38,65.2,3608.18,43,33.0
2025-12-30,11:09:48,64.9,3497.50,43,33.0
2025-12-30,11:09:58,65.1,3602.18,43,33.0
2025-12-30,11:10:08,65.6,3551.92,43,33.0
2025-12-30,11:10:18,62.4,3642.87,43,33.0
2025-12-30,11:10:29,62.8,3410.80,43,33.0
2025-12-30,11:10:39,60.6,3690.38,43,33.0
2025-12-30,11:10:49,65.0,3817.29,43,33.0
2025-12-30,11:10:59,64.5,4206.13,43,33.0
2025-12-30,11:11:09,65.5,3558.44,43,33.0
2025-12-30,11:11:19,64.8,3532.75,43,33.0
2025-12-30,11:11:30,65.4,3375.90,43,33.0
2025-12-30,11:11:40,66.0,3485.41,43,33.0
2025-12-30,11:11:50,64.8,3788.39,43,33.0
2025-12-30,11:12:00,65.0,3935.09,43,33.0
2025-12-30,11:12:10,65.6,3535.12,43,33.0
2025-12-30,11:12:20,65.2,3563.22,43,33.0
2025-12-30,11:12:30,65.0,3539.88,43,33.0
2025-12-30,11:12:41,65.1,3449.71,43,33.0
2025-12-30,11:12:51,64.6,3898.12,43,33.0
2025-12-30,11:13:01,65.4,3911.63,43,33.0
2025-12-30,11:13:11,65.6,3359.61,43,33.0
2025-12-30,11:13:21,65.9,3411.45,43,33.0
2025-12-30,11:13:31,65.5,3755.88,43,33.0
2025-12-30,11:13:42,65.6,3677.80,43,33.0
2025-12-30,11:13:52,64.4,3645.95,43,33.0
2025-12-30,11:14:02,65.2,4675.52,43,33.0
2025-12-30,11:14:12,64.6,3887.41,43,33.0
2025-12-30,11:14:22,65.5,3756.18,43,33.0
2025-12-30,11:14:32,64.4,3791.87,43,33.0
2025-12-30,11:14:43,63.1,3869.80,43,33.0
2025-12-30,11:14:53,70.6,3668.82,43,33.0
2025-12-30,11:15:03,65.4,3519.60,43,33.0
2025-12-30,11:15:13,66.1,3727.56,43,33.0
2025-12-30,11:15:23,66.6,3839.00,43,33.0
2025-12-30,11:15:33,65.6,3790.12,43,33.0
2025-12-30,11:15:43,66.6,3786.06,43,33.0
2025-12-30,11:15:54,66.2,3294.35,43,33.0
2025-12-30,11:16:04,66.6,3912.95,43,33.0
2025-12-30,11:16:14,66.8,3338.90,43,33.0
2025-12-30,11:16:24,66.5,3431.41,43,33.0
2025-12-30,11:16:34,66.8,3637.72,43,33.0
2025-12-30,11:16:44,67.1,3740.82,43,33.0
2025-12-30,11:16:55,67.0,3553.42,43,33.0
2025-12-30,11:17:05,66.0,3535.85,43,33.0
2025-12-30,11:17:15,67.4,3483.72,43,33.0
2025-12-30,11:17:25,66.4,3689.48,43,33.0
2025-12-30,11:17:35,66.5,3623.86,43,33.0
2025-12-30,11:17:45,66.8,3804.84,43,33.0
2025-12-30,11:17:55,67.1,3345.08,43,33.0
2025-12-30,11:18:06,66.4,3969.56,43,33.0
2025-12-30,11:18:16,67.2,4000.48,43,33.0
2025-12-30,11:18:26,66.1,3549.09,43,33.0
2025-12-30,11:18:36,66.8,3380.48,43,33.0
2025-12-30,11:18:46,66.4,4734.00,43,33.0
2025-12-30,11:18:56,60.5,3583.04,43,33.0
2025-12-30,11:19:07,63.6,3502.60,43,33.0
2025-12-30,11:19:17,67.1,3510.16,43,33.0
2025-12-30,11:19:27,65.4,3693.25,43,33.0
2025-12-30,11:19:37,66.2,3957.11,43,33.0
2025-12-30,11:19:47,65.5,3454.77,43,33.0
2025-12-30,11:19:57,65.8,3504.69,43,33.0
2025-12-30,11:20:07,65.8,3565.07,43,33.0
2025-12-30,11:20:18,65.2,3757.23,43,33.0
2025-12-30,11:20:28,65.0,4703.30,43,33.0
2025-12-30,11:20:38,65.2,4125.07,43,33.0
2025-12-30,11:20:48,65.4,4060.88,43,33.0
2025-12-30,11:20:58,66.8,3774.00,43,33.0
2025-12-30,11:21:08,65.2,3945.06,43,33.0
2025-12-30,11:21:19,65.4,4145.87,43,33.0
2025-12-30,11:21:29,66.6,3925.42,43,33.0
2025-12-30,11:21:39,65.5,3645.95,43,33.0
2025-12-30,11:21:49,64.9,3935.55,43,33.0
2025-12-30,11:21:59,66.0,3579.28,43,33.0
2025-12-30,11:22:09,65.8,4025.41,43,33.0
2025-12-30,11:22:19,65.0,3663.29,43,33.0
2025-12-30,11:22:30,66.0,3795.22,43,33.0
2025-12-30,11:22:40,65.0,4037.85,43,33.0
2025-12-30,11:22:50,65.1,3790.54,43,33.0
2025-12-30,11:23:00,62.5,3668.53,43,33.0
2025-12-30,11:23:10,62.2,3691.16,43,33.0
2025-12-30,11:23:20,68.4,3463.45,43,33.0
2025-12-30,11:23:31,67.5,3494.87,43,33.0
2025-12-30,11:23:41,64.9,3637.13,43,33.0
2025-12-30,11:23:51,65.1,3546.20,43,33.0
2025-12-30,11:24:01,64.9,3948.40,43,33.0
2025-12-30,11:24:11,64.8,3833.43,43,33.0
2025-12-30,11:24:21,64.9,3433.88,43,33.0
2025-12-30,11:24:32,65.0,3539.48,43,33.0
2025-12-30,11:24:42,65.0,3407.14,43,33.0
2025-12-30,11:24:52,64.9,3404.67,43,33.0
2025-12-30,11:25:02,66.1,4458.03,43,33.0
2025-12-30,11:25:12,65.0,3935.41,43,33.0
2025-12-30,11:25:22,64.6,3736.09,43,33.0
2025-12-30,11:25:32,65.5,3588.59,43,33.0
2025-12-30,11:25:43,65.2,3501.98,43,33.0
2025-12-30,11:25:53,64.9,3423.57,43,33.0
2025-12-30,11:26:03,65.2,3867.10,43,33.0
2025-12-30,11:26:13,64.9,3517.88,43,33.0
2025-12-30,11:26:23,65.6,3640.46,43,33.0
2025-12-30,11:26:33,65.6,3817.97,43,33.0
2025-12-30,11:26:43,64.2,3521.87,43,33.0
2025-12-30,11:26:54,65.0,3820.10,43,33.0
2025-12-30,11:27:04,66.2,3716.73,43,33.0
2025-12-30,11:27:14,62.2,3309.06,43,33.0
2025-12-30,11:27:24,61.1,3830.29,43,33.0
2025-12-30,11:27:34,61.2,3766.18,43,33.0
2025-12-30,11:27:44,65.9,3662.92,43,33.0
2025-12-30,11:27:55,66.5,4350.76,43,33.0
2025-12-30,11:28:05,66.1,3947.00,43,33.0
2025-12-30,11:28:15,67.2,3556.97,43,33.0
2025-12-30,11:28:25,66.2,3992.97,43,33.0
2025-12-30,11:28:35,67.1,4175.70,43,33.0
2025-12-30,11:28:45,66.4,3574.35,43,33.0
2025-12-30,11:28:55,67.5,3665.91,43,33.0
2025-12-30,11:29:06,66.2,3858.79,43,33.0
2025-12-30,11:29:16,66.6,3686.44,43,33.0
2025-12-30,11:29:26,66.8,3783.36,43,33.0
2025-12-30,11:29:36,65.9,3635.29,43,33.0
2025-12-30,11:29:46,67.2,3581.30,43,33.0
2025-12-30,11:29:56,66.1,3627.57,43,33.0
2025-12-30,11:30:07,66.9,3478.20,43,33.0
2025-12-30,11:30:17,66.1,3660.49,43,33.0
2025-12-30,11:30:27,67.0,3472.61,43,33.0
2025-12-30,11:30:37,66.5,3834.24,43,33.0
2025-12-30,11:30:47,66.5,3495.79,43,33.0
2025-12-30,11:30:57,66.8,3289.45,43,33.0
2025-12-30,11:31:08,66.5,3550.94,43,33.0
2025-12-30,11:31:18,67.2,3729.15,43,33.0
2025-12-30,11:31:28,64.9,3826.84,43,33.0
2025-12-30,11:31:38,62.2,4393.74,43,33.0
2025-12-30,11:31:48,60.5,3411.57,43,33.0
2025-12-30,11:31:58,64.4,3372.27,43,33.0
2025-12-30,11:32:08,65.1,3580.74,43,33.0
2025-12-30,11:32:19,65.8,3599.03,43,33.0
2025-12-30,11:32:29,65.6,4041.25,43,33.0
2025-12-30,11:32:39,65.1,3489.77,43,33.0
2025-12-30,11:32:49,65.8,3599.42,43,33.0
2025-12-30,11:32:59,65.6,3560.45,43,33.0
2025-12-30,11:33:09,65.6,3736.06,43,33.0
2025-12-30,11:33:20,65.2,3438.16,43,33.0
2025-12-30,11:33:30,65.1,3808.61,43,33.0
2025-12-30,11:33:40,65.5,3572.47,43,33.0
2025-12-30,11:33:50,65.4,3621.67,43,33.0
2025-12-30,11:34:00,66.5,3487.34,43,33.0
2025-12-30,11:34:10,65.5,4092.85,43,33.0
2025-12-30,11:34:20,65.2,4249.83,43,33.0
2025-12-30,11:34:31,65.5,3703.68,43,33.0
2025-12-30,11:34:41,65.4,3544.26,43,33.0
2025-12-30,11:34:51,65.4,4299.97,43,33.0
2025-12-30,11:35:01,65.6,3378.73,43,33.0
2025-12-30,11:35:11,65.0,3710.30,43,33.0
2025-12-30,11:35:21,66.6,3582.63,43,33.0
2025-12-30,11:35:32,65.6,3743.38,43,33.0
2025-12-30,11:35:42,63.8,3545.72,43,33.0
2025-12-30,11:35:52,59.4,3307.14,43,33.0
2025-12-30,11:36:02,70.5,4566.01,43,33.0
2025-12-30,11:36:12,65.8,3910.13,43,33.0
2025-12-30,11:36:22,65.6,3600.15,43,33.0
2025-12-30,11:36:33,65.4,3966.83,43,33.0
2025-12-30,11:36:43,66.4,3627.11,43,33.0
2025-12-30,11:36:53,65.5,3915.95,43,33.0
2025-12-30,11:37:03,64.6,3579.55,43,33.0
2025-12-30,11:37:13,65.4,3497.31,43,33.0
2025-12-30,11:37:23,65.5,3868.10,43,33.0
2025-12-30,11:37:33,65.4,4117.65,43,33.0
2025-12-30,11:37:44,65.6,4468.21,43,33.0
2025-12-30,11:37:54,65.5,4795.02,43,33.0
2025-12-30,11:38:04,65.0,3796.22,43,33.0
2025-12-30,11:38:14,65.4,3575.41,43,33.0
2025-12-30,11:38:24,65.1,3832.39,43,33.0
2025-12-30,11:38:34,65.6,3361.45,43,33.0
2025-12-30,11:38:44,65.2,3708.10,43,33.0
2025-12-30,11:38:55,65.5,3380.65,43,33.0
2025-12-30,11:39:05,65.9,3740.25,43,33.0
2025-12-30,11:39:15,65.8,3880.41,43,33.0
2025-12-30,11:39:25,64.9,3666.43,43,33.0
2025-12-30,11:39:35,65.8,3754.61,43,33.0
2025-12-30,11:39:45,65.5,3561.25,43,33.0
2025-12-30,11:39:56,63.1,3608.96,43,33.0
2025-12-30,11:40:06,60.8,3421.01,43,33.0
2025-12-30,11:40:16,70.6,3947.40,43,33.0
2025-12-30,11:40:26,66.6,3519.68,43,33.0
2025-12-30,11:40:36,67.1,3613.74,43,33.0
2025-12-30,11:40:46,66.2,3783.28,43,33.0
2025-12-30,11:40:56,67.0,4011.95,43,33.0
2025-12-30,11:41:07,67.4,4098.45,43,33.0
2025-12-30,11:41:17,67.1,3588.31,43,33.0
2025-12-30,11:41:27,67.4,3632.90,43,33.0
2025-12-30,11:41:37,66.9,3553.57,43,33.0
2025-12-30,11:41:47,67.5,3572.81,43,33.0
2025-12-30,11:41:57,66.4,3571.34,43,33.0
2025-12-30,11:42:08,67.1,3730.11,43,33.0
2025-12-30,11:42:18,66.1,3814.38,43,33.0
2025-12-30,11:42:28,66.9,3483.59,43,33.0
2025-12-30,11:42:38,67.0,3605.93,43,33.0
2025-12-30,11:42:48,67.0,4224.44,43,33.0
2025-12-30,11:42:58,67.2,3638.29,43,33.0
2025-12-30,11:43:09,67.4,3761.37,43,33.0
2025-12-30,11:43:19,67.4,4310.41,43,33.0
2025-12-30,11:43:29,66.8,3358.46,43,33.0
2025-12-30,11:43:39,67.0,3678.76,43,33.0
2025-12-30,11:43:49,66.5,3404.72,43,33.0
2025-12-30,11:43:59,66.9,4398.17,43,33.0
2025-12-30,11:44:09,62.6,3811.50,43,33.0
2025-12-30,11:44:20,60.1,3311.37,43,33.0
2025-12-30,11:44:30,61.4,3828.06,43,33.0
2025-12-30,11:44:40,65.6,3807.48,43,33.0
2025-12-30,11:44:50,65.9,3547.97,43,33.0
2025-12-30,11:45:00,65.5,3614.62,43,33.0
2025-12-30,11:45:10,65.9,3857.84,43,33.0
2025-12-30,11:45:21,65.2,3704.39,43,33.0
2025-12-30,11:45:31,66.2,3751.55,43,33.0
2025-12-30,11:45:41,65.6,3374.78,43,33.0
2025-12-30,11:45:51,65.8,3923.35,43,33.0
2025-12-30,11:46:01,66.4,3616.92,43,33.0
2025-12-30,11:46:11,65.1,4050.31,43,33.0
2025-12-30,11:46:21,65.1,3817.96,43,33.0
2025-12-30,11:46:32,65.0,3465.18,43,33.0
2025-12-30,11:46:42,65.5,3935.00,43,33.0
2025-12-30,11:46:52,66.2,3611.14,43,33.0
2025-12-30,11:47:02,65.9,3754.38,43,33.0
2025-12-30,11:47:12,65.4,3870.94,43,33.0
2025-12-30,11:47:22,65.5,3735.72,43,33.0
2025-12-30,11:47:32,65.5,3423.80,43,33.0
2025-12-30,11:47:43,66.2,4419.08,43,33.0
2025-12-30,11:47:53,65.6,4087.55,43,33.0
2025-12-30,11:48:03,66.0,3689.46,43,33.0
2025-12-30,11:48:13,66.2,3787.58,43,33.0
2025-12-30,11:48:23,64.2,3396.53,43,33.0
2025-12-30,11:48:33,62.0,3211.21,43,33.0
2025-12-30,11:48:44,70.9,3469.40,43,33.0
2025-12-30,11:48:54,65.6,3407.90,43,33.0
2025-12-30,11:49:04,66.1,3422.11,43,33.0
2025-12-30,11:49:14,65.2,3482.47,43,33.0
2025-12-30,11:49:24,66.8,3924.50,43,33.0
2025-12-30,11:49:34,65.8,3550.80,43,33.0
2025-12-30,11:49:45,65.2,3553.51,43,33.0
2025-12-30,11:49:55,65.4,4413.47,43,33.0
2025-12-30,11:50:05,65.2,3910.84,43,33.0
2025-12-30,11:50:15,65.5,3690.31,43,33.0
2025-12-30,11:50:25,65.8,3646.24,43,33.0
2025-12-30,11:50:35,65.4,3948.75,43,33.0
2025-12-30,11:50:45,65.5,4507.43,43,33.0
2025-12-30,11:50:56,66.1,3793.41,43,33.0
2025-12-30,11:51:06,65.2,3801.93,43,33.0
2025-12-30,11:51:16,65.9,3583.53,43,33.0
2025-12-30,11:51:26,66.0,4144.62,43,33.0
2025-12-30,11:51:36,65.8,4045.20,43,33.0
2025-12-30,11:51:46,66.2,3419.05,43,33.0
2025-12-30,11:51:57,65.1,4769.61,43,33.0
2025-12-30,11:52:07,66.0,3554.58,43,33.0
2025-12-30,11:52:17,65.4,3704.90,43,33.0
2025-12-30,11:52:27,65.5,3679.93,43,33.0
2025-12-30,11:52:37,64.2,3798.99,43,33.0
2025-12-30,11:52:47,62.8,3464.73,43,33.0
2025-12-30,11:52:57,71.1,3326.04,43,33.0
2025-12-30,11:53:08,65.6,3532.17,43,33.0
2025-12-30,11:53:18,67.5,3520.87,43,33.0
2025-12-30,11:53:28,66.9,3755.54,43,33.0
2025-12-30,11:53:38,67.8,3624.69,43,33.0
2025-12-30,11:53:48,66.8,3682.74,43,33.0
2025-12-30,11:53:58,67.6,3610.53,43,33.0
2025-12-30,11:54:09,66.6,3560.73,43,33.0
2025-12-30,11:54:19,67.9,3582.88,43,33.0
2025-12-30,11:54:29,66.4,3628.07,43,33.0
2025-12-30,11:54:39,67.0,3674.41,43,33.0
2025-12-30,11:54:49,67.4,4509.33,43,33.0
2025-12-30,11:54:59,66.6,3852.43,43,33.0
2025-12-30,11:55:10,67.8,3455.09,43,33.0
2025-12-30,11:55:20,67.9,4230.05,43,33.0
2025-12-30,11:55:30,67.8,4170.04,43,33.0
2025-12-30,11:55:40,66.9,4340.37,43,33.0
2025-12-30,11:55:50,67.4,3682.76,43,33.0
2025-12-30,11:56:00,66.6,3705.24,43,33.0
2025-12-30,11:56:10,67.2,3432.29,43,33.0
2025-12-30,11:56:21,66.9,3590.25,43,33.0
2025-12-30,11:56:31,67.4,3814.39,43,33.0
2025-12-30,11:56:41,65.9,3871.88,43,33.0
2025-12-30,11:56:51,64.6,3680.70,43,33.0
2025-12-30,11:57:01,62.9,3555.46,43,33.0
2025-12-30,11:57:11,68.4,3611.44,43,33.0
2025-12-30,11:57:22,68.4,4323.43,43,33.0
2025-12-30,11:57:32,65.9,3779.93,43,33.0
2025-12-30,11:57:42,65.4,3617.83,43,33.0
2025-12-30,11:57:52,65.9,3537.86,43,33.0
2025-12-30,11:58:02,66.0,4342.68,43,33.0
2025-12-30,11:58:12,66.1,3347.32,43,33.0
2025-12-30,11:58:23,65.8,3274.97,43,33.0
2025-12-30,11:58:33,66.6,3536.39,43,33.0
2025-12-30,11:58:43,65.6,4861.43,43,33.0
2025-12-30,11:58:53,64.8,3963.73,43,33.0
2025-12-30,11:59:03,65.6,3684.26,43,33.0
2025-12-30,11:59:13,66.1,4024.65,43,33.0
2025-12-30,11:59:23,66.1,3860.13,43,33.0
2025-12-30,11:59:34,66.0,4014.25,43,33.0
2025-12-30,11:59:44,65.4,4303.31,43,33.0
2025-12-30,11:59:54,65.5,4008.23,43,33.0
2025-12-30,12:00:04,64.8,4580.40,43,33.0
2025-12-30,12:00:14,65.4,3547.84,43,33.0
2025-12-30,12:00:24,65.6,3607.89,43,33.0
2025-12-30,12:00:35,65.0,3652.17,43,33.0
2025-12-30,12:00:45,65.5,3599.59,43,33.0
2025-12-30,12:00:55,65.2,3826.35,43,33.0
2025-12-30,12:01:05,61.6,3703.00,43,33.0
2025-12-30,12:01:15,58.6,3581.02,43,33.0
2025-12-30,12:01:25,69.9,3276.51,43,33.0
2025-12-30,12:01:35,66.1,3769.90,43,33.0
2025-12-30,12:01:46,65.2,3853.80,43,33.0
2025-12-30,12:01:56,66.5,3702.18,43,33.0
2025-12-30,12:02:06,65.0,3651.13,43,33.0
2025-12-30,12:02:16,65.1,3651.16,43,33.0
2025-12-30,12:02:26,65.4,3576.50,43,33.0
2025-12-30,12:02:36,65.9,3938.89,43,33.0
2025-12-30,12:02:47,65.5,3722.29,43,33.0
2025-12-30,12:02:57,64.9,3643.01,43,33.0
2025-12-30,12:03:07,65.5,3417.41,43,33.0
2025-12-30,12:03:17,65.4,3376.86,43,33.0
2025-12-30,12:03:27,65.5,3589.77,43,33.0
2025-12-30,12:03:37,65.4,3596.47,43,33.0
2025-12-30,12:03:47,65.0,3802.93,43,33.0
2025-12-30,12:03:58,65.5,3375.91,43,33.0
2025-12-30,12:04:08,64.8,3369.86,43,33.0
2025-12-30,12:04:18,65.6,3605.75,43,33.0
2025-12-30,12:04:28,65.4,3576.00,43,33.0
2025-12-30,12:04:38,65.0,3703.48,43,33.0
2025-12-30,12:04:48,65.1,3730.88,43,33.0
2025-12-30,12:04:59,64.9,3903.06,43,33.0
2025-12-30,12:05:09,65.6,3448.97,43,33.0
2025-12-30,12:05:19,63.6,3666.57,43,33.0
2025-12-30,12:05:29,60.2,3910.44,43,33.0
2025-12-30,12:05:39,69.9,3519.84,43,33.0
2025-12-30,12:05:49,63.8,3797.63,43,33.0
2025-12-30,12:06:00,67.2,4380.58,43,33.0
2025-12-30,12:06:10,67.0,3536.62,43,33.0
2025-12-30,12:06:20,68.0,3771.04,43,33.0
2025-12-30,12:06:30,66.2,3557.62,43,33.0
2025-12-30,12:06:40,67.4,3901.61,43,33.0
2025-12-30,12:06:50,66.1,3623.89,43,33.0
2025-12-30,12:07:00,67.5,3522.26,43,33.0
2025-12-30,12:07:11,66.5,3413.83,43,33.0
2025-12-30,12:07:21,68.4,3580.17,43,33.0
2025-12-30,12:07:31,67.5,3629.01,43,33.0
2025-12-30,12:07:41,67.2,3824.00,43,33.0
2025-12-30,12:07:51,66.4,3761.39,43,33.0
2025-12-30,12:08:01,67.5,3975.15,43,33.0
2025-12-30,12:08:12,66.5,3744.75,43,33.0
2025-12-30,12:08:22,67.0,3634.68,43,33.0
2025-12-30,12:08:32,66.4,3700.07,43,33.0
2025-12-30,12:08:42,67.1,3828.77,43,33.0
2025-12-30,12:08:52,66.2,3594.86,43,33.0
2025-12-30,12:09:02,67.1,3476.52,43,33.0
2025-12-30,12:09:12,65.9,3940.24,43,33.0
2025-12-30,12:09:23,66.1,3621.87,43,33.0
2025-12-30,12:09:33,66.1,4033.28,43,33.0
2025-12-30,12:09:43,63.1,3615.81,43,33.0
2025-12-30,12:09:53,63.6,4971.03,43,33.0
2025-12-30,12:10:03,67.6,3962.68,43,33.0
2025-12-30,12:10:13,64.8,3958.08,43,33.0
2025-12-30,12:10:24,65.0,3738.92,43,33.0
2025-12-30,12:10:34,64.9,3549.39,43,33.0
2025-12-30,12:10:44,65.0,3573.13,43,33.0
2025-12-30,12:10:54,65.6,3612.37,43,33.0
2025-12-30,12:11:04,65.8,3552.86,43,33.0
2025-12-30,12:11:14,66.2,3894.00,43,33.0
2025-12-30,12:11:25,65.1,3531.88,43,33.0
2025-12-30,12:11:35,65.8,3587.98,43,33.0
2025-12-30,12:11:45,64.9,3541.67,43,33.0
2025-12-30,12:11:55,65.1,3723.50,43,33.0
2025-12-30,12:12:05,65.6,3642.82,43,33.0
2025-12-30,12:12:15,65.5,3816.29,43,33.0
2025-12-30,12:12:25,65.5,3574.25,43,33.0
2025-12-30,12:12:36,65.9,4607.16,43,33.0
2025-12-30,12:12:46,64.9,4221.08,43,33.0
2025-12-30,12:12:56,65.1,3646.87,43,33.0
2025-12-30,12:13:06,65.5,3569.99,43,33.0
2025-12-30,12:13:16,65.4,3684.66,43,33.0
2025-12-30,12:13:26,65.4,3554.21,43,33.0
2025-12-30,12:13:37,65.2,3653.91,43,33.0
2025-12-30,12:13:47,64.6,3586.02,43,33.0
2025-12-30,12:13:57,61.4,3774.41,43,33.0
2025-12-30,12:14:07,63.2,3540.29,43,33.0
2025-12-30,12:14:17,67.1,3600.33,43,33.0
2025-12-30,12:14:27,65.0,3383.43,43,33.0
2025-12-30,12:14:38,65.1,3631.51,43,33.0
2025-12-30,12:14:48,64.9,3786.60,43,33.0
2025-12-30,12:14:58,65.5,3311.49,43,33.0
2025-12-30,12:15:08,64.9,3541.82,43,33.0
2025-12-30,12:15:18,65.0,3754.03,43,33.0
2025-12-30,12:15:28,64.9,3873.98,43,33.0
2025-12-30,12:15:38,65.5,3426.71,43,33.0
2025-12-30,12:15:49,65.2,3380.18,43,33.0
2025-12-30,12:15:59,65.1,4039.92,43,33.0
2025-12-30,12:16:09,64.9,3601.05,43,33.0
2025-12-30,12:16:19,65.4,3697.55,43,33.0
2025-12-30,12:16:29,64.6,3317.48,43,33.0
2025-12-30,12:16:39,65.2,3598.36,43,33.0
2025-12-30,12:16:49,64.8,4164.93,43,33.0
2025-12-30,12:17:00,65.5,3750.72,43,33.0
2025-12-30,12:17:10,65.1,3684.10,43,33.0
2025-12-30,12:17:20,65.1,3358.38,43,33.0
2025-12-30,12:17:30,65.5,3542.95,43,33.0
2025-12-30,12:17:40,64.6,3802.37,43,33.0
2025-12-30,12:17:50,65.0,4052.79,43,33.0
2025-12-30,12:18:01,66.1,4516.02,43,33.0
2025-12-30,12:18:11,64.4,3825.33,43,33.0
2025-12-30,12:18:21,58.6,3944.19,43,33.0
2025-12-30,12:18:31,70.2,3467.67,43,33.0
2025-12-30,12:18:41,66.5,3856.13,43,33.0
2025-12-30,12:18:51,66.5,3498.83,43,33.0
2025-12-30,12:19:01,67.2,4106.01,43,33.0
2025-12-30,12:19:12,66.6,3370.81,43,33.0
2025-12-30,12:19:22,67.0,3487.69,43,33.0
2025-12-30,12:19:32,66.0,3538.65,43,33.0
2025-12-30,12:19:42,67.5,3621.84,43,33.0
2025-12-30,12:19:52,66.5,3653.57,43,33.0
2025-12-30,12:20:02,67.1,3624.40,43,33.0
2025-12-30,12:20:12,66.9,3767.24,43,33.0
2025-12-30,12:20:23,65.5,3906.35,43,33.0
2025-12-30,12:20:33,66.8,4934.52,43,33.0
2025-12-30,12:20:43,65.8,3596.77,43,33.0
2025-12-30,12:20:53,66.9,3551.30,43,33.0
2025-12-30,12:21:03,65.9,3937.83,43,33.0
2025-12-30,12:21:13,66.8,4506.10,43,33.0
2025-12-30,12:21:24,65.9,3808.37,43,33.0
2025-12-30,12:21:34,66.9,3546.54,43,33.0
2025-12-30,12:21:44,66.9,3940.00,43,33.0
2025-12-30,12:21:54,67.4,3526.05,43,33.0
2025-12-30,12:22:04,65.6,4019.53,43,33.0
2025-12-30,12:22:14,66.5,3545.83,43,33.0
2025-12-30,12:22:25,65.5,3569.94,43,33.0
2025-12-30,12:22:35,62.0,3935.34,43,33.0
2025-12-30,12:22:45,59.1,3702.45,43,33.0
2025-12-30,12:22:55,62.1,3592.29,43,33.0
2025-12-30,12:23:05,65.4,3618.56,43,33.0
2025-12-30,12:23:15,65.4,3705.11,43,33.0
2025-12-30,12:23:25,64.8,3722.79,43,33.0
2025-12-30,12:23:36,65.4,4154.03,43,33.0
2025-12-30,12:23:46,65.4,3548.90,43,33.0
2025-12-30,12:23:56,66.4,3648.88,43,33.0
2025-12-30,12:24:06,66.8,3860.54,43,33.0
2025-12-30,12:24:16,65.4,3854.76,43,33.0
2025-12-30,12:24:26,66.0,3645.69,43,33.0
2025-12-30,12:24:37,65.0,3857.13,43,33.0
2025-12-30,12:24:47,65.4,3713.93,43,33.0
2025-12-30,12:24:57,65.5,3672.83,43,33.0
2025-12-30,12:25:07,66.1,3988.28,43,33.0
2025-12-30,12:25:17,65.5,3974.32,43,33.0
2025-12-30,12:25:27,65.5,3291.44,43,33.0
2025-12-30,12:25:37,65.6,4087.85,43,33.0
2025-12-30,12:25:48,65.2,3454.17,43,33.0
2025-12-30,12:25:58,66.1,4492.27,43,33.0
2025-12-30,12:26:08,65.2,3466.18,43,33.0
2025-12-30,12:26:18,65.2,3642.17,43,33.0
2025-12-30,12:26:28,65.2,3555.80,43,33.0
2025-12-30,12:26:38,63.5,3442.54,43,33.0
2025-12-30,12:26:49,62.9,3305.01,43,33.0
2025-12-30,12:26:59,67.8,3677.67,43,33.0
2025-12-30,12:27:09,59.8,3678.38,43,33.0
2025-12-30,12:27:19,65.0,3497.31,43,33.0
2025-12-30,12:27:29,64.8,3588.79,43,33.0
2025-12-30,12:27:39,65.2,3896.48,43,33.0
2025-12-30,12:27:49,65.1,3639.88,43,33.0
2025-12-30,12:28:00,65.2,3924.13,43,33.0
2025-12-30,12:28:10,65.4,3685.81,43,33.0
2025-12-30,12:28:20,66.2,3653.84,43,33.0
2025-12-30,12:28:30,65.2,3491.36,43,33.0
2025-12-30,12:28:40,65.9,3382.03,43,33.0
2025-12-30,12:28:50,65.9,3395.77,43,33.0
2025-12-30,12:29:01,65.0,3791.51,43,33.0
2025-12-30,12:29:11,65.8,3522.70,43,33.0
2025-12-30,12:29:21,65.1,3637.45,43,33.0
2025-12-30,12:29:31,65.9,3548.47,43,33.0
2025-12-30,12:29:41,65.8,3603.05,43,33.0
2025-12-30,12:29:51,64.8,3616.86,43,33.0
2025-12-30,12:30:02,65.2,3564.68,43,33.0
2025-12-30,12:30:12,64.5,3285.35,43,33.0
2025-12-30,12:30:22,66.1,4281.58,43,33.0
2025-12-30,12:30:32,65.0,3728.80,43,33.0
2025-12-30,12:30:42,65.5,3677.91,43,33.0
2025-12-30,12:30:52,62.6,4871.55,43,33.0
2025-12-30,12:31:02,61.8,3540.91,43,33.0
2025-12-30,12:31:13,62.6,3466.43,43,33.0
2025-12-30,12:31:23,67.0,3820.57,43,33.0
2025-12-30,12:31:33,67.4,3819.14,43,33.0
2025-12-30,12:31:43,66.9,3648.05,43,33.0
2025-12-30,12:31:53,67.1,3412.22,43,33.0
2025-12-30,12:32:03,66.2,4219.76,43,33.0
2025-12-30,12:32:14,67.5,3903.90,43,33.0
2025-12-30,12:32:24,66.2,4304.20,43,33.0
2025-12-30,12:32:34,66.4,4315.00,43,33.0
2025-12-30,12:32:44,66.5,3938.00,43,33.0
2025-12-30,12:32:54,66.8,3534.52,43,33.0
2025-12-30,12:33:04,67.5,3692.94,43,33.0
2025-12-30,12:33:15,66.9,3667.44,43,33.0
2025-12-30,12:33:25,67.9,3850.94,43,33.0
2025-12-30,12:33:35,66.8,3798.65,43,33.0
2025-12-30,12:33:45,67.2,3491.53,43,33.0
2025-12-30,12:33:55,66.0,3736.06,43,33.0
2025-12-30,12:34:05,67.0,3568.79,43,33.0
2025-12-30,12:34:15,66.1,3751.39,43,33.0
2025-12-30,12:34:26,66.5,3922.62,43,33.0
2025-12-30,12:34:36,67.5,3486.94,43,33.0
2025-12-30,12:34:46,66.9,3402.30,43,33.0
2025-12-30,12:34:56,67.6,4102.85,43,33.0
2025-12-30,12:35:06,66.6,3786.55,43,33.0
2025-12-30,12:35:16,62.2,3680.27,43,33.0
2025-12-30,12:35:26,60.8,3381.59,43,33.0
2025-12-30,12:35:37,69.5,3658.18,43,33.0
2025-12-30,12:35:47,65.8,3580.40,43,33.0
2025-12-30,12:35:57,65.0,3980.08,43,33.0
2025-12-30,12:36:07,64.8,3841.13,43,33.0
2025-12-30,12:36:17,65.5,3737.27,43,33.0
2025-12-30,12:36:27,66.0,4063.38,43,33.0
2025-12-30,12:36:38,65.1,3642.85,43,33.0
2025-12-30,12:36:48,65.6,3507.18,43,33.0
2025-12-30,12:36:58,65.9,3503.49,43,33.0
2025-12-30,12:37:08,66.1,3947.39,43,33.0
2025-12-30,12:37:18,65.2,3627.39,43,33.0
2025-12-30,12:37:28,65.4,4731.21,43,33.0
2025-12-30,12:37:39,65.4,4321.90,43,33.0
2025-12-30,12:37:49,65.6,3475.94,43,33.0
2025-12-30,12:37:59,65.8,3564.39,43,33.0
2025-12-30,12:38:09,65.5,3754.39,43,33.0
2025-12-30,12:38:19,65.6,3926.12,43,33.0
2025-12-30,12:38:29,65.1,3728.96,43,33.0
2025-12-30,12:38:39,65.4,3745.21,43,33.0
2025-12-30,12:38:50,65.1,3834.79,43,33.0
2025-12-30,12:39:00,65.4,4105.89,43,33.0
2025-12-30,12:39:10,65.5,3674.49,43,33.0
2025-12-30,12:39:20,64.9,3878.25,43,33.0
2025-12-30,12:39:30,61.5,3646.05,43,33.0
2025-12-30,12:39:40,61.1,3518.05,43,33.0
2025-12-30,12:39:51,71.0,3900.61,43,33.0
2025-12-30,12:40:01,65.8,3634.55,43,33.0
2025-12-30,12:40:11,65.1,4205.23,43,33.0
2025-12-30,12:40:21,64.6,3716.97,43,33.0
2025-12-30,12:40:31,64.8,4206.74,43,33.0
2025-12-30,12:40:41,65.4,3547.89,43,33.0
2025-12-30,12:40:52,64.9,3612.94,43,33.0
2025-12-30,12:41:02,65.2,3538.20,43,33.0
2025-12-30,12:41:12,66.8,3781.85,43,33.0
2025-12-30,12:41:22,64.8,3663.96,43,33.0
2025-12-30,12:41:32,65.1,3355.69,43,33.0
2025-12-30,12:41:42,65.6,3715.85,43,33.0
2025-12-30,12:41:52,65.4,3618.78,43,33.0
2025-12-30,12:42:03,65.6,3655.61,43,33.0
2025-12-30,12:42:13,65.5,3406.46,43,33.0
2025-12-30,12:42:23,65.6,3782.27,43,33.0
2025-12-30,12:42:33,65.4,3870.44,43,33.0
2025-12-30,12:42:43,64.8,3959.92,43,33.0
2025-12-30,12:42:53,65.8,3862.12,43,33.0
2025-12-30,12:43:04,65.5,3669.62,43,33.0
2025-12-30,12:43:14,65.2,3642.79,43,33.0
2025-12-30,12:43:24,65.0,3930.61,43,33.0
2025-12-30,12:43:34,66.5,4841.01,43,33.0
2025-12-30,12:43:44,65.4,4079.27,43,33.0
2025-12-30,12:43:54,58.9,3987.03,43,33.0
2025-12-30,12:44:05,70.4,3567.67,43,33.0
2025-12-30,12:44:15,66.8,4113.28,43,33.0
2025-12-30,12:44:25,67.4,3681.37,43,33.0
2025-12-30,12:44:35,67.5,3536.50,43,33.0
2025-12-30,12:44:45,66.4,3420.76,43,33.0
2025-12-30,12:44:55,67.1,3661.52,43,33.0
2025-12-30,12:45:05,66.2,4612.76,43,33.0
2025-12-30,12:45:16,66.9,3738.38,43,33.0
2025-12-30,12:45:26,66.9,4108.36,43,33.0
2025-12-30,12:45:36,66.6,3657.97,43,33.0
2025-12-30,12:45:46,67.5,3573.52,43,33.0
2025-12-30,12:45:56,66.0,3572.61,43,33.0
2025-12-30,12:46:06,67.4,3819.42,43,33.0
2025-12-30,12:46:17,66.5,3905.63,43,33.0
2025-12-30,12:46:27,67.5,3694.35,43,33.0
2025-12-30,12:46:37,66.8,3689.30,43,33.0
2025-12-30,12:46:47,66.6,3595.45,43,33.0
2025-12-30,12:46:57,67.4,4473.32,43,33.0
2025-12-30,12:47:07,66.4,3948.48,43,33.0
2025-12-30,12:47:17,67.2,3643.26,43,33.0
2025-12-30,12:47:28,66.2,3872.80,43,33.0
2025-12-30,12:47:38,67.0,3506.16,43,33.0
2025-12-30,12:47:48,66.9,4550.08,43,33.0
2025-12-30,12:47:58,63.2,3522.27,43,33.0
2025-12-30,12:48:08,61.1,3931.57,43,33.0
2025-12-30,12:48:18,69.5,3750.59,43,33.0
2025-12-30,12:48:29,59.8,3950.34,43,33.0
2025-12-30,12:48:39,65.2,3890.94,43,33.0
2025-12-30,12:48:49,65.5,3896.14,43,33.0
2025-12-30,12:48:59,65.5,3727.31,43,33.0
2025-12-30,12:49:09,65.1,4215.44,43,33.0
2025-12-30,12:49:19,64.9,3445.02,43,33.0
2025-12-30,12:49:29,65.9,3685.40,43,33.0
2025-12-30,12:49:40,65.8,4104.56,43,33.0
2025-12-30,12:49:50,65.8,3725.67,43,33.0
2025-12-30,12:50:00,65.9,3502.22,43,33.0
2025-12-30,12:50:10,65.6,3494.94,43,33.0
2025-12-30,12:50:20,66.5,3337.68,43,33.0
2025-12-30,12:50:30,65.0,4072.68,43,33.0
2025-12-30,12:50:41,65.6,3362.46,43,33.0
2025-12-30,12:50:51,66.1,3935.53,43,33.0
2025-12-30,12:51:01,65.8,3510.78,43,33.0
2025-12-30,12:51:11,65.4,3695.70,43,33.0
2025-12-30,12:51:21,65.4,3936.85,43,33.0
2025-12-30,12:51:31,65.5,3534.24,43,33.0
2025-12-30,12:51:42,66.2,3600.20,43,33.0
2025-12-30,12:51:52,65.6,3796.85,43,33.0
2025-12-30,12:52:02,65.9,3579.59,43,33.0
2025-12-30,12:52:12,63.1,3572.12,43,33.0
2025-12-30,12:52:22,61.9,3867.31,43,33.0
2025-12-30,12:52:32,70.9,3454.87,43,33.0
2025-12-30,12:52:43,66.6,3446.66,43,33.0
2025-12-30,12:52:53,65.0,4048.85,43,33.0
2025-12-30,12:53:03,64.9,3771.38,43,33.0
2025-12-30,12:53:13,65.9,3767.95,43,33.0
2025-12-30,12:53:23,64.9,3505.06,43,33.0
2025-12-30,12:53:33,65.6,3773.66,43,33.0
2025-12-30,12:53:43,65.8,3752.93,43,33.0
2025-12-30,12:53:54,64.8,3609.60,43,33.0
2025-12-30,12:54:04,65.9,3561.38,43,33.0
2025-12-30,12:54:14,66.0,3485.02,43,33.0
2025-12-30,12:54:24,65.2,3615.12,43,33.0
2025-12-30,12:54:34,65.2,3578.07,43,33.0
2025-12-30,12:54:44,66.0,4381.32,43,33.0
2025-12-30,12:54:54,65.4,4391.08,43,33.0
2025-12-30,12:55:05,65.1,3802.46,43,33.0
2025-12-30,12:55:15,65.5,3638.31,43,33.0
2025-12-30,12:55:25,65.4,3684.68,43,33.0
2025-12-30,12:55:35,65.4,3481.46,43,33.0
2025-12-30,12:55:45,65.1,3818.78,43,33.0
2025-12-30,12:55:55,65.4,3429.53,43,33.0
2025-12-30,12:56:06,65.9,3716.21,43,33.0
2025-12-30,12:56:16,65.6,3569.04,43,33.0
2025-12-30,12:56:26,63.0,3755.93,43,33.0
2025-12-30,12:56:36,61.4,3666.67,43,33.0
2025-12-30,12:56:46,70.6,3396.41,43,33.0
2025-12-30,12:56:56,66.8,3449.68,43,33.0
2025-12-30,12:57:06,67.2,3588.91,43,33.0
2025-12-30,12:57:17,67.5,3329.07,43,33.0
2025-12-30,12:57:27,66.9,3444.86,43,33.0
2025-12-30,12:57:37,66.4,3801.73,43,33.0
2025-12-30,12:57:47,68.1,3565.49,43,33.0
2025-12-30,12:57:57,66.8,3873.27,43,33.0
2025-12-30,12:58:07,67.2,3323.79,43,33.0
2025-12-30,12:58:18,67.1,3421.68,43,33.0
2025-12-30,12:58:28,67.5,3648.31,43,33.0
2025-12-30,12:58:38,66.5,3898.36,43,33.0
2025-12-30,12:58:48,67.1,3598.76,43,33.0
2025-12-30,12:58:58,66.5,3912.09,43,33.0
2025-12-30,12:59:08,67.2,3553.41,43,33.0
2025-12-30,12:59:19,66.5,3531.26,43,33.0
2025-12-30,12:59:29,68.0,3358.89,43,33.0
2025-12-30,12:59:39,66.6,3541.97,43,33.0
2025-12-30,12:59:49,67.2,3540.03,43,33.0
2025-12-30,12:59:59,66.9,3434.92,43,33.0
2025-12-30,13:00:09,67.1,4073.39,43,33.0
2025-12-30,13:00:19,67.6,3820.08,43,33.0
2025-12-30,13:00:30,67.5,4359.45,43,33.0
2025-12-30,13:00:40,67.4,4051.71,43,33.0
2025-12-30,13:00:50,60.4,3314.80,43,33.0
2025-12-30,13:01:00,63.5,3750.12,43,33.0
2025-12-30,13:01:10,67.0,3808.89,43,33.0
2025-12-30,13:01:20,65.5,3474.86,43,33.0
2025-12-30,13:01:31,65.9,3613.15,43,33.0
2025-12-30,13:01:41,65.0,3743.32,43,33.0
2025-12-30,13:01:51,65.6,3512.46,43,33.0
2025-12-30,13:02:01,65.5,3622.78,43,33.0
2025-12-30,13:02:11,65.5,4170.84,43,33.0
2025-12-30,13:02:21,65.4,3456.19,43,33.0
2025-12-30,13:02:31,65.5,3897.60,43,33.0
2025-12-30,13:02:42,65.1,4171.39,43,33.0
2025-12-30,13:02:52,65.5,3553.45,43,33.0
2025-12-30,13:03:02,65.8,4225.36,43,33.0
2025-12-30,13:03:12,65.5,3653.67,43,33.0
2025-12-30,13:03:22,65.1,3574.20,43,33.0
2025-12-30,13:03:32,66.2,3416.23,43,33.0
2025-12-30,13:03:43,67.2,3584.84,43,33.0
2025-12-30,13:03:53,65.5,3431.77,43,33.0
2025-12-30,13:04:03,66.2,3337.95,43,33.0
2025-12-30,13:04:13,65.4,3658.08,43,33.0
2025-12-30,13:04:23,65.6,3705.72,43,33.0
2025-12-30,13:04:33,66.9,3995.10,43,33.0
2025-12-30,13:04:44,65.5,3465.69,43,33.0
2025-12-30,13:04:54,67.0,4316.71,43,33.0
2025-12-30,13:05:04,62.5,3562.91,43,33.0
2025-12-30,13:05:14,61.2,3591.69,43,33.0
2025-12-30,13:05:24,67.5,3818.25,43,33.0
2025-12-30,13:05:34,65.8,3637.55,43,33.0
2025-12-30,13:05:45,66.9,4229.88,43,33.0
2025-12-30,13:05:55,65.1,3521.35,43,33.0
2025-12-30,13:06:05,65.5,3529.31,43,33.0
2025-12-30,13:06:15,66.1,3697.18,43,33.0
2025-12-30,13:06:25,65.5,3706.14,43,33.0
2025-12-30,13:06:35,65.6,3605.30,43,33.0
2025-12-30,13:06:45,66.2,3552.44,43,33.0
2025-12-30,13:06:56,65.9,3680.52,43,33.0
2025-12-30,13:07:06,66.1,3834.96,43,33.0
2025-12-30,13:07:16,65.6,4623.54,43,33.0
2025-12-30,13:07:26,65.8,4650.69,43,33.0
2025-12-30,13:07:36,65.1,4138.22,43,33.0
2025-12-30,13:07:46,65.8,3424.24,43,33.0
2025-12-30,13:07:57,65.9,3901.18,43,33.0
2025-12-30,13:08:07,66.9,4108.08,43,33.0
2025-12-30,13:08:17,66.1,4239.43,43,33.0
2025-12-30,13:08:27,66.5,4545.70,43,33.0
2025-12-30,13:08:37,66.1,4029.44,43,33.0
2025-12-30,13:08:47,65.9,3466.35,43,33.0
2025-12-30,13:08:57,65.4,3470.96,43,33.0
2025-12-30,13:09:08,65.8,3697.58,43,33.0
2025-12-30,13:09:18,65.1,3486.04,43,33.0
2025-12-30,13:09:28,64.1,3641.38,43,33.0
2025-12-30,13:09:38,72.0,3608.84,43,33.0
2025-12-30,13:09:48,66.5,3641.37,43,33.0
2025-12-30,13:09:58,66.9,4041.76,43,33.0
2025-12-30,13:10:09,66.9,3951.31,43,33.0
2025-12-30,13:10:19,67.8,4433.70,43,33.0
2025-12-30,13:10:29,67.4,3602.37,43,33.0
2025-12-30,13:10:39,68.5,3825.40,43,33.0
2025-12-30,13:10:49,67.5,3631.61,43,33.0
2025-12-30,13:10:59,68.2,3747.65,43,33.0
2025-12-30,13:11:10,67.2,3737.04,43,33.0
2025-12-30,13:11:20,68.4,4006.56,43,33.0
2025-12-30,13:11:30,67.1,3970.77,43,33.0
2025-12-30,13:11:40,67.8,3702.23,43,33.0
2025-12-30,13:11:50,67.8,3905.19,43,33.0
2025-12-30,13:12:00,67.5,3556.72,43,33.0
2025-12-30,13:12:10,66.6,3646.91,43,33.0
2025-12-30,13:12:21,67.5,3701.70,43,33.0
2025-12-30,13:12:31,66.9,3564.28,43,33.0
2025-12-30,13:12:41,67.9,3991.27,43,33.0
2025-12-30,13:12:51,67.0,3845.03,43,33.0
2025-12-30,13:13:01,67.8,3643.54,43,33.0
2025-12-30,13:13:11,66.9,4155.92,43,33.0
2025-12-30,13:13:21,67.2,3393.21,43,33.0
2025-12-30,13:13:32,66.5,3958.79,43,33.0
2025-12-30,13:13:42,62.2,3909.75,43,33.0
2025-12-30,13:13:52,60.8,3833.15,43,33.0
2025-12-30,13:14:02,63.9,3331.58,43,33.0
2025-12-30,13:14:12,65.9,3851.20,43,33.0
2025-12-30,13:14:22,66.1,3556.16,43,33.0
2025-12-30,13:14:33,66.0,3886.00,43,33.0
2025-12-30,13:14:43,66.1,3300.55,43,33.0
2025-12-30,13:14:53,66.2,4169.53,43,33.0
2025-12-30,13:15:03,65.6,3704.76,43,33.0
2025-12-30,13:15:13,66.2,3661.77,43,33.0
2025-12-30,13:15:23,66.4,3963.57,43,33.0
2025-12-30,13:15:34,66.6,3428.91,43,33.0
2025-12-30,13:15:44,66.2,4075.05,43,33.0
2025-12-30,13:15:54,66.4,3622.51,43,33.0
2025-12-30,13:16:04,66.5,3721.36,43,33.0
2025-12-30,13:16:14,65.8,3891.10,43,33.0
2025-12-30,13:16:24,65.9,3561.03,43,33.0
2025-12-30,13:16:34,66.8,3528.19,43,33.0
2025-12-30,13:16:45,66.5,3829.63,43,33.0
2025-12-30,13:16:55,66.4,3369.24,43,33.0
2025-12-30,13:17:05,66.4,3938.75,43,33.0
2025-12-30,13:17:15,66.0,4095.38,43,33.0
2025-12-30,13:17:25,66.1,3940.99,43,33.0
2025-12-30,13:17:35,66.0,3797.53,43,33.0
2025-12-30,13:17:45,65.1,3637.72,43,33.0
2025-12-30,13:17:56,61.9,3480.54,43,33.0
2025-12-30,13:18:06,70.6,3934.81,43,33.0
2025-12-30,13:18:16,64.8,3457.26,43,33.0
2025-12-30,13:18:26,66.0,3959.96,43,33.0
2025-12-30,13:18:36,66.8,3678.92,43,33.0
2025-12-30,13:18:46,66.6,3285.00,43,33.0
2025-12-30,13:18:57,66.0,3741.21,43,33.0
2025-12-30,13:19:07,66.0,4089.28,43,33.0
2025-12-30,13:19:17,66.2,3535.66,43,33.0
2025-12-30,13:19:27,65.8,4197.87,43,33.0
2025-12-30,13:19:37,66.5,4048.68,43,33.0
2025-12-30,13:19:47,67.0,4169.14,43,33.0
2025-12-30,13:19:58,66.2,4150.84,43,33.0
2025-12-30,13:20:08,66.0,4266.78,43,33.0
2025-12-30,13:20:18,66.9,3699.02,43,33.0
2025-12-30,13:20:28,65.6,4125.68,43,33.0
2025-12-30,13:20:38,65.8,4204.30,43,33.0
2025-12-30,13:20:48,66.5,3652.63,43,33.0
2025-12-30,13:20:58,66.2,4364.28,43,33.0
2025-12-30,13:21:09,66.1,3671.11,43,33.0
2025-12-30,13:21:19,66.2,4187.32,43,33.0
2025-12-30,13:21:29,65.9,3502.60,43,33.0
2025-12-30,13:21:39,66.1,3774.09,43,33.0
2025-12-30,13:21:49,67.0,3907.64,43,33.0
2025-12-30,13:21:59,64.1,3665.68,43,33.0
2025-12-30,13:22:10,64.5,3672.59,43,33.0
2025-12-30,13:22:20,70.5,4107.96,43,33.0
2025-12-30,13:22:30,64.0,3901.05,43,33.0
2025-12-30,13:22:40,67.8,3697.31,43,33.0
2025-12-30,13:22:50,68.5,4130.29,43,33.0
2025-12-30,13:23:00,67.8,3807.51,43,33.0
2025-12-30,13:23:11,67.0,4033.62,43,33.0
2025-12-30,13:23:21,67.1,4140.96,43,33.0
2025-12-30,13:23:31,67.6,3918.77,43,33.0
2025-12-30,13:23:41,67.5,4988.81,43,33.0
2025-12-30,13:23:51,68.2,4238.45,43,33.0
2025-12-30,13:24:01,67.0,3649.44,43,33.0
2025-12-30,13:24:11,68.0,3642.64,43,33.0
2025-12-30,13:24:22,66.4,4104.87,43,33.0
2025-12-30,13:24:32,68.1,3288.63,43,33.0
2025-12-30,13:24:42,67.2,4006.59,43,33.0
2025-12-30,13:24:52,68.1,3439.35,43,33.0
2025-12-30,13:25:02,66.8,3822.11,43,33.0
2025-12-30,13:25:12,67.5,3403.49,43,33.0
2025-12-30,13:25:22,67.5,3511.27,43,33.0
2025-12-30,13:25:33,67.9,3582.42,43,33.0
2025-12-30,13:25:43,66.8,3555.89,43,33.0
2025-12-30,13:25:53,68.0,3608.73,43,33.0
2025-12-30,13:26:03,66.8,3628.89,43,33.0
2025-12-30,13:26:13,68.0,3712.18,43,33.0
2025-12-30,13:26:23,64.9,4488.77,43,33.0
2025-12-30,13:26:34,59.0,4373.42,43,33.0
2025-12-30,13:26:44,71.8,4135.36,43,33.0
2025-12-30,13:26:54,65.6,3426.58,43,33.0
2025-12-30,13:27:04,65.6,3756.26,43,33.0
2025-12-30,13:27:14,65.9,3856.24,43,33.0
2025-12-30,13:27:24,65.5,3972.25,43,33.0
2025-12-30,13:27:34,66.8,3838.69,43,33.0
2025-12-30,13:27:45,65.6,3642.87,43,33.0
2025-12-30,13:27:55,65.5,4165.35,43,33.0
2025-12-30,13:28:05,65.9,3562.11,43,33.0
2025-12-30,13:28:15,66.5,3922.66,43,33.0
2025-12-30,13:28:25,66.5,3449.69,43,33.0
2025-12-30,13:28:35,65.9,4509.55,43,33.0
2025-12-30,13:28:46,66.6,3862.18,43,33.0
2025-12-30,13:28:56,66.1,3805.76,43,33.0
2025-12-30,13:29:06,65.8,3340.72,43,33.0
2025-12-30,13:29:16,66.6,3306.26,43,33.0
2025-12-30,13:29:26,65.6,3759.77,43,33.0
2025-12-30,13:29:36,66.2,3395.41,43,33.0
2025-12-30,13:29:47,66.8,3518.37,43,33.0
2025-12-30,13:29:57,65.5,4140.71,43,33.0
2025-12-30,13:30:07,65.8,3702.08,43,33.0
2025-12-30,13:30:17,66.1,3570.12,43,33.0
2025-12-30,13:30:27,66.5,3352.27,43,33.0
2025-12-30,13:30:37,63.0,3826.04,43,33.0
2025-12-30,13:30:47,62.6,3896.03,43,33.0
2025-12-30,13:30:58,69.1,3681.30,43,33.0
2025-12-30,13:31:08,65.8,4275.42,43,33.0
2025-12-30,13:31:18,66.0,4203.61,43,33.0
2025-12-30,13:31:28,66.0,3727.95,43,34.0
2025-12-30,13:31:38,65.9,3503.34,43,33.0
2025-12-30,13:31:48,65.2,3875.75,43,33.0
2025-12-30,13:31:59,65.5,3617.06,43,33.0
2025-12-30,13:32:09,65.4,3896.70,43,33.0
2025-12-30,13:32:19,66.0,3743.88,43,33.0
2025-12-30,13:32:29,65.9,4177.54,43,33.0
2025-12-30,13:32:39,65.4,3807.70,43,33.0
2025-12-30,13:32:49,65.6,3753.17,43,33.0
2025-12-30,13:32:59,66.0,4061.85,43,33.0
2025-12-30,13:33:10,66.4,3848.61,43,33.0
2025-12-30,13:33:20,66.0,3746.87,43,33.0
2025-12-30,13:33:30,66.0,3528.82,43,33.0
2025-12-30,13:33:40,66.0,4032.24,43,33.0
2025-12-30,13:33:50,66.4,3543.09,43,33.0
2025-12-30,13:34:00,66.2,4086.35,43,33.0
2025-12-30,13:34:11,65.8,3442.58,43,33.0
2025-12-30,13:34:21,66.5,3772.50,43,33.0
2025-12-30,13:34:31,65.8,3725.61,43,33.0
2025-12-30,13:34:41,66.0,3605.08,43,34.0
2025-12-30,13:34:51,66.4,3764.08,43,33.0
2025-12-30,13:35:01,60.2,3609.11,43,33.0
2025-12-30,13:35:12,71.6,3863.86,43,33.0
2025-12-30,13:35:22,66.1,3485.47,43,33.0
2025-12-30,13:35:32,67.8,3559.46,43,33.0
2025-12-30,13:35:42,66.9,3508.79,43,33.0
2025-12-30,13:35:52,67.2,3626.57,43,33.0
2025-12-30,13:36:02,67.1,3775.59,43,34.0
2025-12-30,13:36:12,67.6,4108.39,43,34.0
2025-12-30,13:36:23,66.5,3542.43,43,33.0
2025-12-30,13:36:33,67.5,3811.83,43,33.0
2025-12-30,13:36:43,67.1,3432.49,43,33.0
2025-12-30,13:36:53,67.1,3755.47,43,33.0
2025-12-30,13:37:03,67.9,4084.73,43,33.0
2025-12-30,13:37:13,67.2,3506.95,43,33.0
2025-12-30,13:37:24,68.0,3909.22,43,33.0
2025-12-30,13:37:34,67.4,3866.80,43,33.0
2025-12-30,13:37:44,68.0,3648.90,43,33.0
2025-12-30,13:37:54,68.0,4379.43,43,33.0
2025-12-30,13:38:04,67.0,4121.30,43,33.0
2025-12-30,13:38:14,67.0,3715.00,43,33.0
2025-12-30,13:38:24,67.0,4274.13,43,33.0
2025-12-30,13:38:35,67.4,3937.37,43,33.0
2025-12-30,13:38:45,67.8,3604.74,43,33.0
2025-12-30,13:38:55,67.4,3915.11,43,33.0
2025-12-30,13:39:05,66.0,3513.81,43,33.0
2025-12-30,13:39:15,62.9,3463.31,43,33.0
2025-12-30,13:39:25,63.4,3748.13,43,33.0
2025-12-30,13:39:35,68.0,3457.52,43,33.0
2025-12-30,13:39:46,66.0,4683.51,43,33.0
2025-12-30,13:39:56,65.8,3976.23,43,33.0
2025-12-30,13:40:06,65.9,4132.92,43,33.0
2025-12-30,13:40:16,66.2,3555.90,43,33.0
2025-12-30,13:40:26,66.9,3223.24,43,33.0
2025-12-30,13:40:36,66.1,3568.10,43,33.0
2025-12-30,13:40:47,66.8,3509.13,43,33.0
2025-12-30,13:40:57,66.9,3930.19,43,33.0
2025-12-30,13:41:07,65.6,4022.55,43,33.0
2025-12-30,13:41:17,66.5,3743.81,43,33.0
2025-12-30,13:41:27,66.5,3638.64,43,33.0
2025-12-30,13:41:37,66.9,3541.83,43,33.0
2025-12-30,13:41:48,65.8,4398.92,43,33.0
2025-12-30,13:41:58,66.0,4178.86,43,33.0
2025-12-30,13:42:08,66.2,3989.19,43,33.0
2025-12-30,13:42:18,66.5,4371.56,43,33.0
2025-12-30,13:42:28,66.5,3712.93,43,33.0
2025-12-30,13:42:38,66.8,3571.77,43,33.0
2025-12-30,13:42:48,66.5,3781.97,43,33.0
2025-12-30,13:42:59,66.8,3727.03,43,33.0
2025-12-30,13:43:09,66.2,3929.71,43,33.0
2025-12-30,13:43:19,63.5,3636.76,43,33.0
2025-12-30,13:43:29,62.5,3487.96,43,33.0
2025-12-30,13:43:39,65.5,4047.27,43,33.0
2025-12-30,13:43:49,66.4,3688.92,43,33.0
2025-12-30,13:44:00,66.5,3723.69,43,33.0
2025-12-30,13:44:10,65.9,3627.92,43,33.0
2025-12-30,13:44:20,66.0,4702.26,43,33.0
2025-12-30,13:44:30,66.1,3451.03,43,33.0
2025-12-30,13:44:40,66.0,3536.72,43,33.0
2025-12-30,13:44:50,66.2,3671.19,43,33.0
2025-12-30,13:45:00,66.1,3725.60,43,33.0
2025-12-30,13:45:11,65.8,3444.45,43,33.0
2025-12-30,13:45:21,66.6,3646.74,43,33.0
2025-12-30,13:45:31,65.6,4090.28,43,33.0
2025-12-30,13:45:41,66.2,4074.19,43,33.0
2025-12-30,13:45:51,66.0,3311.19,43,33.0
2025-12-30,13:46:01,66.1,3605.30,43,33.0
2025-12-30,13:46:12,66.1,3607.50,43,33.0
2025-12-30,13:46:22,66.1,3557.99,43,33.0
2025-12-30,13:46:32,66.0,3846.14,43,33.0
2025-12-30,13:46:42,65.6,3582.11,43,33.0
2025-12-30,13:46:52,65.9,3744.70,43,33.0
2025-12-30,13:47:02,66.2,3476.19,43,33.0
2025-12-30,13:47:12,66.0,3904.42,43,33.0
2025-12-30,13:47:23,66.0,3887.21,43,33.0
2025-12-30,13:47:33,63.0,4044.17,43,33.0
2025-12-30,13:47:43,62.0,3530.06,43,33.0
2025-12-30,13:47:53,63.2,3691.89,43,33.0
2025-12-30,13:48:03,61.2,4252.41,43,33.0
2025-12-30,13:48:13,67.8,3914.43,43,33.0
2025-12-30,13:48:24,67.6,3680.00,43,33.0
2025-12-30,13:48:34,66.9,4096.91,43,33.0
2025-12-30,13:48:44,67.8,3745.51,43,33.0
2025-12-30,13:48:54,66.6,3755.10,43,33.0
2025-12-30,13:49:04,67.5,3744.11,43,33.0
2025-12-30,13:49:14,67.1,3730.84,43,33.0
2025-12-30,13:49:24,67.4,3830.06,43,33.0
2025-12-30,13:49:35,67.9,3972.37,43,33.0
2025-12-30,13:49:45,67.0,3732.78,43,33.0
2025-12-30,13:49:55,67.9,3545.34,43,33.0
2025-12-30,13:50:05,67.2,3292.52,43,33.0
2025-12-30,13:50:15,68.1,3709.27,43,33.0
2025-12-30,13:50:25,67.1,3376.08,43,33.0
2025-12-30,13:50:36,67.5,3970.70,43,33.0
2025-12-30,13:50:46,66.6,3894.82,43,33.0
2025-12-30,13:50:56,67.4,3726.30,43,33.0
2025-12-30,13:51:06,66.4,3424.26,43,33.0
2025-12-30,13:51:16,67.9,4308.70,43,33.0
2025-12-30,13:51:26,66.8,4038.96,43,33.0
2025-12-30,13:51:36,66.6,3892.98,43,33.0
2025-12-30,13:51:47,67.4,4058.29,43,33.0
2025-12-30,13:51:57,65.1,3536.51,43,33.0
2025-12-30,13:52:07,60.2,3391.20,43,33.0
2025-12-30,13:52:17,66.0,3708.00,43,33.0
2025-12-30,13:52:27,66.0,3736.57,43,33.0
2025-12-30,13:52:37,65.6,3876.67,43,33.0
2025-12-30,13:52:48,66.2,3568.31,43,33.0
2025-12-30,13:52:58,66.1,3829.21,43,33.0
2025-12-30,13:53:08,66.0,4152.89,43,33.0
2025-12-30,13:53:18,66.5,4437.31,43,33.0
2025-12-30,13:53:28,65.9,4004.15,43,33.0
2025-12-30,13:53:38,65.9,3683.23,43,33.0
2025-12-30,13:53:48,66.4,3449.94,43,33.0
2025-12-30,13:53:59,65.9,3902.98,43,34.0
2025-12-30,13:54:09,66.4,3678.55,43,33.0
2025-12-30,13:54:19,66.8,3796.82,43,33.0
2025-12-30,13:54:29,66.4,3580.54,43,33.0
2025-12-30,13:54:39,66.4,3668.35,43,33.0
2025-12-30,13:54:49,65.9,3751.37,43,33.0
2025-12-30,13:54:59,66.2,4065.11,43,33.0
2025-12-30,13:55:10,65.9,3777.28,43,33.0
2025-12-30,13:55:20,66.4,3841.82,43,33.0
2025-12-30,13:55:30,66.1,3441.28,43,33.0
2025-12-30,13:55:40,65.8,3507.09,43,33.0
2025-12-30,13:55:50,66.2,4042.10,43,33.0
2025-12-30,13:56:00,66.5,4120.45,43,33.0
2025-12-30,13:56:11,63.8,3623.44,43,33.0
2025-12-30,13:56:21,63.9,3391.50,43,33.0
2025-12-30,13:56:31,68.5,3660.48,43,33.0
2025-12-30,13:56:41,65.5,3468.68,43,33.0
2025-12-30,13:56:51,65.4,3833.28,43,33.0
2025-12-30,13:57:01,66.1,3927.95,43,33.0
2025-12-30,13:57:11,65.6,3451.53,43,33.0
2025-12-30,13:57:22,65.2,4374.34,43,33.0
2025-12-30,13:57:32,65.6,4029.06,43,33.0
2025-12-30,13:57:42,66.0,3839.54,43,33.0
2025-12-30,13:57:52,67.2,3300.31,43,33.0
2025-12-30,13:58:02,66.4,3830.44,43,33.0
2025-12-30,13:58:12,65.4,3552.67,43,33.0
2025-12-30,13:58:23,65.6,3757.04,43,33.0
2025-12-30,13:58:33,66.6,3611.55,43,33.0
2025-12-30,13:58:43,65.9,3447.47,43,33.0
2025-12-30,13:58:53,66.4,3620.39,43,33.0
2025-12-30,13:59:03,65.9,3658.58,43,33.0
2025-12-30,13:59:13,66.6,3481.04,43,33.0
2025-12-30,13:59:24,66.1,3531.47,43,33.0
2025-12-30,13:59:34,66.1,3779.84,43,33.0
2025-12-30,13:59:44,66.4,3397.44,43,33.0
2025-12-30,13:59:54,66.5,3723.24,43,33.0
2025-12-30,14:00:04,65.5,4732.07,43,33.0
2025-12-30,14:00:14,65.8,4324.44,43,33.0
2025-12-30,14:00:25,65.1,4030.04,43,33.0
2025-12-30,14:00:35,63.4,3571.66,43,33.0
2025-12-30,14:00:45,71.2,3487.56,43,33.0
2025-12-30,14:00:55,67.1,3571.51,43,33.0
2025-12-30,14:01:05,67.6,3986.62,43,33.0
2025-12-30,14:01:15,67.5,3562.27,43,34.0
2025-12-30,14:01:25,67.6,4197.96,43,33.0
2025-12-30,14:01:36,67.6,4085.61,43,33.0
2025-12-30,14:01:46,67.5,4054.36,43,33.0
2025-12-30,14:01:56,68.6,4514.24,43,33.0
2025-12-30,14:02:06,69.5,4193.13,43,33.0
2025-12-30,14:02:16,67.5,3783.79,43,33.0
2025-12-30,14:02:26,68.5,3604.76,43,33.0
2025-12-30,14:02:37,67.0,4419.09,43,33.0
2025-12-30,14:02:47,68.4,4267.28,43,33.0
2025-12-30,14:02:57,72.8,4694.68,43,33.0
2025-12-30,14:03:07,72.8,4533.62,43,33.0
2025-12-30,14:03:17,72.6,4830.14,43,33.0
2025-12-30,14:03:27,72.5,4360.26,43,33.0
2025-12-30,14:03:37,72.5,4772.09,43,33.0
2025-12-30,14:03:48,72.4,4483.11,43,33.0
2025-12-30,14:03:58,72.8,4595.98,43,33.0
2025-12-30,14:04:08,72.4,4408.90,43,33.0
2025-12-30,14:04:18,71.6,4491.16,43,33.0
2025-12-30,14:04:28,72.5,4455.10,42,33.0
2025-12-30,14:04:38,73.9,3616.91,42,33.0
2025-12-30,14:04:49,74.8,3917.41,42,33.0
2025-12-30,14:04:59,79.9,3926.46,42,33.0
2025-12-30,14:05:09,75.9,4665.22,42,33.0
2025-12-30,14:05:19,77.9,4741.11,42,33.0
2025-12-30,14:05:29,73.9,4716.19,42,33.0
2025-12-30,14:05:39,75.1,4755.28,42,33.0
2025-12-30,14:05:50,75.0,4766.10,42,33.0
2025-12-30,14:06:00,75.0,4765.94,42,33.0
2025-12-30,14:06:10,75.4,4765.79,42,33.0
2025-12-30,14:06:20,75.5,4649.97,42,33.0
2025-12-30,14:06:30,73.2,4685.87,42,33.0
2025-12-30,14:06:40,72.0,4730.26,42,33.0
2025-12-30,14:06:51,72.1,4436.71,42,33.0
2025-12-30,14:07:01,72.4,4662.27,42,33.0
2025-12-30,14:07:11,72.5,4665.84,42,33.0
2025-12-30,14:07:21,71.9,4534.83,42,33.0
2025-12-30,14:07:31,74.4,3768.92,42,33.0
2025-12-30,14:07:41,80.1,3625.67,42,33.0
2025-12-30,14:07:52,75.5,4766.13,42,33.0
2025-12-30,14:08:02,74.8,4765.95,42,33.0
2025-12-30,14:08:12,74.5,4768.49,42,33.0
2025-12-30,14:08:22,75.0,4766.02,42,33.0
2025-12-30,14:08:32,74.4,3677.90,42,33.0
2025-12-30,14:08:42,67.6,3348.50,42,33.0
2025-12-30,14:08:52,67.2,3456.66,42,33.0
2025-12-30,14:09:03,67.8,3715.09,42,33.0
2025-12-30,14:09:13,67.5,3464.77,42,33.0
2025-12-30,14:09:23,66.8,3940.31,42,33.0
2025-12-30,14:09:33,67.1,4338.73,42,33.0
2025-12-30,14:09:43,66.8,4092.29,42,33.0
2025-12-30,14:09:53,64.9,3527.70,42,33.0
2025-12-30,14:10:04,61.8,3416.24,42,33.0
2025-12-30,14:10:14,57.9,3981.10,42,33.0
2025-12-30,14:10:24,61.4,3554.37,42,33.0
2025-12-30,14:10:34,66.9,3652.39,42,33.0
2025-12-30,14:10:44,66.8,3614.89,42,33.0
2025-12-30,14:10:54,66.0,3763.40,42,33.0
2025-12-30,14:11:05,66.8,3524.96,42,33.0
2025-12-30,14:11:15,66.1,3327.33,42,33.0
2025-12-30,14:11:25,66.0,3732.95,42,33.0
2025-12-30,14:11:35,66.4,3571.68,42,33.0
2025-12-30,14:11:45,66.1,3766.34,42,33.0
2025-12-30,14:11:55,66.6,3828.68,42,33.0
2025-12-30,14:12:05,66.8,3811.83,42,33.0
2025-12-30,14:12:16,65.8,3848.13,42,33.0
2025-12-30,14:12:26,65.9,3578.89,42,33.0
2025-12-30,14:12:36,66.0,3557.87,42,33.0
2025-12-30,14:12:46,66.4,3862.77,42,33.0
2025-12-30,14:12:56,66.0,3556.12,42,33.0
2025-12-30,14:13:06,66.4,3694.58,42,33.0
2025-12-30,14:13:17,65.9,3618.08,42,33.0
2025-12-30,14:13:27,66.2,4317.75,42,33.0
2025-12-30,14:13:37,65.9,3834.28,42,33.0
2025-12-30,14:13:47,66.1,3580.13,42,33.0
2025-12-30,14:13:57,66.0,3411.94,42,33.0
2025-12-30,14:14:07,65.9,3713.07,42,33.0
2025-12-30,14:14:17,64.8,3582.52,42,33.0
2025-12-30,14:14:28,64.9,3383.49,43,33.0
2025-12-30,14:14:38,69.0,3863.85,43,33.0
2025-12-30,14:14:48,67.0,3608.82,43,33.0
2025-12-30,14:14:58,67.9,3608.63,43,33.0
2025-12-30,14:15:08,67.6,3751.10,43,33.0
2025-12-30,14:15:18,67.6,3536.47,43,33.0
2025-12-30,14:15:29,67.9,3455.96,43,33.0
2025-12-30,14:15:39,66.9,4097.10,43,33.0
2025-12-30,14:15:49,68.1,3577.17,43,33.0
2025-12-30,14:15:59,67.5,3581.26,43,33.0
2025-12-30,14:16:09,68.0,3543.62,43,33.0
2025-12-30,14:16:19,66.9,3739.17,43,33.0
2025-12-30,14:16:29,67.8,3996.33,43,33.0
2025-12-30,14:16:40,67.2,3609.85,43,33.0
2025-12-30,14:16:50,68.0,3535.88,43,33.0
2025-12-30,14:17:00,67.4,3584.00,43,33.0
2025-12-30,14:17:10,67.5,3872.14,43,33.0
2025-12-30,14:17:20,67.8,3480.22,43,33.0
2025-12-30,14:17:30,66.8,3880.48,43,33.0
2025-12-30,14:17:41,67.6,3379.31,43,33.0
2025-12-30,14:17:51,67.2,3495.06,43,33.0
2025-12-30,14:18:01,67.5,3719.01,43,33.0
2025-12-30,14:18:11,66.6,3895.91,43,33.0
2025-12-30,14:18:21,68.1,4153.22,43,33.0
2025-12-30,14:18:31,66.5,4317.59,43,33.0
2025-12-30,14:18:41,63.1,3511.82,43,33.0
2025-12-30,14:18:52,60.4,3742.44,43,33.0
2025-12-30,14:19:02,60.1,3529.10,43,33.0
2025-12-30,14:19:12,65.5,3475.78,43,33.0
2025-12-30,14:19:22,66.9,4185.93,43,33.0
2025-12-30,14:19:32,65.5,3887.32,43,33.0
2025-12-30,14:19:42,65.9,3578.48,43,33.0
2025-12-30,14:19:52,66.1,3756.46,43,33.0
2025-12-30,14:20:03,65.8,3489.69,43,33.0
2025-12-30,14:20:13,65.9,3855.58,43,33.0
2025-12-30,14:20:23,67.0,3630.69,43,33.0
2025-12-30,14:20:33,66.0,3501.26,43,33.0
2025-12-30,14:20:43,66.2,3571.44,43,33.0
2025-12-30,14:20:53,66.6,3339.20,43,33.0
2025-12-30,14:21:04,65.6,3764.10,43,33.0
2025-12-30,14:21:14,65.9,3698.16,43,33.0
2025-12-30,14:21:24,66.8,3700.58,43,33.0
2025-12-30,14:21:34,67.4,3774.61,43,33.0
2025-12-30,14:21:44,66.6,3678.03,43,33.0
2025-12-30,14:21:54,65.6,3645.43,43,33.0
2025-12-30,14:22:04,66.9,4325.58,43,33.0
2025-12-30,14:22:15,66.5,3761.78,43,33.0
2025-12-30,14:22:25,66.5,4030.65,43,33.0
2025-12-30,14:22:35,66.1,4078.42,43,33.0
2025-12-30,14:22:45,67.0,3526.80,43,33.0
2025-12-30,14:22:55,61.6,3554.34,43,33.0
2025-12-30,14:23:05,64.6,3862.96,43,33.0
2025-12-30,14:23:16,67.6,3455.66,43,33.0
2025-12-30,14:23:26,66.0,3764.38,43,33.0
2025-12-30,14:23:36,66.1,3597.65,43,33.0
2025-12-30,14:23:46,65.9,3380.71,43,33.0
2025-12-30,14:23:56,65.8,3437.38,43,33.0
2025-12-30,14:24:06,65.6,3884.93,43,33.0
2025-12-30,14:24:16,66.0,3498.24,43,33.0
2025-12-30,14:24:27,66.4,3675.43,43,33.0
2025-12-30,14:24:37,66.1,3913.98,43,33.0
2025-12-30,14:24:47,66.6,3923.69,43,33.0
2025-12-30,14:24:57,66.5,4235.78,43,33.0
2025-12-30,14:25:07,66.1,4273.29,43,33.0
2025-12-30,14:25:17,66.4,3660.81,43,34.0
2025-12-30,14:25:28,65.6,3573.70,43,33.0
2025-12-30,14:25:38,66.0,3499.96,43,33.0
2025-12-30,14:25:48,65.9,3537.98,43,34.0
2025-12-30,14:25:58,66.4,3579.42,43,33.0
2025-12-30,14:26:08,66.6,3570.14,43,33.0
2025-12-30,14:26:18,66.1,3728.64,43,33.0
2025-12-30,14:26:28,65.6,3790.34,43,33.0
2025-12-30,14:26:39,66.5,3558.93,43,33.0
2025-12-30,14:26:49,65.9,3700.27,43,33.0
2025-12-30,14:26:59,65.9,3507.24,43,33.0
2025-12-30,14:27:09,64.9,3830.52,43,33.0
2025-12-30,14:27:19,62.1,3998.83,43,34.0
2025-12-30,14:27:29,71.8,3782.60,43,33.0
2025-12-30,14:27:40,65.1,4281.49,43,33.0
2025-12-30,14:27:50,67.6,4147.89,43,33.0
2025-12-30,14:28:00,66.5,4446.12,43,33.0
2025-12-30,14:28:10,67.5,3798.31,43,33.0
2025-12-30,14:28:20,67.6,4147.61,43,33.0
2025-12-30,14:28:30,67.4,4316.65,43,34.0
2025-12-30,14:28:41,67.9,4218.72,43,33.0
2025-12-30,14:28:51,67.2,4105.83,43,33.0
2025-12-30,14:29:01,67.8,4430.55,43,33.0
2025-12-30,14:29:11,67.1,3494.97,43,33.0
2025-12-30,14:29:21,67.5,3902.26,43,33.0
2025-12-30,14:29:31,67.6,3943.90,43,33.0
2025-12-30,14:29:41,67.5,3706.71,43,33.0
2025-12-30,14:29:52,66.8,3533.66,43,33.0
2025-12-30,14:30:02,68.0,3795.57,43,33.0
2025-12-30,14:30:12,67.0,3706.91,43,33.0
2025-12-30,14:30:22,67.8,3426.14,43,33.0
2025-12-30,14:30:32,67.2,4181.75,43,33.0
2025-12-30,14:30:42,67.6,3428.94,43,33.0
2025-12-30,14:30:53,66.9,3751.06,43,33.0
2025-12-30,14:31:03,67.6,4043.38,43,33.0
2025-12-30,14:31:13,67.0,3451.63,43,33.0
2025-12-30,14:31:23,68.2,3705.24,43,33.0
2025-12-30,14:31:33,60.6,3926.48,43,33.0
2025-12-30,14:31:43,61.9,3552.84,43,33.0
2025-12-30,14:31:53,66.8,3626.06,43,33.0
2025-12-30,14:32:04,65.8,4055.46,43,33.0
2025-12-30,14:32:14,66.6,3242.53,43,33.0
2025-12-30,14:32:24,65.9,3614.01,43,33.0
2025-12-30,14:32:34,66.4,3659.23,43,33.0
2025-12-30,14:32:44,66.0,3652.64,43,33.0
2025-12-30,14:32:54,66.2,3299.59,43,33.0
2025-12-30,14:33:05,66.1,3834.61,43,33.0
2025-12-30,14:33:15,66.5,3848.01,43,33.0
2025-12-30,14:33:25,65.9,3751.62,43,33.0
2025-12-30,14:33:35,66.2,3755.63,43,33.0
2025-12-30,14:33:45,65.9,3523.22,43,33.0
2025-12-30,14:33:55,66.5,3821.02,43,33.0
2025-12-30,14:34:06,66.2,3720.72,43,33.0
2025-12-30,14:34:16,66.1,3877.80,43,33.0
2025-12-30,14:34:26,66.0,3377.85,43,33.0
2025-12-30,14:34:36,65.1,3677.71,43,33.0
2025-12-30,14:34:46,66.1,3853.45,43,33.0
2025-12-30,14:34:56,66.1,3478.74,43,33.0
2025-12-30,14:35:06,66.8,3677.45,43,33.0
2025-12-30,14:35:17,66.5,4100.39,43,33.0
2025-12-30,14:35:27,66.2,4052.56,43,33.0
2025-12-30,14:35:37,65.5,4131.27,43,33.0
2025-12-30,14:35:47,61.4,3920.19,43,33.0
2025-12-30,14:35:57,59.4,3931.69,43,33.0
2025-12-30,14:36:07,63.4,4213.19,43,33.0
2025-12-30,14:36:18,66.4,3667.99,43,33.0
2025-12-30,14:36:28,66.1,4116.74,43,33.0
2025-12-30,14:36:38,66.0,3747.33,43,33.0
2025-12-30,14:36:48,66.2,3970.02,43,33.0
2025-12-30,14:36:58,65.5,4096.44,43,33.0
2025-12-30,14:37:08,66.6,3589.38,43,33.0
2025-12-30,14:37:19,66.1,3807.57,43,33.0
2025-12-30,14:37:29,66.0,3497.05,43,33.0
2025-12-30,14:37:39,65.9,3678.35,43,33.0
2025-12-30,14:37:49,66.4,3302.31,43,33.0
2025-12-30,14:37:59,65.6,3671.72,43,33.0
2025-12-30,14:38:09,67.0,3916.77,43,33.0
2025-12-30,14:38:19,65.9,3832.07,43,33.0
2025-12-30,14:38:30,65.6,3862.43,43,33.0
2025-12-30,14:38:40,66.2,3689.39,43,33.0
2025-12-30,14:38:50,66.6,3559.01,43,34.0
2025-12-30,14:39:00,66.2,3531.79,43,33.0
2025-12-30,14:39:10,67.1,3597.33,43,33.0
2025-12-30,14:39:20,65.9,3838.72,43,34.0
2025-12-30,14:39:31,66.1,3573.99,43,33.0
2025-12-30,14:39:41,66.5,3448.71,43,33.0
2025-12-30,14:39:51,64.9,3757.30,43,33.0
2025-12-30,14:40:01,63.9,4003.45,43,33.0
2025-12-30,14:40:11,58.9,3918.82,43,34.0
2025-12-30,14:40:21,71.1,3453.53,43,33.0
2025-12-30,14:40:31,65.9,4447.51,43,33.0
2025-12-30,14:40:42,67.1,4224.11,43,33.0
2025-12-30,14:40:52,68.2,3802.25,43,34.0
2025-12-30,14:41:02,67.6,3304.74,43,33.0
2025-12-30,14:41:12,68.0,3338.15,43,33.0
2025-12-30,14:41:22,67.2,3539.66,43,33.0
2025-12-30,14:41:32,68.0,3552.22,43,33.0
2025-12-30,14:41:43,67.9,3409.16,43,33.0
2025-12-30,14:41:53,67.8,3486.11,43,33.0
2025-12-30,14:42:03,67.5,4645.18,43,33.0
2025-12-30,14:42:13,68.1,3737.75,43,33.0
2025-12-30,14:42:23,67.1,3578.60,43,33.0
2025-12-30,14:42:33,68.6,3464.87,43,33.0
2025-12-30,14:42:43,68.2,3858.64,43,33.0
2025-12-30,14:42:54,67.4,3477.34,43,33.0
2025-12-30,14:43:04,67.2,4830.47,43,33.0
2025-12-30,14:43:14,68.1,3374.22,43,33.0
2025-12-30,14:43:24,66.6,3577.46,43,33.0
2025-12-30,14:43:34,68.1,3340.25,43,33.0
2025-12-30,14:43:44,67.1,4070.22,43,33.0
2025-12-30,14:43:55,68.5,3509.88,43,33.0
2025-12-30,14:44:05,66.5,3559.12,43,33.0
2025-12-30,14:44:15,66.4,3508.49,43,33.0
2025-12-30,14:44:25,62.0,3441.16,43,33.0
2025-12-30,14:44:35,66.2,3544.05,43,33.0
2025-12-30,14:44:45,67.1,3746.17,43,33.0
2025-12-30,14:44:56,65.5,3564.48,43,33.0
2025-12-30,14:45:06,66.0,3628.68,43,33.0
2025-12-30,14:45:16,66.2,4488.29,43,33.0
2025-12-30,14:45:26,66.1,4019.67,43,33.0
2025-12-30,14:45:36,67.0,3640.17,43,33.0
2025-12-30,14:45:46,66.1,3455.99,43,33.0
2025-12-30,14:45:56,65.5,3633.36,43,33.0
2025-12-30,14:46:07,66.0,3426.52,43,34.0
2025-12-30,14:46:17,65.9,4839.00,43,33.0
2025-12-30,14:46:27,66.1,3528.66,43,33.0
2025-12-30,14:46:37,65.9,3652.43,43,33.0
2025-12-30,14:46:47,66.2,3673.85,43,33.0
2025-12-30,14:46:57,66.1,3526.79,43,33.0
2025-12-30,14:47:07,66.0,4033.38,43,33.0
2025-12-30,14:47:18,66.0,4989.94,43,33.0
2025-12-30,14:47:28,66.4,3845.64,43,33.0
2025-12-30,14:47:38,66.2,3551.26,43,33.0
2025-12-30,14:47:48,66.2,3466.44,43,33.0
2025-12-30,14:47:58,66.0,4058.61,43,33.0
2025-12-30,14:48:08,66.1,3595.25,43,34.0
2025-12-30,14:48:19,66.0,3866.81,43,33.0
2025-12-30,14:48:29,64.2,3589.47,43,33.0
2025-12-30,14:48:39,63.2,3552.21,43,34.0
2025-12-30,14:48:49,66.4,3735.62,43,33.0
2025-12-30,14:48:59,65.5,3775.55,43,33.0
2025-12-30,14:49:09,66.2,3999.91,43,33.0
2025-12-30,14:49:19,66.1,3622.63,43,33.0
2025-12-30,14:49:30,66.0,4005.63,43,33.0
2025-12-30,14:49:40,65.5,3499.60,43,33.0
2025-12-30,14:49:50,65.8,3665.87,43,33.0
2025-12-30,14:50:00,65.9,3544.91,43,33.0
2025-12-30,14:50:10,68.1,3751.74,43,33.0
2025-12-30,14:50:20,66.6,3495.01,43,33.0
2025-12-30,14:50:31,65.1,3887.96,43,33.0
2025-12-30,14:50:41,66.4,3492.50,43,33.0
2025-12-30,14:50:51,65.8,3678.64,43,33.0
2025-12-30,14:51:01,66.9,3480.72,43,33.0
2025-12-30,14:51:11,66.2,3719.79,43,33.0
2025-12-30,14:51:21,66.6,3706.06,43,33.0
2025-12-30,14:51:31,65.9,3665.85,43,33.0
2025-12-30,14:51:42,65.9,3705.19,43,33.0
2025-12-30,14:51:52,65.8,3228.48,43,33.0
2025-12-30,14:52:02,65.5,4001.34,43,33.0
2025-12-30,14:52:12,66.1,3489.92,43,33.0
2025-12-30,14:52:22,65.6,3734.46,43,33.0
2025-12-30,14:52:32,65.8,3584.57,43,33.0
2025-12-30,14:52:43,62.4,4193.92,43,33.0
2025-12-30,14:52:53,63.4,3803.02,43,33.0
2025-12-30,14:53:03,59.9,3233.48,43,34.0
2025-12-30,14:53:13,66.4,3816.08,43,33.0
2025-12-30,14:53:23,67.4,3561.85,43,33.0
2025-12-30,14:53:33,66.9,3860.27,43,34.0
2025-12-30,14:53:44,68.2,3616.13,43,33.0
2025-12-30,14:53:54,67.4,3563.60,43,33.0
2025-12-30,14:54:04,67.4,3719.62,43,33.0
2025-12-30,14:54:14,67.9,3651.28,43,33.0
2025-12-30,14:54:24,67.4,3647.00,43,33.0
2025-12-30,14:54:34,67.6,3697.39,43,33.0
2025-12-30,14:54:44,67.4,4290.02,43,33.0
2025-12-30,14:54:55,66.8,3587.34,43,33.0
2025-12-30,14:55:05,67.8,3317.53,43,33.0
2025-12-30,14:55:15,67.0,3435.60,43,33.0
2025-12-30,14:55:25,68.5,3535.53,43,34.0
2025-12-30,14:55:35,67.8,3887.63,43,33.0
2025-12-30,14:55:45,66.9,3839.87,43,33.0
2025-12-30,14:55:55,67.6,3787.65,43,33.0
2025-12-30,14:56:06,67.1,3438.37,43,33.0
2025-12-30,14:56:16,66.6,3601.40,43,33.0
2025-12-30,14:56:26,68.2,4159.41,43,33.0
2025-12-30,14:56:36,67.0,3641.62,43,33.0
2025-12-30,14:56:46,68.1,3902.01,43,33.0
2025-12-30,14:56:56,67.1,3572.98,43,33.0
2025-12-30,14:57:07,67.4,3637.93,43,33.0
2025-12-30,14:57:17,63.2,3683.46,43,33.0
2025-12-30,14:57:27,63.6,3791.58,43,33.0
2025-12-30,14:57:37,59.6,3391.12,43,33.0
2025-12-30,14:57:47,63.9,3693.80,43,33.0
2025-12-30,14:57:57,66.0,3670.40,43,33.0
2025-12-30,14:58:07,66.2,3369.82,43,34.0
2025-12-30,14:58:18,66.6,3527.24,43,33.0
2025-12-30,14:58:28,66.4,3626.53,43,33.0
2025-12-30,14:58:38,67.1,3644.87,43,33.0
2025-12-30,14:58:48,66.5,3659.72,43,33.0
2025-12-30,14:58:58,65.9,4206.43,43,33.0
2025-12-30,14:59:08,66.5,3623.91,43,33.0
2025-12-30,14:59:19,65.9,3601.74,43,34.0
2025-12-30,14:59:29,66.4,4120.05,43,33.0
2025-12-30,14:59:39,66.8,3762.82,43,33.0
2025-12-30,14:59:49,68.1,3812.24,43,34.0
2025-12-30,14:59:59,68.0,4233.52,43,33.0
2025-12-30,15:00:09,68.8,4792.61,43,33.0
2025-12-30,15:00:19,67.8,4840.96,43,33.0
2025-12-30,15:00:30,68.6,4263.82,43,33.0
2025-12-30,15:00:40,68.2,4350.22,43,34.0
2025-12-30,15:00:50,68.6,4251.57,43,33.0
2025-12-30,15:01:00,68.1,4083.62,43,33.0
2025-12-30,15:01:10,68.5,4596.65,43,33.0
2025-12-30,15:01:20,68.5,4265.60,43,33.0
2025-12-30,15:01:30,66.5,4616.11,43,33.0
2025-12-30,15:01:41,63.8,4457.79,43,33.0
2025-12-30,15:01:51,66.1,4337.18,43,33.0
2025-12-30,15:02:01,70.1,4226.95,43,33.0
2025-12-30,15:02:11,69.2,4386.23,43,33.0
2025-12-30,15:02:21,67.8,4824.64,43,33.0
2025-12-30,15:02:31,68.4,4606.67,43,33.0
2025-12-30,15:02:41,68.8,4500.92,43,33.0
2025-12-30,15:02:52,67.6,4262.32,43,33.0
2025-12-30,15:03:02,68.5,4321.61,43,33.0
2025-12-30,15:03:12,68.2,4193.35,43,33.0
2025-12-30,15:03:22,67.4,4218.46,43,34.0
2025-12-30,15:03:32,67.1,4228.38,43,33.0
2025-12-30,15:03:42,66.4,3622.98,43,33.0
2025-12-30,15:03:53,66.5,3912.22,43,33.0
2025-12-30,15:04:03,66.1,3559.64,43,33.0
2025-12-30,15:04:13,67.9,4101.66,43,33.0
2025-12-30,15:04:23,67.9,4299.56,43,33.0
2025-12-30,15:04:33,74.6,4741.10,43,33.0
2025-12-30,15:04:43,70.5,4702.14,43,33.0
2025-12-30,15:04:54,78.2,4741.14,43,33.0
2025-12-30,15:05:04,76.0,4685.52,43,33.0
2025-12-30,15:05:14,78.4,4242.84,43,33.0
2025-12-30,15:05:24,74.6,4612.03,43,33.0
2025-12-30,15:05:34,75.2,3986.15,43,33.0
2025-12-30,15:05:44,76.5,4766.13,42,33.0
2025-12-30,15:05:54,73.0,4164.82,42,33.0
2025-12-30,15:06:05,71.0,3685.72,42,33.0
2025-12-30,15:06:15,71.4,3925.80,42,33.0
2025-12-30,15:06:25,65.4,3503.72,42,33.0
2025-12-30,15:06:35,62.5,3621.71,42,33.0
2025-12-30,15:06:45,71.0,3932.84,42,33.0
2025-12-30,15:06:55,61.1,3555.21,42,33.0
2025-12-30,15:07:06,67.9,4044.52,42,33.0
2025-12-30,15:07:16,68.4,3950.24,42,33.0
2025-12-30,15:07:26,67.6,3644.56,42,33.0
2025-12-30,15:07:36,67.9,4035.87,42,33.0
2025-12-30,15:07:46,67.2,3902.30,42,33.0
2025-12-30,15:07:56,68.1,3650.26,42,33.0
2025-12-30,15:08:07,67.6,3909.41,42,33.0
2025-12-30,15:08:17,67.9,3466.28,42,33.0
2025-12-30,15:08:27,66.5,3564.28,42,33.0
2025-12-30,15:08:37,67.8,4412.92,42,33.0
2025-12-30,15:08:47,67.0,3383.93,42,33.0
2025-12-30,15:08:57,67.6,3695.71,42,33.0
2025-12-30,15:09:07,66.6,3871.96,42,33.0
2025-12-30,15:09:18,67.8,3577.76,42,33.0
2025-12-30,15:09:28,67.1,4287.23,42,33.0
2025-12-30,15:09:38,67.8,4056.63,42,33.0
2025-12-30,15:09:48,67.0,3671.85,42,33.0
2025-12-30,15:09:58,67.9,3381.73,42,33.0
2025-12-30,15:10:08,67.5,4221.91,42,33.0
2025-12-30,15:10:18,67.2,3787.63,42,33.0
2025-12-30,15:10:29,67.9,3777.42,42,33.0
2025-12-30,15:10:39,67.6,3788.60,43,33.0
2025-12-30,15:10:49,63.8,3333.16,43,33.0
2025-12-30,15:10:59,65.1,4457.06,43,33.0
2025-12-30,15:11:09,60.5,3845.03,43,33.0
2025-12-30,15:11:19,66.9,3647.44,43,34.0
2025-12-30,15:11:30,67.6,3394.81,43,33.0
2025-12-30,15:11:40,66.2,3406.35,43,33.0
2025-12-30,15:11:50,66.4,4174.81,43,33.0
2025-12-30,15:12:00,65.9,4058.80,43,33.0
2025-12-30,15:12:10,66.6,3532.04,43,33.0
2025-12-30,15:12:20,66.2,4190.40,43,34.0
2025-12-30,15:12:30,66.1,3678.55,43,33.0
2025-12-30,15:12:41,66.5,3567.07,43,33.0
2025-12-30,15:12:51,66.9,3647.81,43,33.0
2025-12-30,15:13:01,66.5,3567.14,43,33.0
2025-12-30,15:13:11,66.6,4008.25,43,33.0
2025-12-30,15:13:21,66.6,3446.65,43,33.0
2025-12-30,15:13:31,66.4,4197.41,43,33.0
2025-12-30,15:13:42,65.8,3385.96,43,34.0
2025-12-30,15:13:52,67.1,4497.09,43,33.0
2025-12-30,15:14:02,66.9,4166.97,43,33.0
2025-12-30,15:14:12,67.0,3914.85,43,33.0
2025-12-30,15:14:22,66.5,3791.79,43,33.0
2025-12-30,15:14:32,66.4,3614.69,43,33.0
2025-12-30,15:14:42,66.4,3482.40,43,33.0
2025-12-30,15:14:53,66.6,3576.91,43,33.0
2025-12-30,15:15:03,63.4,3960.81,43,33.0
2025-12-30,15:15:13,61.8,3444.36,43,33.0
2025-12-30,15:15:23,65.5,3644.56,43,33.0
2025-12-30,15:15:33,66.8,3548.15,43,34.0
2025-12-30,15:15:43,66.4,3810.44,43,34.0
2025-12-30,15:15:54,66.6,3765.33,43,34.0
2025-12-30,15:16:04,66.1,3377.50,43,33.0
2025-12-30,15:16:14,66.4,4342.23,43,33.0
2025-12-30,15:16:24,66.1,4217.78,43,34.0
2025-12-30,15:16:34,67.4,3855.18,43,33.0
2025-12-30,15:16:44,67.0,3592.78,43,34.0
2025-12-30,15:16:55,66.8,3798.86,43,34.0
2025-12-30,15:17:05,65.4,3807.03,43,33.0
2025-12-30,15:17:15,66.0,3486.16,43,34.0
2025-12-30,15:17:25,66.1,3807.06,43,34.0
2025-12-30,15:17:35,66.2,3481.27,43,34.0
2025-12-30,15:17:45,66.9,3796.16,43,34.0
2025-12-30,15:17:55,66.1,3765.26,43,34.0
2025-12-30,15:18:06,66.5,3769.38,43,34.0
2025-12-30,15:18:16,66.8,3988.16,43,34.0
2025-12-30,15:18:26,66.4,3556.70,43,34.0
2025-12-30,15:18:36,66.5,3801.97,43,34.0
2025-12-30,15:18:46,66.5,3694.36,43,33.0
2025-12-30,15:18:56,66.1,3507.62,43,33.0
2025-12-30,15:19:06,68.0,3484.06,43,34.0
2025-12-30,15:19:17,66.5,3560.96,43,34.0
2025-12-30,15:19:27,62.4,3637.35,43,34.0
2025-12-30,15:19:37,72.2,3620.84,43,34.0
2025-12-30,15:19:47,67.6,3395.10,43,33.0
2025-12-30,15:19:57,68.0,3517.64,43,34.0
2025-12-30,15:20:07,67.5,3599.11,43,34.0
2025-12-30,15:20:18,68.1,3699.09,43,34.0
2025-12-30,15:20:28,67.5,3453.59,43,34.0
2025-12-30,15:20:38,67.9,3496.60,43,34.0
2025-12-30,15:20:48,68.4,3533.96,43,34.0
2025-12-30,15:20:58,66.9,3709.80,43,34.0
2025-12-30,15:21:08,67.8,3444.97,43,34.0
2025-12-30,15:21:18,67.6,4235.11,43,34.0
2025-12-30,15:21:29,67.4,3941.74,43,34.0
2025-12-30,15:21:39,68.0,3534.69,43,34.0
2025-12-30,15:21:49,67.5,3748.09,43,34.0
2025-12-30,15:21:59,68.8,3752.75,43,34.0
2025-12-30,15:22:09,67.0,3447.07,43,34.0
2025-12-30,15:22:19,67.8,4158.64,43,34.0
2025-12-30,15:22:30,67.9,4115.77,43,33.0
2025-12-30,15:22:40,67.2,3717.29,43,34.0
2025-12-30,15:22:50,68.4,3691.64,43,34.0
2025-12-30,15:23:00,68.2,3940.71,43,34.0
2025-12-30,15:23:10,68.0,3741.65,43,33.0
2025-12-30,15:23:20,67.4,3810.00,43,34.0
2025-12-30,15:23:30,67.9,3611.94,43,34.0
2025-12-30,15:23:41,65.2,3313.78,43,33.0
2025-12-30,15:23:51,63.2,3913.45,43,34.0
2025-12-30,15:24:01,71.4,3644.65,43,34.0
2025-12-30,15:24:11,67.1,3666.57,43,34.0
2025-12-30,15:24:21,66.5,3652.85,43,34.0
2025-12-30,15:24:31,65.9,3866.31,43,34.0
2025-12-30,15:24:42,66.4,3402.91,43,33.0
2025-12-30,15:24:52,66.6,4017.08,43,34.0
2025-12-30,15:25:02,66.5,3360.86,43,34.0
2025-12-30,15:25:12,67.5,3942.85,43,34.0
2025-12-30,15:25:22,66.1,3784.21,43,34.0
2025-12-30,15:25:32,66.6,3742.23,43,34.0
2025-12-30,15:25:42,66.4,4218.44,43,34.0
2025-12-30,15:25:53,66.9,3544.29,43,34.0
2025-12-30,15:26:03,67.6,3648.60,43,34.0
2025-12-30,15:26:13,67.0,3569.55,43,34.0
2025-12-30,15:26:23,66.9,3358.46,43,34.0
2025-12-30,15:26:33,67.0,3747.72,43,34.0
2025-12-30,15:26:43,66.2,3642.27,43,34.0
2025-12-30,15:26:54,67.5,3777.77,43,34.0
2025-12-30,15:27:04,66.2,3339.83,43,34.0
2025-12-30,15:27:14,66.9,3635.69,43,34.0
2025-12-30,15:27:24,66.1,3981.05,43,34.0
2025-12-30,15:27:34,66.4,4316.98,43,34.0
2025-12-30,15:27:44,67.5,3848.34,43,34.0
2025-12-30,15:27:54,64.0,4370.28,43,34.0
2025-12-30,15:28:05,62.2,3700.10,43,34.0
2025-12-30,15:28:15,72.0,4408.01,43,34.0
2025-12-30,15:28:25,67.4,3767.67,43,34.0
2025-12-30,15:28:35,67.4,3487.23,43,34.0
2025-12-30,15:28:45,67.0,3652.17,43,34.0
2025-12-30,15:28:55,65.6,3690.02,43,34.0
2025-12-30,15:29:05,66.2,3872.70,43,34.0
2025-12-30,15:29:16,65.9,3630.73,43,34.0
2025-12-30,15:29:26,66.0,3551.34,43,34.0
2025-12-30,15:29:36,66.0,3748.81,43,34.0
2025-12-30,15:29:46,66.2,3769.56,43,34.0
2025-12-30,15:29:56,66.0,4008.42,43,34.0
2025-12-30,15:30:06,66.5,3481.50,43,34.0
2025-12-30,15:30:17,66.2,3458.34,43,34.0
2025-12-30,15:30:27,65.8,3706.19,43,34.0
2025-12-30,15:30:37,66.9,3832.52,43,33.0
2025-12-30,15:30:47,66.0,3941.34,43,33.0
2025-12-30,15:30:57,66.8,3657.00,43,34.0
2025-12-30,15:31:07,66.1,3680.25,43,33.0
2025-12-30,15:31:18,66.5,4185.65,43,33.0
2025-12-30,15:31:28,65.9,4141.69,43,34.0
2025-12-30,15:31:38,66.2,3898.34,43,34.0
2025-12-30,15:31:48,66.2,3438.72,43,34.0
2025-12-30,15:31:58,66.5,3569.63,43,33.0
2025-12-30,15:32:08,66.1,4163.33,43,34.0
2025-12-30,15:32:18,65.2,3724.84,43,33.0
2025-12-30,15:32:29,65.0,3697.57,43,33.0
2025-12-30,15:32:39,72.0,3623.53,43,34.0
2025-12-30,15:32:49,66.2,3955.37,43,33.0
2025-12-30,15:32:59,68.1,3842.07,43,34.0
2025-12-30,15:33:09,68.1,3491.99,43,33.0
2025-12-30,15:33:19,67.0,3800.90,43,34.0
2025-12-30,15:33:29,68.1,3593.37,43,33.0
2025-12-30,15:33:40,68.5,3644.56,43,34.0
2025-12-30,15:33:50,67.8,3838.74,43,33.0
2025-12-30,15:34:00,66.9,4520.79,43,33.0
2025-12-30,15:34:10,67.9,3833.89,43,33.0
2025-12-30,15:34:20,66.8,3838.40,43,34.0
2025-12-30,15:34:30,68.1,3846.12,43,34.0
2025-12-30,15:34:41,67.8,4294.50,43,33.0
2025-12-30,15:34:51,68.4,3540.90,43,34.0
2025-12-30,15:35:01,67.0,3481.39,43,33.0
2025-12-30,15:35:11,67.8,3546.09,43,33.0
2025-12-30,15:35:21,67.2,4171.60,43,33.0
2025-12-30,15:35:31,67.5,3788.62,43,33.0
2025-12-30,15:35:41,68.5,3701.59,43,33.0
2025-12-30,15:35:52,67.8,4272.29,43,33.0
2025-12-30,15:36:02,69.0,4192.78,43,34.0
2025-12-30,15:36:12,67.4,3895.94,43,33.0
2025-12-30,15:36:22,68.1,4099.42,43,34.0
2025-12-30,15:36:32,68.6,4324.30,43,33.0
2025-12-30,15:36:42,63.1,4162.03,43,33.0
2025-12-30,15:36:53,64.8,3953.71,43,33.0
2025-12-30,15:37:03,70.0,4040.42,43,34.0
2025-12-30,15:37:13,67.2,4176.31,43,33.0
2025-12-30,15:37:23,66.8,4011.08,43,33.0
2025-12-30,15:37:33,66.6,3934.83,43,33.0
2025-12-30,15:37:43,66.1,4029.79,43,33.0
2025-12-30,15:37:53,66.2,3739.63,43,33.0
2025-12-30,15:38:04,65.8,4109.11,43,33.0
2025-12-30,15:38:14,66.5,3664.48,43,34.0
2025-12-30,15:38:24,66.4,3983.71,43,33.0
2025-12-30,15:38:34,66.1,3490.15,43,34.0
2025-12-30,15:38:44,66.6,3757.00,43,34.0
2025-12-30,15:38:54,66.8,3511.43,43,34.0
2025-12-30,15:39:05,66.1,3967.08,43,33.0
2025-12-30,15:39:15,66.8,4079.13,43,34.0
2025-12-30,15:39:25,66.4,3342.04,43,34.0
2025-12-30,15:39:35,66.2,3813.71,43,33.0
2025-12-30,15:39:45,66.2,3631.52,43,33.0
2025-12-30,15:39:55,66.9,3660.14,43,34.0
2025-12-30,15:40:05,66.2,4002.79,43,34.0
2025-12-30,15:40:16,67.2,3585.23,43,34.0
2025-12-30,15:40:26,66.9,3844.81,43,33.0
2025-12-30,15:40:36,65.9,3533.01,43,33.0
2025-12-30,15:40:46,64.9,3783.07,43,33.0
2025-12-30,15:40:56,62.0,3996.23,43,34.0
2025-12-30,15:41:06,66.9,3571.13,43,34.0
2025-12-30,15:41:17,65.8,3542.06,43,33.0
2025-12-30,15:41:27,65.9,4056.93,43,33.0
2025-12-30,15:41:37,65.5,3848.27,43,33.0
2025-12-30,15:41:47,66.8,3547.22,43,33.0
2025-12-30,15:41:57,66.4,3846.10,43,34.0
2025-12-30,15:42:07,66.1,3981.84,43,34.0
2025-12-30,15:42:17,65.8,3670.32,43,33.0
2025-12-30,15:42:28,66.0,3752.98,43,33.0
2025-12-30,15:42:38,66.5,3718.08,43,34.0
2025-12-30,15:42:48,67.4,3443.29,43,33.0
2025-12-30,15:42:58,65.9,3657.25,43,33.0
2025-12-30,15:43:08,65.1,3823.63,43,33.0
2025-12-30,15:43:18,66.1,3793.67,43,34.0
2025-12-30,15:43:29,66.0,3954.13,43,34.0
2025-12-30,15:43:39,66.8,3397.47,43,34.0
2025-12-30,15:43:49,66.6,4195.54,43,33.0
2025-12-30,15:43:59,65.5,4646.34,43,33.0
2025-12-30,15:44:09,65.8,3988.47,43,33.0
2025-12-30,15:44:19,66.5,3899.20,43,34.0
2025-12-30,15:44:29,65.8,3802.70,43,33.0
2025-12-30,15:44:40,66.4,3478.95,43,33.0
2025-12-30,15:44:50,65.6,3911.73,43,33.0
2025-12-30,15:45:00,67.1,3327.43,43,33.0
2025-12-30,15:45:10,64.6,3607.73,43,34.0
2025-12-30,15:45:20,61.8,3991.85,43,33.0
2025-12-30,15:45:30,70.6,4211.51,43,33.0
2025-12-30,15:45:41,67.2,4223.48,43,33.0
2025-12-30,15:45:51,67.8,3677.71,43,34.0
2025-12-30,15:46:01,67.2,4111.50,43,33.0
2025-12-30,15:46:11,67.8,3562.65,43,33.0
2025-12-30,15:46:21,67.5,3703.92,43,33.0
2025-12-30,15:46:31,67.9,3472.14,43,33.0
2025-12-30,15:46:41,67.1,3489.63,43,33.0
2025-12-30,15:46:52,67.5,3274.89,43,33.0
2025-12-30,15:47:02,67.4,4152.28,43,33.0
2025-12-30,15:47:12,67.5,3577.71,43,34.0
2025-12-30,15:47:22,67.6,4219.56,43,33.0
2025-12-30,15:47:32,67.5,3722.04,43,33.0
2025-12-30,15:47:42,67.5,3473.33,43,33.0
2025-12-30,15:47:53,68.0,3494.14,43,33.0
2025-12-30,15:48:03,67.0,4455.90,43,33.0
2025-12-30,15:48:13,67.2,4645.65,43,33.0
2025-12-30,15:48:23,68.2,4652.73,43,33.0
2025-12-30,15:48:33,67.4,3916.93,43,34.0
2025-12-30,15:48:43,67.4,3749.19,43,33.0
2025-12-30,15:48:53,67.9,3584.58,43,33.0
2025-12-30,15:49:04,67.4,3484.97,43,33.0
2025-12-30,15:49:14,68.0,3477.76,43,33.0
2025-12-30,15:49:24,67.1,3503.92,43,33.0
2025-12-30,15:49:34,60.4,4016.47,43,33.0
2025-12-30,15:49:44,63.1,3744.94,43,33.0
2025-12-30,15:49:54,69.1,3607.76,43,33.0
2025-12-30,15:50:04,66.4,3751.71,43,33.0
2025-12-30,15:50:15,66.0,3935.47,43,33.0
2025-12-30,15:50:25,66.1,3822.12,43,33.0
2025-12-30,15:50:35,66.4,3584.27,43,33.0
2025-12-30,15:50:45,66.8,3908.83,43,33.0
2025-12-30,15:50:55,65.2,3949.79,43,33.0
2025-12-30,15:51:05,66.4,3831.76,43,33.0
2025-12-30,15:51:16,65.9,3772.56,43,33.0
2025-12-30,15:51:26,65.9,3992.47,43,33.0
2025-12-30,15:51:36,66.2,3632.77,43,34.0
2025-12-30,15:51:46,66.6,4223.52,43,33.0
2025-12-30,15:51:56,67.2,3571.16,43,33.0
2025-12-30,15:52:06,66.0,3896.78,43,33.0
2025-12-30,15:52:16,66.4,4194.93,43,34.0
2025-12-30,15:52:27,66.0,3474.60,43,33.0
2025-12-30,15:52:37,66.4,3802.14,43,33.0
2025-12-30,15:52:47,66.6,3727.07,43,33.0
2025-12-30,15:52:57,66.0,3444.46,43,33.0
2025-12-30,15:53:07,66.4,3603.50,43,33.0
2025-12-30,15:53:17,66.2,3594.29,43,33.0
2025-12-30,15:53:28,66.2,3915.24,43,33.0
2025-12-30,15:53:38,65.1,3607.76,43,33.0
2025-12-30,15:53:48,62.0,3907.45,43,33.0
2025-12-30,15:53:58,67.8,3638.45,43,34.0
2025-12-30,15:54:08,67.1,3420.47,43,33.0
2025-12-30,15:54:18,66.5,3831.99,43,34.0
2025-12-30,15:54:28,66.0,4059.29,43,34.0
2025-12-30,15:54:39,65.9,4040.05,43,33.0
2025-12-30,15:54:49,65.9,3663.53,43,33.0
2025-12-30,15:54:59,66.0,3785.03,43,33.0
2025-12-30,15:55:09,66.2,4006.51,43,33.0
2025-12-30,15:55:19,66.5,4060.14,43,33.0
2025-12-30,15:55:29,66.1,3785.16,43,33.0
2025-12-30,15:55:40,66.1,4143.05,43,34.0
2025-12-30,15:55:50,65.6,3955.83,43,34.0
2025-12-30,15:56:00,66.1,3978.62,43,33.0
2025-12-30,15:56:10,67.1,4305.19,43,33.0
2025-12-30,15:56:20,66.5,3544.27,43,33.0
2025-12-30,15:56:30,66.5,4063.27,43,33.0
2025-12-30,15:56:40,65.6,3618.25,43,34.0
2025-12-30,15:56:51,66.6,3734.82,43,33.0
2025-12-30,15:57:01,66.8,4404.88,43,33.0
2025-12-30,15:57:11,66.1,3435.89,43,33.0
2025-12-30,15:57:21,66.6,3919.09,43,33.0
2025-12-30,15:57:31,66.0,4066.17,43,33.0
2025-12-30,15:57:41,66.1,3446.66,43,33.0
2025-12-30,15:57:52,66.8,3413.09,43,33.0
2025-12-30,15:58:02,66.4,3413.84,43,33.0
2025-12-30,15:58:12,62.1,3985.73,43,33.0
2025-12-30,15:58:22,71.9,3492.85,43,33.0
2025-12-30,15:58:32,66.0,3451.42,43,33.0
2025-12-30,15:58:42,68.2,3637.55,43,33.0
2025-12-30,15:58:53,67.4,3722.01,43,33.0
2025-12-30,15:59:03,68.5,3781.06,43,34.0
2025-12-30,15:59:13,67.4,4311.92,43,33.0
2025-12-30,15:59:23,68.5,3956.39,43,33.0
2025-12-30,15:59:33,67.2,3463.70,43,33.0
2025-12-30,15:59:43,67.9,3544.99,43,33.0
2025-12-30,15:59:53,67.6,4160.53,43,33.0
2025-12-30,16:00:04,67.9,3649.99,43,33.0
2025-12-30,16:00:14,66.9,3656.05,43,33.0
2025-12-30,16:00:24,68.0,3499.61,43,33.0
2025-12-30,16:00:34,68.0,3401.20,43,33.0
2025-12-30,16:00:44,68.1,3703.65,43,33.0
2025-12-30,16:00:54,67.2,3630.39,43,33.0
2025-12-30,16:01:05,67.9,3530.73,43,33.0
2025-12-30,16:01:15,67.4,3753.94,43,33.0
2025-12-30,16:01:25,68.4,3924.91,43,34.0
2025-12-30,16:01:35,67.1,4149.36,43,33.0
2025-12-30,16:01:45,68.5,3461.69,43,33.0
2025-12-30,16:01:55,67.1,3280.25,43,33.0
2025-12-30,16:02:05,67.5,4163.38,43,33.0
2025-12-30,16:02:16,68.0,3576.88,43,33.0
2025-12-30,16:02:26,62.1,3563.90,43,33.0
2025-12-30,16:02:36,61.8,3753.33,43,33.0
2025-12-30,16:02:46,69.9,4009.27,43,33.0
2025-12-30,16:02:56,66.5,3615.92,43,33.0
2025-12-30,16:03:06,65.6,3578.38,43,33.0
2025-12-30,16:03:16,66.9,3553.07,43,33.0
2025-12-30,16:03:27,66.1,3591.82,43,33.0
2025-12-30,16:03:37,67.0,4041.75,43,33.0
2025-12-30,16:03:47,66.1,3482.39,43,33.0
2025-12-30,16:03:57,66.0,3604.52,43,33.0
2025-12-30,16:04:07,66.0,3998.42,43,33.0
2025-12-30,16:04:17,67.5,3257.41,43,33.0
2025-12-30,16:04:28,66.5,3395.98,43,33.0
2025-12-30,16:04:38,66.2,3891.80,43,33.0
2025-12-30,16:04:48,65.9,3739.76,43,33.0
2025-12-30,16:04:58,66.5,3436.90,43,33.0
2025-12-30,16:05:08,65.6,3786.96,43,34.0
2025-12-30,16:05:18,67.4,3731.47,43,33.0
2025-12-30,16:05:28,66.5,3926.00,43,33.0
2025-12-30,16:05:39,65.6,3785.73,43,33.0
2025-12-30,16:05:49,66.4,3836.46,43,33.0
2025-12-30,16:05:59,66.4,3884.29,43,33.0
2025-12-30,16:06:09,65.9,4280.13,43,33.0
2025-12-30,16:06:19,67.8,3871.08,43,33.0
2025-12-30,16:06:29,65.1,3805.00,43,33.0
2025-12-30,16:06:40,61.9,4404.82,43,33.0
2025-12-30,16:06:50,60.0,4163.38,43,33.0
2025-12-30,16:07:00,66.2,3569.71,43,33.0
2025-12-30,16:07:10,65.5,3804.01,43,33.0
2025-12-30,16:07:20,66.2,3942.87,43,33.0
2025-12-30,16:07:30,65.4,3629.66,43,33.0
2025-12-30,16:07:41,66.1,3509.63,43,33.0
2025-12-30,16:07:51,65.2,3917.63,43,33.0
2025-12-30,16:08:01,66.1,3938.12,43,33.0
2025-12-30,16:08:11,65.5,4578.80,43,33.0
2025-12-30,16:08:21,66.1,3647.27,43,33.0
2025-12-30,16:08:31,66.6,3708.78,43,34.0
2025-12-30,16:08:41,66.8,3734.20,43,33.0
2025-12-30,16:08:52,66.0,3777.69,43,33.0
2025-12-30,16:09:02,66.6,4042.53,43,33.0
2025-12-30,16:09:12,66.5,3729.08,43,33.0
2025-12-30,16:09:22,66.0,3936.07,43,33.0
2025-12-30,16:09:32,65.6,4220.94,43,33.0
2025-12-30,16:09:42,66.1,3561.28,43,33.0
2025-12-30,16:09:53,66.0,3852.44,43,33.0
2025-12-30,16:10:03,66.9,3581.27,43,33.0
2025-12-30,16:10:13,65.5,3814.34,43,33.0
2025-12-30,16:10:23,66.0,3708.08,43,33.0
2025-12-30,16:10:33,66.6,3970.51,43,33.0
2025-12-30,16:10:43,66.0,3367.28,43,34.0
2025-12-30,16:10:53,64.1,3615.62,43,33.0
2025-12-30,16:11:04,62.5,3918.16,43,33.0
2025-12-30,16:11:14,71.5,3481.61,43,33.0
2025-12-30,16:11:24,66.2,3489.93,43,33.0
2025-12-30,16:11:34,68.2,4119.20,43,34.0
2025-12-30,16:11:44,67.4,3680.57,43,33.0
2025-12-30,16:11:54,66.9,4036.24,43,33.0
2025-12-30,16:12:05,67.6,4094.45,43,33.0
2025-12-30,16:12:15,67.4,4158.84,43,33.0
2025-12-30,16:12:25,67.1,3502.43,43,33.0
2025-12-30,16:12:35,67.8,3820.70,43,33.0
2025-12-30,16:12:45,67.4,3552.99,43,34.0
2025-12-30,16:12:55,67.8,3677.72,43,33.0
2025-12-30,16:13:05,67.6,3641.72,43,33.0
2025-12-30,16:13:16,67.2,3531.31,43,33.0
2025-12-30,16:13:26,68.0,4153.46,43,33.0
2025-12-30,16:13:36,67.6,3778.55,43,33.0
2025-12-30,16:13:46,67.1,3847.87,43,33.0
2025-12-30,16:13:56,67.2,3460.27,43,33.0
2025-12-30,16:14:06,67.2,4143.08,43,33.0
2025-12-30,16:14:16,66.9,3666.08,43,33.0
2025-12-30,16:14:27,67.8,3524.05,43,33.0
2025-12-30,16:14:37,67.9,4197.09,43,33.0
2025-12-30,16:14:47,67.9,3865.03,43,33.0
2025-12-30,16:14:57,66.6,4105.65,43,33.0
2025-12-30,16:15:07,67.9,3744.89,43,33.0
2025-12-30,16:15:17,63.1,3416.35,43,33.0
2025-12-30,16:15:28,58.8,3521.19,43,33.0
2025-12-30,16:15:38,71.1,3644.21,43,33.0
2025-12-30,16:15:48,65.9,3855.34,43,33.0
2025-12-30,16:15:58,66.4,3661.89,43,33.0
2025-12-30,16:16:08,66.9,3620.32,43,33.0
2025-12-30,16:16:18,65.9,3831.61,43,33.0
2025-12-30,16:16:28,65.9,4328.33,43,33.0
2025-12-30,16:16:39,66.1,3629.39,43,33.0
2025-12-30,16:16:49,66.0,3539.73,43,33.0
2025-12-30,16:16:59,66.1,3863.14,43,33.0
2025-12-30,16:17:09,66.5,3748.42,43,33.0
2025-12-30,16:17:19,66.6,3666.13,43,33.0
2025-12-30,16:17:29,66.8,3841.75,43,33.0
2025-12-30,16:17:40,66.9,3931.65,43,33.0
2025-12-30,16:17:50,66.5,3841.75,43,33.0
2025-12-30,16:18:00,67.1,3794.45,43,33.0
2025-12-30,16:18:10,65.9,3815.04,43,33.0
2025-12-30,16:18:20,66.6,3881.50,43,33.0
2025-12-30,16:18:30,66.8,3601.80,43,33.0
2025-12-30,16:18:40,66.2,4151.93,43,33.0
2025-12-30,16:18:51,66.2,3603.41,43,33.0
2025-12-30,16:19:01,66.5,3676.39,43,33.0
2025-12-30,16:19:11,66.1,3964.72,43,33.0
2025-12-30,16:19:21,67.6,3899.94,43,33.0
2025-12-30,16:19:31,63.5,4183.19,43,33.0
2025-12-30,16:19:41,62.6,3793.99,43,33.0
2025-12-30,16:19:52,69.6,4727.89,43,33.0
2025-12-30,16:20:02,65.4,3664.37,43,33.0
2025-12-30,16:20:12,65.5,4021.72,43,33.0
2025-12-30,16:20:22,66.9,3534.37,43,33.0
2025-12-30,16:20:32,65.8,3523.46,43,33.0
2025-12-30,16:20:42,66.0,4667.54,43,34.0
2025-12-30,16:20:52,66.2,4153.03,43,33.0
2025-12-30,16:21:03,66.5,3863.51,43,33.0
2025-12-30,16:21:13,66.1,3948.71,43,33.0
2025-12-30,16:21:23,66.6,3943.96,43,33.0
2025-12-30,16:21:33,65.5,3628.37,43,33.0
2025-12-30,16:21:43,66.1,3956.22,43,33.0
2025-12-30,16:21:53,65.6,3963.29,43,33.0
2025-12-30,16:22:03,67.4,3727.88,43,34.0
2025-12-30,16:22:14,65.5,3922.12,43,33.0
2025-12-30,16:22:24,65.5,3778.64,43,33.0
2025-12-30,16:22:34,66.0,4172.71,43,33.0
2025-12-30,16:22:44,66.6,3671.06,43,33.0
2025-12-30,16:22:54,66.2,3521.56,43,33.0
2025-12-30,16:23:04,66.0,3895.22,43,33.0
2025-12-30,16:23:14,66.4,3735.54,43,33.0
2025-12-30,16:23:25,65.9,3952.82,43,33.0
2025-12-30,16:23:35,66.1,3702.40,43,33.0
2025-12-30,16:23:45,64.0,3625.21,43,33.0
2025-12-30,16:23:55,63.4,4213.32,43,33.0
2025-12-30,16:24:05,61.8,4087.82,43,33.0
2025-12-30,16:24:15,68.1,3480.23,43,33.0
2025-12-30,16:24:26,67.9,3413.86,43,33.0
2025-12-30,16:24:36,67.1,3482.51,43,33.0
2025-12-30,16:24:46,67.4,3630.13,43,33.0
2025-12-30,16:24:56,68.5,4295.13,43,33.0
2025-12-30,16:25:06,66.9,4077.75,43,33.0
2025-12-30,16:25:16,67.4,3803.67,43,33.0
2025-12-30,16:25:26,67.0,3584.14,43,33.0
2025-12-30,16:25:37,67.1,3687.86,43,33.0
2025-12-30,16:25:47,67.4,3704.46,43,33.0
2025-12-30,16:25:57,67.9,3793.22,43,33.0
2025-12-30,16:26:07,67.1,4029.62,43,33.0
2025-12-30,16:26:17,67.8,3666.75,43,33.0
2025-12-30,16:26:27,66.5,3765.82,43,33.0
2025-12-30,16:26:38,67.6,3526.63,43,33.0
2025-12-30,16:26:48,67.2,3648.64,43,33.0
2025-12-30,16:26:58,67.2,3849.99,43,33.0
2025-12-30,16:27:08,67.9,3676.73,43,33.0
2025-12-30,16:27:18,66.5,3741.96,43,33.0
2025-12-30,16:27:28,67.1,3705.15,43,33.0
2025-12-30,16:27:38,66.8,3771.26,43,33.0
2025-12-30,16:27:49,67.4,3912.40,43,33.0
2025-12-30,16:27:59,66.6,3761.28,43,33.0
2025-12-30,16:28:09,65.8,3749.09,43,33.0
2025-12-30,16:28:19,62.4,3354.47,43,33.0
2025-12-30,16:28:29,67.4,3776.18,43,33.0
2025-12-30,16:28:39,67.2,3329.65,43,33.0
2025-12-30,16:28:50,66.0,3644.66,43,33.0
2025-12-30,16:29:00,65.9,3916.34,43,33.0
2025-12-30,16:29:10,65.1,3882.23,43,33.0
2025-12-30,16:29:20,65.6,4117.73,43,33.0
2025-12-30,16:29:30,66.2,4105.99,43,33.0
2025-12-30,16:29:40,65.5,3745.83,43,33.0
2025-12-30,16:29:51,65.5,3555.15,43,33.0
2025-12-30,16:30:01,66.5,3530.51,43,33.0
2025-12-30,16:30:11,66.4,3590.67,43,33.0
2025-12-30,16:30:21,66.5,3559.74,43,33.0
2025-12-30,16:30:31,66.0,3838.22,43,33.0
2025-12-30,16:30:41,66.2,3823.60,43,33.0
2025-12-30,16:30:51,66.2,3735.71,43,33.0
2025-12-30,16:31:02,66.4,3746.15,43,33.0
2025-12-30,16:31:12,66.4,3962.94,43,33.0
2025-12-30,16:31:22,66.6,3615.50,43,33.0
2025-12-30,16:31:32,65.9,4697.95,43,33.0
2025-12-30,16:31:42,65.6,3572.44,43,33.0
2025-12-30,16:31:52,66.0,3807.08,43,33.0
2025-12-30,16:32:03,65.8,3981.36,43,33.0
2025-12-30,16:32:13,66.0,3542.60,43,33.0
2025-12-30,16:32:23,64.5,3710.11,43,33.0
2025-12-30,16:32:33,61.1,3600.98,43,33.0
2025-12-30,16:32:43,65.4,4035.85,43,33.0
2025-12-30,16:32:53,67.4,4534.59,43,33.0
2025-12-30,16:33:04,65.9,3886.65,43,33.0
2025-12-30,16:33:14,66.0,4356.86,43,33.0
2025-12-30,16:33:24,66.1,3759.99,43,33.0
2025-12-30,16:33:34,66.1,3803.42,43,33.0
2025-12-30,16:33:44,65.9,3758.81,43,33.0
2025-12-30,16:33:54,66.1,3724.21,43,33.0
2025-12-30,16:34:04,65.6,4157.10,43,33.0
2025-12-30,16:34:15,66.5,3690.22,43,33.0
2025-12-30,16:34:25,66.1,3488.90,43,33.0
2025-12-30,16:34:35,66.2,4011.13,43,33.0
2025-12-30,16:34:45,66.1,3868.84,43,33.0
2025-12-30,16:34:55,67.1,3458.38,43,33.0
2025-12-30,16:35:05,66.2,3562.49,43,33.0
2025-12-30,16:35:15,65.2,3593.18,43,33.0
2025-12-30,16:35:26,66.4,3996.71,43,33.0
2025-12-30,16:35:36,66.1,3268.57,43,33.0
2025-12-30,16:35:46,65.6,3682.07,43,33.0
2025-12-30,16:35:56,66.6,3361.47,43,33.0
2025-12-30,16:36:06,65.9,3497.53,43,33.0
2025-12-30,16:36:16,65.9,3935.90,43,33.0
2025-12-30,16:36:27,65.8,3449.22,43,33.0
2025-12-30,16:36:37,66.0,3984.53,43,34.0
2025-12-30,16:36:47,63.6,3592.74,43,33.0
2025-12-30,16:36:57,60.9,3604.33,43,33.0
2025-12-30,16:37:07,70.9,3472.25,43,33.0
2025-12-30,16:37:17,63.4,3766.60,43,33.0
2025-12-30,16:37:27,67.4,3924.79,43,33.0
2025-12-30,16:37:38,67.6,3397.26,43,33.0
2025-12-30,16:37:48,68.4,3807.73,43,34.0
2025-12-30,16:37:58,67.1,3734.19,43,33.0
2025-12-30,16:38:08,67.6,3565.29,43,33.0
2025-12-30,16:38:18,66.8,3642.41,43,33.0
2025-12-30,16:38:28,68.0,3502.25,43,33.0
2025-12-30,16:38:39,67.5,3719.80,43,33.0
2025-12-30,16:38:49,67.4,3658.55,43,33.0
2025-12-30,16:38:59,67.6,3490.99,43,33.0
2025-12-30,16:39:09,67.4,3645.84,43,34.0
2025-12-30,16:39:19,67.6,3567.75,43,33.0
2025-12-30,16:39:29,66.5,3934.59,43,33.0
2025-12-30,16:39:39,67.4,3686.00,43,33.0
2025-12-30,16:39:50,66.9,4062.28,43,33.0
2025-12-30,16:40:00,67.2,3934.36,43,33.0
2025-12-30,16:40:10,67.5,3612.01,43,33.0
2025-12-30,16:40:20,67.6,3587.56,43,33.0
2025-12-30,16:40:30,66.6,3759.82,43,33.0
2025-12-30,16:40:40,68.0,3588.68,43,34.0
2025-12-30,16:40:51,66.5,3632.98,43,33.0
2025-12-30,16:41:01,68.1,3562.06,43,33.0
2025-12-30,16:41:11,64.8,3704.41,43,33.0
2025-12-30,16:41:21,62.8,3916.61,43,33.0
2025-12-30,16:41:31,71.6,3716.67,43,33.0
2025-12-30,16:41:41,66.8,3594.02,43,33.0
2025-12-30,16:41:51,66.5,3539.22,43,33.0
2025-12-30,16:42:02,66.8,3547.52,43,33.0
2025-12-30,16:42:12,66.1,3746.47,43,33.0
2025-12-30,16:42:22,66.4,3835.67,43,33.0
2025-12-30,16:42:32,66.1,3608.10,43,34.0
2025-12-30,16:42:42,66.8,3601.20,43,34.0
2025-12-30,16:42:52,67.0,3575.53,43,33.0
2025-12-30,16:43:03,66.1,3736.41,43,33.0
2025-12-30,16:43:13,66.1,3785.61,43,33.0
2025-12-30,16:43:23,66.8,3562.08,43,33.0
2025-12-30,16:43:33,66.0,3317.08,43,33.0
2025-12-30,16:43:43,66.5,4690.81,43,33.0
2025-12-30,16:43:53,66.6,3948.84,43,33.0
2025-12-30,16:44:03,66.0,3773.33,43,33.0
2025-12-30,16:44:14,66.9,3581.59,43,33.0
2025-12-30,16:44:24,67.2,3826.93,43,33.0
2025-12-30,16:44:34,66.0,3515.91,43,33.0
2025-12-30,16:44:44,66.6,3555.90,43,33.0
2025-12-30,16:44:54,66.9,3476.54,43,33.0
2025-12-30,16:45:04,65.2,3789.84,43,33.0
2025-12-30,16:45:15,66.1,3649.94,43,33.0
2025-12-30,16:45:25,63.8,3544.61,43,33.0
2025-12-30,16:45:35,61.0,3635.80,43,33.0
2025-12-30,16:45:45,66.4,3588.18,43,33.0
2025-12-30,16:45:55,65.8,3893.39,43,33.0
2025-12-30,16:46:05,66.1,3929.31,43,33.0
2025-12-30,16:46:16,66.4,3517.95,43,33.0
2025-12-30,16:46:26,66.5,4092.58,43,33.0
2025-12-30,16:46:36,66.0,3674.79,43,33.0
2025-12-30,16:46:46,65.8,3687.50,43,33.0
2025-12-30,16:46:56,65.9,3831.54,43,33.0
2025-12-30,16:47:06,67.2,4457.15,43,33.0
2025-12-30,16:47:16,66.6,3654.18,43,33.0
2025-12-30,16:47:27,66.6,3641.29,43,33.0
2025-12-30,16:47:37,66.4,3543.39,43,33.0
2025-12-30,16:47:47,66.9,3469.21,43,33.0
2025-12-30,16:47:57,66.6,3798.41,43,34.0
2025-12-30,16:48:07,66.1,3758.80,43,33.0
2025-12-30,16:48:17,66.1,3712.72,43,33.0
2025-12-30,16:48:27,66.6,3360.21,43,33.0
2025-12-30,16:48:38,67.8,3559.01,43,33.0
2025-12-30,16:48:48,67.1,3597.65,43,33.0
2025-12-30,16:48:58,65.8,3508.47,43,34.0
2025-12-30,16:49:08,65.6,3705.57,43,33.0
2025-12-30,16:49:18,65.9,3839.20,43,33.0
2025-12-30,16:49:28,66.6,4503.42,43,33.0
2025-12-30,16:49:39,64.9,4057.17,43,33.0
2025-12-30,16:49:49,64.6,3789.56,43,33.0
2025-12-30,16:49:59,71.5,3915.00,43,33.0
2025-12-30,16:50:09,65.2,3875.35,43,33.0
2025-12-30,16:50:19,67.0,3769.09,43,33.0
2025-12-30,16:50:29,68.8,3844.23,43,33.0
2025-12-30,16:50:40,67.2,4099.28,43,33.0
2025-12-30,16:50:50,68.2,4913.74,43,33.0
2025-12-30,16:51:00,67.1,4379.40,43,33.0
2025-12-30,16:51:10,67.5,4420.95,43,33.0
2025-12-30,16:51:20,67.0,3463.32,43,33.0
2025-12-30,16:51:30,67.0,3781.27,43,33.0
2025-12-30,16:51:40,67.6,3697.79,43,33.0
2025-12-30,16:51:51,67.0,3566.79,43,33.0
2025-12-30,16:52:01,68.2,3431.49,43,33.0
2025-12-30,16:52:11,66.5,3504.29,43,33.0
2025-12-30,16:52:21,67.5,3562.99,43,33.0
2025-12-30,16:52:31,66.6,3609.87,43,33.0
2025-12-30,16:52:41,67.5,3384.53,43,33.0
2025-12-30,16:52:52,67.1,3907.32,43,33.0
2025-12-30,16:53:02,67.9,3934.35,43,33.0
2025-12-30,16:53:12,66.9,4085.00,43,33.0
2025-12-30,16:53:22,66.8,4387.81,43,33.0
2025-12-30,16:53:32,67.4,3545.82,43,33.0
2025-12-30,16:53:42,66.2,4374.77,43,33.0
2025-12-30,16:53:52,67.2,4108.07,43,33.0
2025-12-30,16:54:03,64.1,3543.31,43,33.0
2025-12-30,16:54:13,61.5,3443.61,43,33.0
2025-12-30,16:54:23,71.0,3833.90,43,34.0
2025-12-30,16:54:33,66.2,3422.47,43,33.0
2025-12-30,16:54:43,67.0,4265.67,43,33.0
2025-12-30,16:54:53,66.1,4882.22,43,33.0
2025-12-30,16:55:04,65.6,3724.60,43,33.0
2025-12-30,16:55:14,65.6,3710.97,43,33.0
2025-12-30,16:55:24,66.2,3528.76,43,33.0
2025-12-30,16:55:34,66.4,3583.05,43,33.0
2025-12-30,16:55:44,66.6,3591.72,43,33.0
2025-12-30,16:55:54,65.9,3819.51,43,33.0
2025-12-30,16:56:05,65.6,3486.57,43,33.0
2025-12-30,16:56:15,65.2,3819.74,43,33.0
2025-12-30,16:56:25,66.0,3423.73,43,33.0
2025-12-30,16:56:35,66.1,4185.27,43,33.0
2025-12-30,16:56:45,65.2,3548.16,43,33.0
2025-12-30,16:56:55,65.6,3543.97,43,33.0
2025-12-30,16:57:05,66.2,3723.36,43,33.0
2025-12-30,16:57:16,66.5,4244.26,43,33.0
2025-12-30,16:57:26,67.1,3690.62,43,33.0
2025-12-30,16:57:36,67.1,4329.25,43,33.0
2025-12-30,16:57:46,66.5,4077.82,43,33.0
2025-12-30,16:57:56,65.4,3668.44,43,33.0
2025-12-30,16:58:06,65.9,3402.68,43,33.0
2025-12-30,16:58:17,64.2,3610.46,43,33.0
2025-12-30,16:58:27,58.6,3771.71,43,33.0
2025-12-30,16:58:37,71.5,3416.84,43,33.0
2025-12-30,16:58:47,64.6,3915.13,43,33.0
2025-12-30,16:58:57,65.6,3427.23,43,33.0
2025-12-30,16:59:07,64.5,4062.18,43,33.0
2025-12-30,16:59:17,65.2,3659.33,43,33.0
2025-12-30,16:59:28,65.5,3496.57,43,33.0
2025-12-30,16:59:38,65.8,3801.79,43,33.0
2025-12-30,16:59:48,65.9,3454.00,43,33.0
2025-12-30,16:59:58,65.5,3668.84,43,33.0
2025-12-30,17:00:08,65.6,3304.03,43,33.0
2025-12-30,17:00:18,65.8,3664.88,43,33.0
2025-12-30,17:00:29,66.2,4009.28,43,33.0
2025-12-30,17:00:39,64.9,3787.82,43,33.0
2025-12-30,17:00:49,66.0,3758.33,43,33.0
2025-12-30,17:00:59,65.2,3562.62,43,33.0
2025-12-30,17:01:09,65.4,3352.10,43,33.0
2025-12-30,17:01:19,66.0,3666.57,43,33.0
2025-12-30,17:01:29,65.6,3475.57,43,33.0
2025-12-30,17:01:40,65.4,3963.18,43,33.0
2025-12-30,17:01:50,65.6,3958.62,43,33.0
2025-12-30,17:02:00,65.5,3968.88,43,33.0
2025-12-30,17:02:10,65.9,3305.35,43,33.0
2025-12-30,17:02:20,65.2,3994.08,43,33.0
2025-12-30,17:02:30,62.6,4159.89,43,33.0
2025-12-30,17:02:41,63.2,4207.33,43,33.0
2025-12-30,17:02:51,61.8,3999.35,43,33.0
2025-12-30,17:03:01,67.9,3454.59,43,33.0
2025-12-30,17:03:11,67.4,3457.00,43,33.0
2025-12-30,17:03:21,66.9,3606.86,43,33.0
2025-12-30,17:03:31,67.8,3422.89,43,33.0
2025-12-30,17:03:41,67.5,3751.90,43,33.0
2025-12-30,17:03:52,67.8,3462.17,43,33.0
2025-12-30,17:04:02,66.6,3387.11,43,33.0
2025-12-30,17:04:12,67.4,4156.99,43,33.0
2025-12-30,17:04:22,66.5,4021.51,43,33.0
2025-12-30,17:04:32,67.0,3322.14,43,33.0
2025-12-30,17:04:42,67.1,3519.22,43,33.0
2025-12-30,17:04:53,67.8,3869.94,43,33.0
2025-12-30,17:05:03,68.0,3443.83,43,33.0
2025-12-30,17:05:13,68.5,4320.86,43,33.0
2025-12-30,17:05:23,68.4,4062.20,43,33.0
2025-12-30,17:05:33,69.4,4065.75,43,33.0
2025-12-30,17:05:43,68.9,4253.65,43,33.0
2025-12-30,17:05:53,68.8,4717.79,43,33.0
2025-12-30,17:06:04,68.2,4958.05,43,33.0
2025-12-30,17:06:14,68.2,4111.15,43,33.0
2025-12-30,17:06:24,68.5,4061.97,43,33.0
2025-12-30,17:06:34,69.0,4317.38,43,33.0
2025-12-30,17:06:44,68.8,4119.09,43,33.0
2025-12-30,17:06:54,66.1,4130.39,43,33.0
2025-12-30,17:07:05,62.4,4268.03,43,33.0
2025-12-30,17:07:15,62.8,4233.21,43,33.0
2025-12-30,17:07:25,69.5,3903.29,43,33.0
2025-12-30,17:07:35,67.8,4703.87,43,33.0
2025-12-30,17:07:45,67.1,4223.02,43,33.0
2025-12-30,17:07:55,67.1,4307.81,43,33.0
2025-12-30,17:08:05,68.0,4651.30,43,33.0
2025-12-30,17:08:16,68.2,4308.43,43,33.0
2025-12-30,17:08:26,67.9,3670.52,43,33.0
2025-12-30,17:08:36,67.2,4222.59,43,33.0
2025-12-30,17:08:46,68.1,4294.15,43,33.0
2025-12-30,17:08:56,67.6,4100.53,43,33.0
2025-12-30,17:09:06,68.1,3863.25,43,33.0
2025-12-30,17:09:17,68.4,4156.16,42,33.0
2025-12-30,17:09:27,68.0,4141.79,42,33.0
2025-12-30,17:09:37,67.8,4594.24,42,33.0
2025-12-30,17:09:47,67.9,4451.74,42,33.0
2025-12-30,17:09:57,67.9,4433.67,42,33.0
2025-12-30,17:10:07,68.2,4470.96,42,33.0
2025-12-30,17:10:17,68.0,4244.81,42,33.0
2025-12-30,17:10:28,68.8,4046.01,42,33.0
2025-12-30,17:10:38,67.4,4358.57,42,33.0
2025-12-30,17:10:48,67.9,4580.21,42,33.0
2025-12-30,17:10:58,67.8,4352.45,42,33.0
2025-12-30,17:11:08,67.8,4190.27,42,33.0
2025-12-30,17:11:18,64.6,3943.62,42,33.0
2025-12-30,17:11:28,62.0,4242.51,42,33.0
2025-12-30,17:11:39,72.2,4195.84,42,33.0
2025-12-30,17:11:49,67.1,3812.44,42,33.0
2025-12-30,17:11:59,68.0,4054.44,42,33.0
2025-12-30,17:12:09,66.9,4324.13,42,33.0
2025-12-30,17:12:19,67.1,3956.89,42,33.0
2025-12-30,17:12:29,67.2,4216.53,42,33.0
2025-12-30,17:12:40,67.2,4100.98,42,33.0
2025-12-30,17:12:50,67.0,4101.14,42,33.0
2025-12-30,17:13:00,67.4,3905.62,42,33.0
2025-12-30,17:13:10,66.8,4086.10,42,33.0
2025-12-30,17:13:20,66.9,3784.69,42,33.0
2025-12-30,17:13:30,67.1,3791.51,42,33.0
2025-12-30,17:13:40,67.2,4163.77,42,33.0
2025-12-30,17:13:51,67.4,4052.58,42,33.0
2025-12-30,17:14:01,66.8,4531.56,42,33.0
2025-12-30,17:14:11,67.5,3874.80,42,33.0
2025-12-30,17:14:21,66.9,4075.89,42,33.0
2025-12-30,17:14:31,68.0,4444.60,42,33.0
2025-12-30,17:14:41,66.8,4266.10,42,33.0
2025-12-30,17:14:51,66.9,4164.00,42,33.0
2025-12-30,17:15:02,67.5,3965.82,42,33.0
2025-12-30,17:15:12,67.1,4109.24,42,33.0
2025-12-30,17:15:22,68.4,4018.53,42,33.0
2025-12-30,17:15:32,65.1,3757.04,42,33.0
2025-12-30,17:15:42,63.9,3940.80,42,33.0
2025-12-30,17:15:52,68.0,3957.76,43,33.0
2025-12-30,17:16:03,62.9,3885.43,42,33.0
2025-12-30,17:16:13,68.5,3813.57,43,33.0
2025-12-30,17:16:23,69.5,4115.92,42,33.0
2025-12-30,17:16:33,68.8,4023.31,42,33.0
2025-12-30,17:16:43,69.2,3933.06,42,33.0
2025-12-30,17:16:53,68.2,4397.22,42,33.0
2025-12-30,17:17:03,68.8,4038.37,42,33.0
2025-12-30,17:17:14,68.4,4087.07,42,33.0
2025-12-30,17:17:24,69.4,4044.93,42,33.0
2025-12-30,17:17:34,68.4,3814.80,42,33.0
2025-12-30,17:17:44,69.2,4372.92,42,33.0
2025-12-30,17:17:54,68.5,4038.28,42,33.0
2025-12-30,17:18:04,69.5,4158.34,42,33.0
2025-12-30,17:18:14,68.4,4305.71,42,33.0
2025-12-30,17:18:25,68.2,4024.83,42,33.0
2025-12-30,17:18:35,69.1,4358.53,42,33.0
2025-12-30,17:18:45,68.0,3828.14,42,33.0
2025-12-30,17:18:55,68.9,4440.91,42,33.0
2025-12-30,17:19:05,67.8,4088.65,42,33.0
2025-12-30,17:19:15,69.0,4053.24,42,33.0
2025-12-30,17:19:26,68.2,4493.39,42,33.0
2025-12-30,17:19:36,68.4,4925.16,42,33.0
2025-12-30,17:19:46,68.0,4242.78,42,33.0
2025-12-30,17:19:56,65.9,4223.93,42,33.0
2025-12-30,17:20:06,63.8,3955.42,42,33.0
2025-12-30,17:20:16,66.5,4076.15,42,33.0
2025-12-30,17:20:26,67.6,4172.78,42,33.0
2025-12-30,17:20:37,67.1,4185.36,42,33.0
2025-12-30,17:20:47,66.9,4134.22,42,33.0
2025-12-30,17:20:57,67.6,3956.00,42,33.0
2025-12-30,17:21:07,67.5,4500.73,42,33.0
2025-12-30,17:21:17,67.5,3650.38,42,33.0
2025-12-30,17:21:27,67.8,4028.72,42,33.0
2025-12-30,17:21:38,68.0,3942.10,42,33.0
2025-12-30,17:21:48,67.4,3954.15,42,33.0
2025-12-30,17:21:58,67.9,4404.10,42,33.0
2025-12-30,17:22:08,68.1,3643.41,42,33.0
2025-12-30,17:22:18,68.9,4328.66,42,33.0
2025-12-30,17:22:28,68.4,3934.64,42,33.0
2025-12-30,17:22:38,68.0,4387.25,42,33.0
2025-12-30,17:22:49,68.6,4499.70,42,33.0
2025-12-30,17:22:59,67.4,4207.54,42,33.0
2025-12-30,17:23:09,67.6,4048.42,42,33.0
2025-12-30,17:23:19,67.4,4386.20,42,33.0
2025-12-30,17:23:29,68.6,4120.23,42,33.0
2025-12-30,17:23:39,67.5,3662.13,42,33.0
2025-12-30,17:23:49,67.8,4129.35,42,33.0
2025-12-30,17:24:00,67.6,4438.16,42,33.0
2025-12-30,17:24:10,64.6,4301.38,42,33.0
2025-12-30,17:24:20,65.4,4541.82,42,33.0
2025-12-30,17:24:30,73.1,4321.03,42,33.0
2025-12-30,17:24:40,68.0,3984.87,42,33.0
2025-12-30,17:24:50,67.1,4194.23,42,33.0
2025-12-30,17:25:00,68.1,3909.30,42,33.0
2025-12-30,17:25:11,67.9,3982.95,42,33.0
2025-12-30,17:25:21,67.6,4204.70,42,33.0
2025-12-30,17:25:31,68.8,4064.00,42,33.0
2025-12-30,17:25:41,68.4,4371.78,42,33.0
2025-12-30,17:25:51,68.8,4617.21,42,33.0
2025-12-30,17:26:01,66.9,4075.35,42,33.0
2025-12-30,17:26:11,68.1,3999.13,42,33.0
2025-12-30,17:26:22,68.1,4225.47,42,33.0
2025-12-30,17:26:32,67.9,4136.24,42,33.0
2025-12-30,17:26:42,68.0,3869.11,42,33.0
2025-12-30,17:26:52,67.6,4246.86,42,33.0
2025-12-30,17:27:02,66.5,3580.98,42,33.0
2025-12-30,17:27:12,65.5,3716.16,42,33.0
2025-12-30,17:27:23,66.0,3781.51,42,33.0
2025-12-30,17:27:33,66.4,3609.48,42,33.0
2025-12-30,17:27:43,65.9,3615.34,42,33.0
2025-12-30,17:27:53,66.8,4305.77,42,33.0
2025-12-30,17:28:03,66.4,3593.19,42,33.0
2025-12-30,17:28:13,68.1,4294.09,42,33.0
2025-12-30,17:28:23,70.1,4544.16,42,33.0
2025-12-30,17:28:34,68.8,4443.29,42,33.0
2025-12-30,17:28:44,68.2,4624.40,42,33.0
2025-12-30,17:28:54,72.1,4393.49,42,33.0
2025-12-30,17:29:04,69.5,4745.14,42,33.0
2025-12-30,17:29:14,71.1,4571.90,42,33.0
2025-12-30,17:29:24,71.1,4616.35,42,33.0
2025-12-30,17:29:35,72.5,4298.24,42,33.0
2025-12-30,17:29:45,76.0,4707.24,42,33.0
2025-12-30,17:29:55,72.6,4616.66,42,33.0
2025-12-30,17:30:05,72.9,3970.99,42,33.0
2025-12-30,17:30:15,74.8,4791.09,42,33.0
2025-12-30,17:30:25,68.1,4316.07,42,33.0
2025-12-30,17:30:36,68.6,3719.83,42,33.0
2025-12-30,17:30:46,68.2,3917.33,42,33.0
2025-12-30,17:30:56,67.6,3559.97,42,33.0
2025-12-30,17:31:06,67.8,3746.38,42,33.0
2025-12-30,17:31:16,67.2,3958.74,42,33.0
2025-12-30,17:31:26,68.9,3438.89,42,33.0
2025-12-30,17:31:36,67.1,3775.48,42,33.0
2025-12-30,17:31:47,67.0,3629.64,42,33.0
2025-12-30,17:31:57,67.1,3777.99,42,33.0
2025-12-30,17:32:07,67.4,3500.61,42,33.0
2025-12-30,17:32:17,67.1,3449.67,42,33.0
2025-12-30,17:32:27,67.6,3989.62,42,33.0
2025-12-30,17:32:37,67.1,3509.26,42,33.0
2025-12-30,17:32:48,66.8,3978.23,42,33.0
2025-12-30,17:32:58,67.4,4316.21,42,33.0
2025-12-30,17:33:08,66.6,3627.86,42,33.0
2025-12-30,17:33:18,61.2,3829.01,42,33.0
2025-12-30,17:33:28,65.0,3651.57,42,33.0
2025-12-30,17:33:38,67.4,3495.50,42,33.0
2025-12-30,17:33:49,64.6,3592.00,42,33.0
2025-12-30,17:33:59,66.1,3631.91,42,33.0
2025-12-30,17:34:09,65.9,3324.03,42,33.0
2025-12-30,17:34:19,65.6,3982.76,42,33.0
2025-12-30,17:34:29,65.9,4437.94,42,33.0
2025-12-30,17:34:39,65.1,3613.13,42,33.0
2025-12-30,17:34:49,66.1,3664.90,42,33.0
2025-12-30,17:35:00,66.2,3375.28,42,33.0
2025-12-30,17:35:10,65.8,3796.14,42,33.0
2025-12-30,17:35:20,66.0,3328.79,42,33.0
2025-12-30,17:35:30,66.0,3517.55,42,33.0
2025-12-30,17:35:40,65.2,3597.03,42,33.0
2025-12-30,17:35:50,66.1,3370.36,42,33.0
2025-12-30,17:36:01,65.6,3552.53,42,33.0
2025-12-30,17:36:11,66.8,3567.15,42,33.0
2025-12-30,17:36:21,66.8,3597.40,42,33.0
2025-12-30,17:36:31,66.1,3839.13,42,33.0
2025-12-30,17:36:41,66.6,3652.45,43,33.0
2025-12-30,17:36:51,66.6,3996.19,43,33.0
2025-12-30,17:37:01,66.0,3318.91,43,33.0
2025-12-30,17:37:12,65.1,4127.71,42,33.0
2025-12-30,17:37:22,65.8,3520.12,43,33.0
2025-12-30,17:37:32,63.8,3599.21,43,33.0
2025-12-30,17:37:42,63.0,4447.58,43,33.0
2025-12-30,17:37:52,60.8,3528.59,43,33.0
2025-12-30,17:38:02,65.8,3635.09,43,33.0
2025-12-30,17:38:12,65.9,3273.26,43,33.0
2025-12-30,17:38:23,65.9,3541.03,43,33.0
2025-12-30,17:38:33,66.0,3560.69,43,33.0
2025-12-30,17:38:43,65.0,3587.50,43,33.0
2025-12-30,17:38:53,66.4,3491.55,43,33.0
2025-12-30,17:39:03,65.4,4327.57,43,33.0
2025-12-30,17:39:13,65.8,3965.01,43,33.0
2025-12-30,17:39:24,66.0,3994.52,43,33.0
2025-12-30,17:39:34,66.1,4438.56,43,33.0
2025-12-30,17:39:44,66.0,3847.39,43,33.0
2025-12-30,17:39:54,65.2,3611.89,43,33.0
2025-12-30,17:40:04,66.8,3650.90,43,33.0
2025-12-30,17:40:14,65.6,3435.32,43,33.0
2025-12-30,17:40:25,65.9,3722.51,43,33.0
2025-12-30,17:40:35,66.9,3653.60,43,33.0
2025-12-30,17:40:45,66.0,3515.39,43,33.0
2025-12-30,17:40:55,66.2,4148.76,43,33.0
2025-12-30,17:41:05,65.8,3713.11,43,33.0
2025-12-30,17:41:15,65.1,3754.07,43,33.0
2025-12-30,17:41:26,65.6,3455.32,43,33.0
2025-12-30,17:41:36,65.6,4235.53,43,33.0
2025-12-30,17:41:46,63.4,3678.75,43,33.0
2025-12-30,17:41:56,62.5,4017.04,43,33.0
2025-12-30,17:42:06,63.8,3487.09,43,33.0
2025-12-30,17:42:16,67.8,3575.01,43,33.0
2025-12-30,17:42:26,65.9,3547.46,43,33.0
2025-12-30,17:42:37,67.4,3829.48,43,33.0
2025-12-30,17:42:47,66.9,3520.85,43,33.0
2025-12-30,17:42:57,68.1,4015.14,43,33.0
2025-12-30,17:43:07,67.5,3752.01,43,33.0
2025-12-30,17:43:17,67.2,3684.92,43,33.0
2025-12-30,17:43:27,66.8,3668.76,43,33.0
2025-12-30,17:43:38,67.6,3838.06,43,33.0
2025-12-30,17:43:48,67.1,3423.26,43,33.0
2025-12-30,17:43:58,67.9,3847.30,43,33.0
2025-12-30,17:44:08,66.9,3656.87,43,33.0
2025-12-30,17:44:18,68.0,3273.62,43,33.0
2025-12-30,17:44:28,68.0,4210.50,43,33.0
2025-12-30,17:44:38,67.2,4262.29,43,33.0
2025-12-30,17:44:49,67.2,3535.11,43,33.0
2025-12-30,17:44:59,67.9,3842.88,43,33.0
2025-12-30,17:45:09,67.1,3878.98,43,33.0
2025-12-30,17:45:19,66.6,3630.34,43,33.0
2025-12-30,17:45:29,67.5,3471.87,43,33.0
2025-12-30,17:45:39,68.0,3620.30,43,33.0
2025-12-30,17:45:50,67.8,3844.81,43,33.0
2025-12-30,17:46:00,66.4,3548.70,43,33.0
2025-12-30,17:46:10,65.5,3755.25,43,33.0
2025-12-30,17:46:20,60.4,3661.70,43,33.0
2025-12-30,17:46:30,59.6,3825.03,43,33.0
2025-12-30,17:46:40,61.9,3684.33,43,33.0
2025-12-30,17:46:50,65.6,3832.56,43,33.0
2025-12-30,17:47:01,66.5,3518.95,43,33.0
2025-12-30,17:47:11,66.2,4308.60,43,33.0
2025-12-30,17:47:21,65.9,3519.17,43,33.0
2025-12-30,17:47:31,66.0,3918.45,43,33.0
2025-12-30,17:47:41,65.6,3588.61,43,33.0
2025-12-30,17:47:51,66.1,3541.26,43,33.0
2025-12-30,17:48:02,66.0,3612.79,43,33.0
2025-12-30,17:48:12,67.2,3418.41,43,33.0
2025-12-30,17:48:22,65.9,4555.80,43,33.0
2025-12-30,17:48:32,66.1,3677.44,43,33.0
2025-12-30,17:48:42,65.8,3565.16,43,33.0
2025-12-30,17:48:52,66.2,3596.96,43,33.0
2025-12-30,17:49:02,66.4,3377.34,43,33.0
2025-12-30,17:49:13,65.2,3690.20,43,33.0
2025-12-30,17:49:23,66.2,3643.02,43,33.0
2025-12-30,17:49:33,66.9,3795.93,43,33.0
2025-12-30,17:49:43,65.8,3725.34,43,33.0
2025-12-30,17:49:53,65.9,3636.45,43,33.0
2025-12-30,17:50:03,66.0,4175.00,43,33.0
2025-12-30,17:50:14,66.2,4132.93,43,33.0
2025-12-30,17:50:24,64.9,3441.91,43,33.0
2025-12-30,17:50:34,63.5,4528.76,43,33.0
2025-12-30,17:50:44,63.5,3798.28,43,33.0
2025-12-30,17:50:54,68.4,3678.84,43,33.0
2025-12-30,17:51:04,65.9,3756.89,43,33.0
2025-12-30,17:51:14,65.6,3620.84,43,33.0
2025-12-30,17:51:25,66.9,4342.21,43,33.0
2025-12-30,17:51:35,66.0,4181.87,43,33.0
2025-12-30,17:51:45,66.2,4208.03,43,33.0
2025-12-30,17:51:55,65.4,3725.52,43,33.0
2025-12-30,17:52:05,66.2,3956.54,43,33.0
2025-12-30,17:52:15,66.2,3536.16,43,33.0
2025-12-30,17:52:26,66.0,3566.89,43,33.0
2025-12-30,17:52:36,66.6,3585.17,43,33.0
2025-12-30,17:52:46,65.5,4118.04,43,33.0
2025-12-30,17:52:56,65.8,3594.71,43,33.0
2025-12-30,17:53:06,66.1,3781.15,43,33.0
2025-12-30,17:53:16,66.1,3579.37,43,33.0
2025-12-30,17:53:26,66.4,3996.81,43,33.0
2025-12-30,17:53:37,66.9,4041.91,43,33.0
2025-12-30,17:53:47,65.8,3562.46,43,33.0
2025-12-30,17:53:57,66.2,3558.64,43,33.0
2025-12-30,17:54:07,66.0,3386.49,43,33.0
2025-12-30,17:54:17,66.0,3695.66,43,33.0
2025-12-30,17:54:27,66.8,3551.24,43,33.0
2025-12-30,17:54:38,65.4,3668.75,43,33.0
2025-12-30,17:54:48,64.4,3904.69,43,33.0
2025-12-30,17:54:58,62.9,3764.31,43,33.0
2025-12-30,17:55:08,70.0,4381.87,43,33.0
2025-12-30,17:55:18,67.1,3560.18,43,33.0
2025-12-30,17:55:28,67.5,3709.23,43,33.0
2025-12-30,17:55:39,68.1,3893.86,43,33.0
2025-12-30,17:55:49,67.6,3731.49,43,33.0
2025-12-30,17:55:59,67.1,3845.38,43,33.0
2025-12-30,17:56:09,68.2,3828.20,43,33.0
2025-12-30,17:56:19,67.1,3501.21,43,33.0
2025-12-30,17:56:29,67.8,3371.11,43,33.0
2025-12-30,17:56:39,67.1,3564.71,43,33.0
2025-12-30,17:56:50,67.6,3673.70,43,33.0
2025-12-30,17:57:00,66.9,3760.06,43,33.0
2025-12-30,17:57:10,67.8,4000.17,43,33.0
2025-12-30,17:57:20,68.4,3821.98,43,33.0
2025-12-30,17:57:30,68.1,3724.53,43,33.0
2025-12-30,17:57:40,67.2,4005.63,43,33.0
2025-12-30,17:57:50,67.4,3922.68,43,33.0
2025-12-30,17:58:01,67.0,3743.11,43,33.0
2025-12-30,17:58:11,68.6,3494.56,43,33.0
2025-12-30,17:58:21,67.5,3646.40,43,33.0
2025-12-30,17:58:31,67.8,3438.08,43,33.0
2025-12-30,17:58:41,67.4,3871.82,43,33.0
2025-12-30,17:58:51,68.4,3568.60,43,33.0
2025-12-30,17:59:01,67.9,3492.82,43,33.0
2025-12-30,17:59:12,61.6,3523.85,43,33.0
2025-12-30,17:59:22,63.6,3465.99,43,33.0
2025-12-30,17:59:32,67.2,3660.99,43,33.0
2025-12-30,17:59:42,66.0,3509.40,43,33.0
2025-12-30,17:59:52,66.5,3798.35,43,33.0
2025-12-30,18:00:02,66.5,3631.34,43,33.0
2025-12-30,18:00:13,65.6,3525.37,43,33.0
2025-12-30,18:00:23,66.2,3950.59,43,33.0
2025-12-30,18:00:33,66.1,3962.95,43,33.0
2025-12-30,18:00:43,66.5,3783.62,43,33.0
2025-12-30,18:00:53,66.1,4008.15,43,33.0
2025-12-30,18:01:03,66.2,4442.87,43,33.0
2025-12-30,18:01:14,66.4,4017.42,43,33.0
2025-12-30,18:01:24,66.4,3647.74,43,33.0
2025-12-30,18:01:34,66.1,3843.36,43,33.0
2025-12-30,18:01:44,66.2,4395.74,43,33.0
2025-12-30,18:01:54,66.2,4114.41,43,33.0
2025-12-30,18:02:04,66.0,4544.99,43,33.0
2025-12-30,18:02:14,65.9,4259.64,43,33.0
2025-12-30,18:02:25,66.4,4125.56,43,33.0
2025-12-30,18:02:35,66.1,3703.76,43,33.0
2025-12-30,18:02:45,65.6,4643.21,43,33.0
2025-12-30,18:02:55,65.9,3346.40,43,33.0
2025-12-30,18:03:05,66.0,4163.42,43,33.0
2025-12-30,18:03:15,66.5,4000.20,43,33.0
2025-12-30,18:03:25,61.9,3367.37,43,33.0
2025-12-30,18:03:36,62.4,3638.31,43,33.0
2025-12-30,18:03:46,68.1,3521.43,43,33.0
2025-12-30,18:03:56,66.1,4007.73,43,33.0
2025-12-30,18:04:06,65.4,3928.39,43,33.0
2025-12-30,18:04:16,65.9,3695.35,43,33.0
2025-12-30,18:04:26,65.1,3642.98,43,33.0
2025-12-30,18:04:37,65.9,3570.35,43,33.0
2025-12-30,18:04:47,66.2,3915.68,43,33.0
2025-12-30,18:04:57,65.8,3671.25,43,33.0
2025-12-30,18:05:07,65.8,3779.98,43,33.0
2025-12-30,18:05:17,65.4,3533.39,43,33.0
2025-12-30,18:05:27,66.1,3731.19,43,33.0
2025-12-30,18:05:38,65.5,3685.55,43,33.0
2025-12-30,18:05:48,66.6,3852.63,43,33.0
2025-12-30,18:05:58,65.6,4028.85,43,33.0
2025-12-30,18:06:08,66.0,3354.29,43,33.0
2025-12-30,18:06:18,65.5,3901.01,43,33.0
2025-12-30,18:06:28,65.8,3655.71,43,33.0
2025-12-30,18:06:38,65.9,3740.32,43,33.0
2025-12-30,18:06:49,65.8,3600.79,43,33.0
2025-12-30,18:06:59,66.0,3690.47,43,33.0
2025-12-30,18:07:09,65.4,3723.32,43,33.0
2025-12-30,18:07:19,66.1,3499.53,43,33.0
2025-12-30,18:07:29,65.5,3859.63,43,33.0
2025-12-30,18:07:39,64.0,3529.69,43,33.0
2025-12-30,18:07:50,60.5,3913.49,43,33.0
2025-12-30,18:08:00,62.2,3361.49,43,33.0
2025-12-30,18:08:10,62.6,3536.61,43,33.0
2025-12-30,18:08:20,66.6,3806.17,43,33.0
2025-12-30,18:08:30,68.0,4172.95,43,33.0
2025-12-30,18:08:40,67.2,4241.47,43,33.0
2025-12-30,18:08:50,66.6,4201.06,43,33.0
2025-12-30,18:09:01,67.0,4010.69,43,33.0
2025-12-30,18:09:11,66.2,3833.92,43,33.0
2025-12-30,18:09:21,67.0,3654.99,43,33.0
2025-12-30,18:09:31,67.0,4475.93,43,33.0
2025-12-30,18:09:41,67.4,4424.83,43,33.0
2025-12-30,18:09:51,66.8,4201.84,43,33.0
2025-12-30,18:10:01,67.6,3775.25,43,33.0
2025-12-30,18:10:12,66.6,3553.62,43,33.0
2025-12-30,18:10:22,68.0,3994.11,43,33.0
2025-12-30,18:10:32,67.1,3513.57,43,33.0
2025-12-30,18:10:42,67.5,4451.30,43,33.0
2025-12-30,18:10:52,67.4,3619.54,43,33.0
2025-12-30,18:11:02,66.9,3756.24,43,33.0
2025-12-30,18:11:13,67.9,4184.39,43,33.0
2025-12-30,18:11:23,66.8,3862.54,43,33.0
2025-12-30,18:11:33,67.2,3810.59,43,33.0
2025-12-30,18:11:43,66.9,3505.53,43,33.0
2025-12-30,18:11:53,66.4,3960.13,43,33.0
2025-12-30,18:12:03,64.5,3486.77,43,33.0
2025-12-30,18:12:13,60.8,3609.81,43,33.0
2025-12-30,18:12:24,59.5,3644.16,43,33.0
2025-12-30,18:12:34,67.5,3782.32,43,33.0
2025-12-30,18:12:44,66.2,3681.88,43,33.0
2025-12-30,18:12:54,65.4,4148.67,43,33.0
2025-12-30,18:13:04,65.4,3506.80,43,33.0
2025-12-30,18:13:14,65.6,3908.11,43,33.0
2025-12-30,18:13:25,65.6,4298.38,43,33.0
2025-12-30,18:13:35,65.6,3680.82,43,33.0
2025-12-30,18:13:45,66.4,3475.76,43,33.0
2025-12-30,18:13:55,65.2,3942.26,43,33.0
2025-12-30,18:14:05,66.4,3645.96,43,33.0
2025-12-30,18:14:15,65.5,4116.05,43,33.0
2025-12-30,18:14:25,65.2,3672.93,43,33.0
2025-12-30,18:14:36,66.0,3934.28,43,33.0
2025-12-30,18:14:46,65.8,3610.70,43,33.0
2025-12-30,18:14:56,65.9,3731.52,43,33.0
2025-12-30,18:15:06,66.4,3600.77,43,33.0
2025-12-30,18:15:16,65.6,3787.25,43,33.0
2025-12-30,18:15:26,65.8,3573.21,43,33.0
2025-12-30,18:15:37,66.4,3651.89,43,33.0
2025-12-30,18:15:47,65.8,3570.02,43,33.0
2025-12-30,18:15:57,66.0,3290.82,43,33.0
2025-12-30,18:16:07,66.9,3505.09,43,33.0
2025-12-30,18:16:17,63.9,3565.20,43,33.0
2025-12-30,18:16:27,63.9,3406.94,43,33.0
2025-12-30,18:16:37,62.2,3449.52,43,33.0
2025-12-30,18:16:48,68.0,3797.45,43,33.0
2025-12-30,18:16:58,66.5,3702.28,43,33.0
2025-12-30,18:17:08,65.1,3443.09,43,33.0
2025-12-30,18:17:18,66.0,3723.24,43,33.0
2025-12-30,18:17:28,65.6,3625.78,43,33.0
2025-12-30,18:17:38,65.8,3522.78,43,33.0
2025-12-30,18:17:49,65.4,3325.59,43,33.0
2025-12-30,18:17:59,66.5,3386.96,43,33.0
2025-12-30,18:18:09,65.5,4075.82,43,33.0
2025-12-30,18:18:19,65.5,3580.74,43,33.0
2025-12-30,18:18:29,65.6,3391.70,43,33.0
2025-12-30,18:18:39,65.6,3449.83,43,33.0
2025-12-30,18:18:49,66.5,3792.45,43,33.0
2025-12-30,18:19:00,65.6,3432.94,43,33.0
2025-12-30,18:19:10,66.4,3984.81,43,33.0
2025-12-30,18:19:20,66.5,4077.59,43,33.0
2025-12-30,18:19:30,66.0,3459.54,43,33.0
2025-12-30,18:19:40,65.9,3749.15,43,33.0
2025-12-30,18:19:50,65.6,4026.42,43,33.0
2025-12-30,18:20:01,65.6,3651.16,43,33.0
2025-12-30,18:20:11,65.5,3539.00,43,33.0
2025-12-30,18:20:21,65.8,3370.87,43,33.0
2025-12-30,18:20:31,66.2,4051.17,43,33.0
2025-12-30,18:20:41,64.4,3928.43,43,33.0
2025-12-30,18:20:51,64.0,3655.42,43,33.0
2025-12-30,18:21:01,71.0,3436.72,43,33.0
2025-12-30,18:21:12,63.6,3646.50,43,33.0
2025-12-30,18:21:22,67.2,4000.79,43,33.0
2025-12-30,18:21:32,66.6,3590.86,43,33.0
2025-12-30,18:21:42,67.2,4065.16,43,33.0
2025-12-30,18:21:52,66.8,3807.51,43,33.0
2025-12-30,18:22:02,68.0,3730.19,43,33.0
2025-12-30,18:22:13,67.4,3576.00,43,33.0
2025-12-30,18:22:23,67.4,3504.48,43,33.0
2025-12-30,18:22:33,66.5,3868.48,43,33.0
2025-12-30,18:22:43,67.6,3665.56,43,33.0
2025-12-30,18:22:53,66.9,3690.15,43,33.0
2025-12-30,18:23:03,67.9,3736.76,43,33.0
2025-12-30,18:23:13,67.5,3665.98,43,33.0
2025-12-30,18:23:24,67.9,3946.75,43,33.0
2025-12-30,18:23:34,67.8,3844.18,43,33.0
2025-12-30,18:23:44,66.8,3986.27,43,33.0
2025-12-30,18:23:54,66.5,3627.43,43,33.0
2025-12-30,18:24:04,66.4,3579.49,43,33.0
2025-12-30,18:24:14,67.9,3528.25,43,33.0
2025-12-30,18:24:25,65.8,3949.71,43,33.0
2025-12-30,18:24:35,67.4,3630.29,43,33.0
2025-12-30,18:24:45,66.4,4727.00,43,33.0
2025-12-30,18:24:55,67.2,4311.89,43,33.0
2025-12-30,18:25:05,63.6,3692.91,43,33.0
2025-12-30,18:25:15,61.2,3531.96,43,33.0
2025-12-30,18:25:25,71.0,3593.13,43,33.0
2025-12-30,18:25:36,63.9,3847.29,43,33.0
2025-12-30,18:25:46,65.2,3890.50,43,33.0
2025-12-30,18:25:56,65.5,3990.12,43,33.0
2025-12-30,18:26:06,65.8,3629.42,43,33.0
2025-12-30,18:26:16,65.2,3965.83,43,33.0
2025-12-30,18:26:26,66.1,3491.05,43,33.0
2025-12-30,18:26:37,66.9,3493.56,43,33.0
2025-12-30,18:26:47,65.4,3749.40,43,33.0
2025-12-30,18:26:57,65.9,4005.70,43,33.0
2025-12-30,18:27:07,65.6,3913.39,43,33.0
2025-12-30,18:27:17,65.4,3864.73,43,33.0
2025-12-30,18:27:27,66.0,3860.72,43,33.0
2025-12-30,18:27:37,65.8,3735.88,43,33.0
2025-12-30,18:27:48,65.8,3450.83,43,33.0
2025-12-30,18:27:58,65.9,4086.00,43,33.0
2025-12-30,18:28:08,65.9,4180.70,43,33.0
2025-12-30,18:28:18,66.1,3920.00,43,33.0
2025-12-30,18:28:28,65.9,3986.16,43,33.0
2025-12-30,18:28:38,66.4,3585.46,43,33.0
2025-12-30,18:28:49,65.8,3617.50,43,33.0
2025-12-30,18:28:59,65.5,3567.12,43,33.0
2025-12-30,18:29:09,66.4,3712.12,43,33.0
2025-12-30,18:29:19,63.9,4322.49,43,33.0
2025-12-30,18:29:29,64.1,4169.69,43,33.0
2025-12-30,18:29:39,72.0,3965.32,43,33.0
2025-12-30,18:29:49,64.4,4349.01,43,33.0
2025-12-30,18:30:00,66.0,3941.70,43,33.0
2025-12-30,18:30:10,65.6,4144.76,43,33.0
2025-12-30,18:30:20,65.8,4130.53,43,33.0
2025-12-30,18:30:30,65.5,3916.70,43,33.0
2025-12-30,18:30:40,66.2,3621.33,43,33.0
2025-12-30,18:30:50,66.0,4349.48,43,33.0
2025-12-30,18:31:01,66.2,3696.33,43,33.0
2025-12-30,18:31:11,65.8,4205.61,43,33.0
2025-12-30,18:31:21,66.2,3256.46,43,33.0
2025-12-30,18:31:31,65.8,4253.31,43,33.0
2025-12-30,18:31:41,65.9,4454.24,43,33.0
2025-12-30,18:31:51,66.0,3751.45,43,33.0
2025-12-30,18:32:01,66.1,3797.50,43,33.0
2025-12-30,18:32:12,65.5,3988.36,43,33.0
2025-12-30,18:32:22,65.4,4144.16,43,33.0
2025-12-30,18:32:32,65.8,3892.04,43,33.0
2025-12-30,18:32:42,65.8,3937.13,43,33.0
2025-12-30,18:32:52,66.9,3976.66,43,33.0
2025-12-30,18:33:02,65.6,3855.72,43,33.0
2025-12-30,18:33:12,65.8,3269.65,43,33.0
2025-12-30,18:33:23,65.5,3710.61,43,33.0
2025-12-30,18:33:33,65.5,4915.83,43,33.0
2025-12-30,18:33:43,65.1,3524.57,43,33.0
2025-12-30,18:33:53,61.2,3449.34,43,33.0
2025-12-30,18:34:03,70.9,3445.02,43,33.0
2025-12-30,18:34:13,65.2,3786.42,43,33.0
2025-12-30,18:34:24,67.0,3558.93,43,33.0
2025-12-30,18:34:34,67.2,3715.16,43,33.0
2025-12-30,18:34:44,67.0,4416.05,43,33.0
2025-12-30,18:34:54,67.1,3948.95,43,33.0
2025-12-30,18:35:04,66.1,3798.05,43,33.0
2025-12-30,18:35:14,68.2,3962.25,43,33.0
2025-12-30,18:35:25,66.9,3733.28,43,33.0
2025-12-30,18:35:35,67.2,3828.07,43,33.0
2025-12-30,18:35:45,66.8,3511.80,43,33.0
2025-12-30,18:35:55,68.1,4441.29,43,33.0
2025-12-30,18:36:05,67.5,4022.04,43,33.0
2025-12-30,18:36:15,67.6,3969.47,43,33.0
2025-12-30,18:36:25,66.6,3806.95,43,33.0
2025-12-30,18:36:36,67.4,3813.18,43,33.0
2025-12-30,18:36:46,66.5,3893.88,43,33.0
2025-12-30,18:36:56,67.9,3383.43,43,33.0
2025-12-30,18:37:06,66.8,3731.59,43,33.0
2025-12-30,18:37:16,68.1,3487.08,43,33.0
2025-12-30,18:37:26,67.2,4662.12,43,33.0
2025-12-30,18:37:37,67.8,3643.90,43,33.0
2025-12-30,18:37:47,66.5,3910.17,43,33.0
2025-12-30,18:37:57,67.6,3717.54,43,33.0
2025-12-30,18:38:07,62.5,4411.12,43,33.0
2025-12-30,18:38:17,64.9,3728.85,43,33.0
2025-12-30,18:38:27,68.2,3686.55,43,33.0
2025-12-30,18:38:37,66.4,4192.14,43,33.0
2025-12-30,18:38:48,66.5,3764.42,43,33.0
2025-12-30,18:38:58,66.1,3697.83,43,33.0
2025-12-30,18:39:08,65.4,3491.55,43,33.0
2025-12-30,18:39:18,66.0,3342.58,43,33.0
2025-12-30,18:39:28,65.5,3978.71,43,33.0
2025-12-30,18:39:38,65.5,3949.44,43,33.0
2025-12-30,18:39:49,65.8,3522.22,43,33.0
2025-12-30,18:39:59,65.6,3663.30,43,33.0
2025-12-30,18:40:09,66.2,3662.43,43,33.0
2025-12-30,18:40:19,65.5,3659.10,43,33.0
2025-12-30,18:40:29,66.1,4002.57,43,33.0
2025-12-30,18:40:39,65.8,3756.08,43,33.0
2025-12-30,18:40:49,66.6,3979.95,43,33.0
2025-12-30,18:41:00,66.1,3693.19,43,33.0
2025-12-30,18:41:10,66.5,3635.74,43,33.0
2025-12-30,18:41:20,65.9,4017.89,43,33.0
2025-12-30,18:41:30,66.4,3681.16,43,33.0
2025-12-30,18:41:40,65.9,3647.94,43,33.0
2025-12-30,18:41:50,65.6,3504.14,43,33.0
2025-12-30,18:42:01,66.1,3560.21,43,33.0
2025-12-30,18:42:11,65.0,3403.23,43,33.0
2025-12-30,18:42:21,61.6,3749.10,43,33.0
2025-12-30,18:42:31,63.0,3650.50,43,33.0
2025-12-30,18:42:41,68.1,3939.58,43,33.0
2025-12-30,18:42:51,65.1,3483.23,43,33.0
2025-12-30,18:43:01,65.4,3641.75,43,33.0
2025-12-30,18:43:12,65.1,3996.67,43,33.0
2025-12-30,18:43:22,65.1,3451.69,43,33.0
2025-12-30,18:43:32,65.6,3692.99,43,33.0
2025-12-30,18:43:42,65.9,3604.20,43,33.0
2025-12-30,18:43:52,66.2,3463.73,43,33.0
2025-12-30,18:44:02,66.1,3538.59,43,33.0
2025-12-30,18:44:13,65.8,3640.22,43,33.0
2025-12-30,18:44:23,64.8,4118.99,43,33.0
2025-12-30,18:44:33,65.5,3470.42,43,33.0
2025-12-30,18:44:43,65.4,3648.65,43,33.0
2025-12-30,18:44:53,65.8,3547.24,43,33.0
2025-12-30,18:45:03,65.9,4085.34,43,33.0
2025-12-30,18:45:14,65.0,3608.21,43,33.0
2025-12-30,18:45:24,65.2,3590.68,43,33.0
2025-12-30,18:45:34,65.4,3798.60,43,33.0
2025-12-30,18:45:44,65.5,3703.92,43,33.0
2025-12-30,18:45:54,66.4,3877.70,43,33.0
2025-12-30,18:46:04,65.4,3809.03,43,33.0
2025-12-30,18:46:14,65.5,3906.78,43,33.0
2025-12-30,18:46:25,65.9,3613.66,43,33.0
2025-12-30,18:46:35,63.4,3824.95,43,33.0
