id,query,theme,difficulty,lang,tags,discipline,partition,topic,answer_type,grader,steps_required,complexity_gold,gold,tolerance,base_id,requires_rag,anchor_doc_ids,expected_abstention,distractor_tokens,rubric,provenance,contamination_risk,version
mat_c001,"Quanto e 15% de 180? Responda apenas com o valor numerico, arredondado a duas casas decimais.",matematica,easy,pt,aritmetica|porcentagem,matematica,canonical,porcentagem,numeric,numeric,1,BAIXA,27.0,0.001,,False,,False,0,,generated:percent_of,low,2.0
mat_c002,Resolva a equacao 8x - 12 = 12. Responda apenas com o valor de x.,matematica,easy,pt,algebra|equacao-linear,matematica,canonical,equacao-linear,numeric,numeric,1,BAIXA,3.0,1e-06,,False,,False,0,,generated:linear_equation,low,2.0
mat_c003,"Uma circunferencia tem raio 7 cm. Qual e a sua area em cm2? Use pi = 3,14159. Responda apenas com o valor numerico, arredondado a duas casas decimais.",matematica,easy,pt,geometria|geometria-plana,matematica,canonical,geometria-plana,numeric,numeric,1,BAIXA,153.94,0.001,,False,,False,0,,generated:circle_area,low,2.0
mat_c004,"Calcule a media aritmetica dos valores: 33, 89, 31, 95, 74, 24, 23. Responda apenas com o valor numerico, arredondado a duas casas decimais.",matematica,easy,pt,estatistica|media-aritmetica,matematica,canonical,media-aritmetica,numeric,numeric,1,BAIXA,52.71,0.001,,False,,False,0,,generated:arithmetic_mean,low,2.0
mat_c005,Qual e o maximo divisor comum entre 30 e 12? Responda apenas com o numero.,matematica,easy,pt,teoria-dos-numeros|mdc,matematica,canonical,mdc,numeric,numeric,1,BAIXA,6.0,1e-06,,False,,False,0,,generated:gcd_pair,low,2.0
mat_c006,Seja f(x) = 5x^5. Qual e o valor de f'(3)? Responda apenas com o numero.,matematica,easy,pt,calculo|derivada,matematica,canonical,derivada,numeric,numeric,1,BAIXA,2025.0,1e-06,,False,,False,0,,generated:monomial_derivative,low,2.0
mat_c007,"Uma urna contem 10 bolas vermelhas, 13 azuis e 6 verdes. Retirando uma bola ao acaso, qual e a probabilidade de ser vermelha? Responda apenas com o valor numerico, arredondado a quatro casas decimais.",matematica,easy,pt,probabilidade|probabilidade-simples,matematica,canonical,probabilidade-simples,numeric,numeric,1,BAIXA,0.3448,0.001,,False,,False,0,,generated:single_probability,low,2.0
mat_c008,"Um capital de R$ 1200 e aplicado a juros simples de 2% ao mes durante 18 meses. Qual e o valor dos juros? Responda apenas com o valor numerico, arredondado a duas casas decimais.",matematica,easy,pt,matematica-financeira|juros-simples,matematica,canonical,juros-simples,numeric,numeric,1,BAIXA,432.0,0.001,,False,,False,0,,generated:simple_interest,low,2.0
mat_c009,"Uma doenca atinge 4% da populacao. Um teste tem sensibilidade de 95% e especificidade de 90%. Uma pessoa escolhida ao acaso testa positivo. Qual e a probabilidade de ela realmente ter a doenca? Responda apenas com o valor numerico, arredondado a quatro casas decimais.",matematica,hard,pt,probabilidade|inferencia|bayes,matematica,canonical,bayes,numeric,numeric,4,ALTA,0.2836,0.001,,False,,False,0,,generated:bayes_diagnostic,low,2.0
mat_c010,"Resolva o sistema:
3x + 3y = -6
8x + 3y = -21
Responda apenas com o valor de x.",matematica,medium,pt,algebra-linear|sistema-linear,matematica,canonical,sistema-linear,numeric,numeric,3,MEDIA,-3.0,1e-06,,False,,False,0,,generated:linear_system,low,2.0
mat_c011,"Um capital de R$ 5000 e aplicado por 10 meses a uma taxa de 2% ao mes. Quanto os juros compostos superam os juros simples no mesmo periodo? Responda apenas com o valor numerico, arredondado a duas casas decimais.",matematica,hard,pt,matematica-financeira|juros-compostos,matematica,canonical,juros-compostos,numeric,numeric,4,ALTA,94.97,0.001,,False,,False,0,,generated:compound_vs_simple,low,2.0
mat_c012,Qual e o resto da divisao de 4^155 por 17? Responda apenas com o numero.,matematica,medium,pt,teoria-dos-numeros|aritmetica-modular,matematica,canonical,aritmetica-modular,numeric,numeric,3,MEDIA,13.0,1e-06,,False,,False,0,,generated:modular_exponentiation,low,2.0
mat_c013,Um grupo tem 9 homens e 4 mulheres. Quantas comissoes de 4 pessoas podem ser formadas contendo pelo menos uma mulher? Responda apenas com o numero.,matematica,medium,pt,combinatoria,matematica,canonical,combinatoria,numeric,numeric,3,MEDIA,589.0,1e-06,,False,,False,0,,generated:committee_counting,low,2.0
mat_c014,"Uma maquina executa uma tarefa em 4 horas e outra executa a mesma tarefa em 15 horas. Trabalhando simultaneamente, em quantas horas concluem a tarefa? Responda apenas com o valor numerico, arredondado a quatro casas decimais.",matematica,medium,pt,proporcionalidade|taxas-de-trabalho,matematica,canonical,taxas-de-trabalho,numeric,numeric,3,MEDIA,3.1579,0.001,,False,,False,0,,generated:work_rate,low,2.0
mat_c015,"Um produto vendido a R$ 60 tem demanda de 400 unidades. Cada real de aumento no preco reduz a demanda em 5 unidades. Considerando apenas aumentos inteiros, qual e a receita maxima possivel? Responda apenas com o numero.",matematica,hard,pt,funcoes|otimizacao|otimizacao-quadratica,matematica,canonical,otimizacao-quadratica,numeric,numeric,4,ALTA,24500.0,1e-06,,False,,False,0,,generated:parabola_optimum,low,2.0
mat_c016,"Uma progressao geometrica tem primeiro termo 2 e razao 2. Qual e a razao entre a soma dos 7 primeiros termos e o primeiro termo? Responda apenas com o valor numerico, arredondado a quatro casas decimais.",matematica,medium,pt,sequencias|progressao-geometrica,matematica,canonical,progressao-geometrica,numeric,numeric,3,MEDIA,127.0,0.001,,False,,False,0,,generated:geometric_series,low,2.0
mat_c017,"Quanto e 27% de 240? Responda apenas com o valor numerico, arredondado a duas casas decimais.",matematica,easy,pt,aritmetica|porcentagem,matematica,canonical,porcentagem,numeric,numeric,1,BAIXA,64.8,0.001,,False,,False,0,,generated:percent_of,low,2.0
mat_c018,Resolva a equacao 7x + 8 = -34. Responda apenas com o valor de x.,matematica,easy,pt,algebra|equacao-linear,matematica,canonical,equacao-linear,numeric,numeric,1,BAIXA,-6.0,1e-06,,False,,False,0,,generated:linear_equation,low,2.0
mat_c019,"Uma circunferencia tem raio 12 cm. Qual e a sua area em cm2? Use pi = 3,14159. Responda apenas com o valor numerico, arredondado a duas casas decimais.",matematica,easy,pt,geometria|geometria-plana,matematica,canonical,geometria-plana,numeric,numeric,1,BAIXA,452.39,0.001,,False,,False,0,,generated:circle_area,low,2.0
mat_c020,"Calcule a media aritmetica dos valores: 66, 40, 67, 65, 46, 54. Responda apenas com o valor numerico, arredondado a duas casas decimais.",matematica,easy,pt,estatistica|media-aritmetica,matematica,canonical,media-aritmetica,numeric,numeric,1,BAIXA,56.33,0.001,,False,,False,0,,generated:arithmetic_mean,low,2.0
mat_c021,Qual e o maximo divisor comum entre 63 e 84? Responda apenas com o numero.,matematica,easy,pt,teoria-dos-numeros|mdc,matematica,canonical,mdc,numeric,numeric,1,BAIXA,21.0,1e-06,,False,,False,0,,generated:gcd_pair,low,2.0
mat_c022,Seja f(x) = 5x^3. Qual e o valor de f'(5)? Responda apenas com o numero.,matematica,easy,pt,calculo|derivada,matematica,canonical,derivada,numeric,numeric,1,BAIXA,375.0,1e-06,,False,,False,0,,generated:monomial_derivative,low,2.0
mat_c023,"Uma urna contem 9 bolas vermelhas, 8 azuis e 5 verdes. Retirando uma bola ao acaso, qual e a probabilidade de ser vermelha? Responda apenas com o valor numerico, arredondado a quatro casas decimais.",matematica,easy,pt,probabilidade|probabilidade-simples,matematica,canonical,probabilidade-simples,numeric,numeric,1,BAIXA,0.4091,0.001,,False,,False,0,,generated:single_probability,low,2.0
mat_c024,"Um capital de R$ 9600 e aplicado a juros simples de 2,50% ao mes durante 6 meses. Qual e o valor dos juros? Responda apenas com o valor numerico, arredondado a duas casas decimais.",matematica,easy,pt,matematica-financeira|juros-simples,matematica,canonical,juros-simples,numeric,numeric,1,BAIXA,1440.0,0.001,,False,,False,0,,generated:simple_interest,low,2.0
mat_c025,"Uma doenca atinge 2% da populacao. Um teste tem sensibilidade de 90% e especificidade de 93%. Uma pessoa escolhida ao acaso testa positivo. Qual e a probabilidade de ela realmente ter a doenca? Responda apenas com o valor numerico, arredondado a quatro casas decimais.",matematica,hard,pt,probabilidade|inferencia|bayes,matematica,canonical,bayes,numeric,numeric,4,ALTA,0.2079,0.001,,False,,False,0,,generated:bayes_diagnostic,low,2.0
mat_c026,"Resolva o sistema:
3x + 5y = 4
7x + 5y = 16
Responda apenas com o valor de x.",matematica,medium,pt,algebra-linear|sistema-linear,matematica,canonical,sistema-linear,numeric,numeric,3,MEDIA,3.0,1e-06,,False,,False,0,,generated:linear_system,low,2.0
mat_c027,"Um capital de R$ 8000 e aplicado por 12 meses a uma taxa de 2,50% ao mes. Quanto os juros compostos superam os juros simples no mesmo periodo? Responda apenas com o valor numerico, arredondado a duas casas decimais.",matematica,hard,pt,matematica-financeira|juros-compostos,matematica,canonical,juros-compostos,numeric,numeric,4,ALTA,359.11,0.001,,False,,False,0,,generated:compound_vs_simple,low,2.0
mat_c028,Qual e o resto da divisao de 7^83 por 11? Responda apenas com o numero.,matematica,medium,pt,teoria-dos-numeros|aritmetica-modular,matematica,canonical,aritmetica-modular,numeric,numeric,3,MEDIA,2.0,1e-06,,False,,False,0,,generated:modular_exponentiation,low,2.0
mat_c029,Um grupo tem 6 homens e 8 mulheres. Quantas comissoes de 5 pessoas podem ser formadas contendo pelo menos uma mulher? Responda apenas com o numero.,matematica,medium,pt,combinatoria,matematica,canonical,combinatoria,numeric,numeric,3,MEDIA,1996.0,1e-06,,False,,False,0,,generated:committee_counting,low,2.0
mat_c030,"Uma maquina executa uma tarefa em 8 horas e outra executa a mesma tarefa em 15 horas. Trabalhando simultaneamente, em quantas horas concluem a tarefa? Responda apenas com o valor numerico, arredondado a quatro casas decimais.",matematica,medium,pt,proporcionalidade|taxas-de-trabalho,matematica,canonical,taxas-de-trabalho,numeric,numeric,3,MEDIA,5.2174,0.001,,False,,False,0,,generated:work_rate,low,2.0
mat_c031,"Um produto vendido a R$ 80 tem demanda de 500 unidades. Cada real de aumento no preco reduz a demanda em 8 unidades. Considerando apenas aumentos inteiros, qual e a receita maxima possivel? Responda apenas com o numero.",matematica,hard,pt,funcoes|otimizacao|otimizacao-quadratica,matematica,canonical,otimizacao-quadratica,numeric,numeric,4,ALTA,40000.0,1e-06,,False,,False,0,,generated:parabola_optimum,low,2.0
mat_c032,"Uma progressao geometrica tem primeiro termo 3 e razao 2. Qual e a razao entre a soma dos 10 primeiros termos e o primeiro termo? Responda apenas com o valor numerico, arredondado a quatro casas decimais.",matematica,medium,pt,sequencias|progressao-geometrica,matematica,canonical,progressao-geometrica,numeric,numeric,3,MEDIA,1023.0,0.001,,False,,False,0,,generated:geometric_series,low,2.0
mat_c033,"Quanto e 56% de 240? Responda apenas com o valor numerico, arredondado a duas casas decimais.",matematica,easy,pt,aritmetica|porcentagem,matematica,canonical,porcentagem,numeric,numeric,1,BAIXA,134.4,0.001,,False,,False,0,,generated:percent_of,low,2.0
mat_c034,Resolva a equacao 3x - 21 = -36. Responda apenas com o valor de x.,matematica,easy,pt,algebra|equacao-linear,matematica,canonical,equacao-linear,numeric,numeric,1,BAIXA,-5.0,1e-06,,False,,False,0,,generated:linear_equation,low,2.0
mat_c035,"Uma circunferencia tem raio 18 cm. Qual e a sua area em cm2? Use pi = 3,14159. Responda apenas com o valor numerico, arredondado a duas casas decimais.",matematica,easy,pt,geometria|geometria-plana,matematica,canonical,geometria-plana,numeric,numeric,1,BAIXA,1017.88,0.001,,False,,False,0,,generated:circle_area,low,2.0
mat_c036,"Calcule a media aritmetica dos valores: 28, 69, 68, 79, 87, 52, 90. Responda apenas com o valor numerico, arredondado a duas casas decimais.",matematica,easy,pt,estatistica|media-aritmetica,matematica,canonical,media-aritmetica,numeric,numeric,1,BAIXA,67.57,0.001,,False,,False,0,,generated:arithmetic_mean,low,2.0
mat_c037,Qual e o maximo divisor comum entre 48 e 72? Responda apenas com o numero.,matematica,easy,pt,teoria-dos-numeros|mdc,matematica,canonical,mdc,numeric,numeric,1,BAIXA,24.0,1e-06,,False,,False,0,,generated:gcd_pair,low,2.0
mat_c038,Seja f(x) = 6x^4. Qual e o valor de f'(2)? Responda apenas com o numero.,matematica,easy,pt,calculo|derivada,matematica,canonical,derivada,numeric,numeric,1,BAIXA,192.0,1e-06,,False,,False,0,,generated:monomial_derivative,low,2.0
mat_c039,"Uma urna contem 7 bolas vermelhas, 10 azuis e 4 verdes. Retirando uma bola ao acaso, qual e a probabilidade de ser vermelha? Responda apenas com o valor numerico, arredondado a quatro casas decimais.",matematica,easy,pt,probabilidade|probabilidade-simples,matematica,canonical,probabilidade-simples,numeric,numeric,1,BAIXA,0.3333,0.001,,False,,False,0,,generated:single_probability,low,2.0
mat_c040,"Um capital de R$ 5000 e aplicado a juros simples de 1,50% ao mes durante 12 meses. Qual e o valor dos juros? Responda apenas com o valor numerico, arredondado a duas casas decimais.",matematica,easy,pt,matematica-financeira|juros-simples,matematica,canonical,juros-simples,numeric,numeric,1,BAIXA,900.0,0.001,,False,,False,0,,generated:simple_interest,low,2.0
org_c001,Quantos MiB existem em 32 GiB? Responda apenas com o numero.,organizacao_computadores,easy,pt,representacao|unidades-binarias,organizacao_computadores,canonical,unidades-binarias,numeric,numeric,1,BAIXA,32768.0,1e-06,,False,,False,0,,generated:binary_prefix_conversion,low,2.0
org_c002,Uma cache usa blocos de 32 bytes. Quantos bits do endereco sao usados como deslocamento dentro do bloco? Responda apenas com o numero.,organizacao_computadores,easy,pt,memoria-cache|cache-offset,organizacao_computadores,canonical,cache-offset,numeric,numeric,1,BAIXA,5.0,1e-06,,False,,False,0,,generated:block_offset_bits,low,2.0
org_c003,Uma memoria possui 262144 palavras enderecaveis. Quantas linhas de endereco sao necessarias? Responda apenas com o numero.,organizacao_computadores,easy,pt,memoria|barramento-de-endereco,organizacao_computadores,canonical,barramento-de-endereco,numeric,numeric,1,BAIXA,18.0,1e-06,,False,,False,0,,generated:address_lines,low,2.0
org_c004,"Um processador opera a 2 GHz. Qual e o periodo de clock em nanossegundos? Responda apenas com o valor numerico, arredondado a quatro casas decimais.",organizacao_computadores,easy,pt,desempenho|periodo-de-clock,organizacao_computadores,canonical,periodo-de-clock,numeric,numeric,1,BAIXA,0.5,0.001,,False,,False,0,,generated:clock_period,low,2.0
org_c005,Um arranjo RAID 10 e montado com 8 discos de 12 TB cada. Qual e a capacidade util em TB? Responda apenas com o numero.,organizacao_computadores,easy,pt,armazenamento|raid,organizacao_computadores,canonical,raid,numeric,numeric,1,BAIXA,48.0,1e-06,,False,,False,0,,generated:raid_usable_capacity,low,2.0
org_c006,Uma placa-mae recebe 2 modulos de 16 GB cada. Qual e a memoria total instalada em GB? Responda apenas com o numero.,organizacao_computadores,easy,pt,montagem|capacidade-de-memoria,organizacao_computadores,canonical,capacidade-de-memoria,numeric,numeric,1,BAIXA,32.0,1e-06,,False,,False,0,,generated:total_ram,low,2.0
org_c007,"Um arquivo de 16 GB e copiado para um disco com taxa sustentada de 550 MB/s. Considerando 1 GB = 1000 MB, quantos segundos leva a copia? Responda apenas com o valor numerico, arredondado a duas casas decimais.",organizacao_computadores,easy,pt,armazenamento|desempenho|taxa-de-transferencia,organizacao_computadores,canonical,taxa-de-transferencia,numeric,numeric,1,BAIXA,29.09,0.001,,False,,False,0,,generated:transfer_time,low,2.0
org_c008,"Uma montagem tem CPU de 170 W, GPU de 75 W e demais componentes somando 70 W. Qual e o consumo nominal total em watts? Responda apenas com o numero.",organizacao_computadores,easy,pt,montagem|fonte|consumo-eletrico,organizacao_computadores,canonical,consumo-eletrico,numeric,numeric,1,BAIXA,315.0,1e-06,,False,,False,0,,generated:psu_total_draw,low,2.0
org_c009,"Uma cache de 8 KiB, mapeamento direto, usa blocos de 32 bytes em uma arquitetura de 48 bits. Quantos bits do endereco compoem o campo de tag? Responda apenas com o numero.",organizacao_computadores,hard,pt,memoria-cache|arquitetura|cache-endereco,organizacao_computadores,canonical,cache-endereco,numeric,numeric,4,ALTA,35.0,1e-06,,False,,False,0,,generated:cache_address_split,low,2.0
org_c010,"Um sistema tem cache L1 com tempo de acerto de 2 ciclo(s) e taxa de falhas de 4%. As falhas de L1 vao para a L2, com tempo de acesso de 8 ciclos e taxa de falhas de 20%. Uma falha na L2 custa 300 ciclos. Qual e o tempo medio de acesso a memoria, em ciclos? Responda apenas com o valor numerico, arredondado a quatro casas decimais.",organizacao_computadores,hard,pt,memoria-cache|desempenho|amat,organizacao_computadores,canonical,amat,numeric,numeric,4,ALTA,4.72,0.001,,False,,False,0,,generated:amat_two_levels,low,2.0
org_c011,"Um programa tem 50% do tempo de execucao paralelizavel. Executando-o em 2 nucleos, qual e o ganho de desempenho segundo a lei de Amdahl? Responda apenas com o valor numerico, arredondado a quatro casas decimais.",organizacao_computadores,medium,pt,paralelismo|desempenho|lei-de-amdahl,organizacao_computadores,canonical,lei-de-amdahl,numeric,numeric,3,MEDIA,1.3333,0.001,,False,,False,0,,generated:amdahl_speedup,low,2.0
org_c012,"Um programa com 2 bilhao(oes) de instrucoes tem a seguinte distribuicao: 50% aritmeticas (CPI 1), 25% de acesso a memoria (CPI 2) e 25% de desvio (CPI 8). O processador opera a 2,5 GHz. Qual e o tempo de execucao em segundos? Responda apenas com o valor numerico, arredondado a quatro casas decimais.",organizacao_computadores,hard,pt,desempenho|arquitetura|cpi,organizacao_computadores,canonical,cpi,numeric,numeric,4,ALTA,2.4,0.001,,False,,False,0,,generated:cpi_execution_time,low,2.0
org_c013,"Um sistema usa memoria DDR a 5600 MT/s, com barramento de 64 bits por canal e 2 canal(is) ativo(s). Qual e a largura de banda teorica de pico em GB/s (1 GB = 10^9 bytes)? Responda apenas com o valor numerico, arredondado a duas casas decimais.",organizacao_computadores,medium,pt,memoria|desempenho|largura-de-banda,organizacao_computadores,canonical,largura-de-banda,numeric,numeric,3,MEDIA,89.6,0.001,,False,,False,0,,generated:memory_bandwidth,low,2.0
org_c014,"Uma montagem consome 95 W na CPU, 285 W na GPU e 90 W nos demais componentes. Considerando uma margem de seguranca de 20% sobre o consumo total e uma fonte com 90% de eficiencia, qual e a potencia de entrada minima em watts? Responda apenas com o valor numerico, arredondado a duas casas decimais.",organizacao_computadores,hard,pt,montagem|fonte|dimensionamento-de-fonte,organizacao_computadores,canonical,dimensionamento-de-fonte,numeric,numeric,4,ALTA,626.67,0.001,,False,,False,0,,generated:psu_sizing_with_headroom,low,2.0
org_c015,"Um pipeline de 6 estagios sofre paradas em 20% das instrucoes, cada uma custando 2 ciclo(s) adicional(is). Qual e o ganho efetivo em relacao a execucao nao segmentada? Responda apenas com o valor numerico, arredondado a quatro casas decimais.",organizacao_computadores,medium,pt,arquitetura|desempenho|pipeline,organizacao_computadores,canonical,pipeline,numeric,numeric,3,MEDIA,4.2857,0.001,,False,,False,0,,generated:pipeline_speedup,low,2.0
org_c016,Quantos MiB existem em 12 GiB? Responda apenas com o numero.,organizacao_computadores,easy,pt,representacao|unidades-binarias,organizacao_computadores,canonical,unidades-binarias,numeric,numeric,1,BAIXA,12288.0,1e-06,,False,,False,0,,generated:binary_prefix_conversion,low,2.0
org_c017,Uma cache usa blocos de 128 bytes. Quantos bits do endereco sao usados como deslocamento dentro do bloco? Responda apenas com o numero.,organizacao_computadores,easy,pt,memoria-cache|cache-offset,organizacao_computadores,canonical,cache-offset,numeric,numeric,1,BAIXA,7.0,1e-06,,False,,False,0,,generated:block_offset_bits,low,2.0
org_c018,Uma memoria possui 65536 palavras enderecaveis. Quantas linhas de endereco sao necessarias? Responda apenas com o numero.,organizacao_computadores,easy,pt,memoria|barramento-de-endereco,organizacao_computadores,canonical,barramento-de-endereco,numeric,numeric,1,BAIXA,16.0,1e-06,,False,,False,0,,generated:address_lines,low,2.0
org_c019,"Um processador opera a 2,8 GHz. Qual e o periodo de clock em nanossegundos? Responda apenas com o valor numerico, arredondado a quatro casas decimais.",organizacao_computadores,easy,pt,desempenho|periodo-de-clock,organizacao_computadores,canonical,periodo-de-clock,numeric,numeric,1,BAIXA,0.3571,0.001,,False,,False,0,,generated:clock_period,low,2.0
org_c020,Um arranjo RAID 5 e montado com 6 discos de 2 TB cada. Qual e a capacidade util em TB? Responda apenas com o numero.,organizacao_computadores,easy,pt,armazenamento|raid,organizacao_computadores,canonical,raid,numeric,numeric,1,BAIXA,10.0,1e-06,,False,,False,0,,generated:raid_usable_capacity,low,2.0
org_c021,Uma placa-mae recebe 2 modulos de 8 GB cada. Qual e a memoria total instalada em GB? Responda apenas com o numero.,organizacao_computadores,easy,pt,montagem|capacidade-de-memoria,organizacao_computadores,canonical,capacidade-de-memoria,numeric,numeric,1,BAIXA,16.0,1e-06,,False,,False,0,,generated:total_ram,low,2.0
org_c022,"Um arquivo de 64 GB e copiado para um disco com taxa sustentada de 120 MB/s. Considerando 1 GB = 1000 MB, quantos segundos leva a copia? Responda apenas com o valor numerico, arredondado a duas casas decimais.",organizacao_computadores,easy,pt,armazenamento|desempenho|taxa-de-transferencia,organizacao_computadores,canonical,taxa-de-transferencia,numeric,numeric,1,BAIXA,533.33,0.001,,False,,False,0,,generated:transfer_time,low,2.0
org_c023,"Uma montagem tem CPU de 65 W, GPU de 75 W e demais componentes somando 40 W. Qual e o consumo nominal total em watts? Responda apenas com o numero.",organizacao_computadores,easy,pt,montagem|fonte|consumo-eletrico,organizacao_computadores,canonical,consumo-eletrico,numeric,numeric,1,BAIXA,180.0,1e-06,,False,,False,0,,generated:psu_total_draw,low,2.0
org_c024,"Uma cache de 8 KiB, mapeamento direto, usa blocos de 32 bytes em uma arquitetura de 32 bits. Quantos bits do endereco compoem o campo de tag? Responda apenas com o numero.",organizacao_computadores,hard,pt,memoria-cache|arquitetura|cache-endereco,organizacao_computadores,canonical,cache-endereco,numeric,numeric,4,ALTA,19.0,1e-06,,False,,False,0,,generated:cache_address_split,low,2.0
org_c025,"Um sistema tem cache L1 com tempo de acerto de 1 ciclo(s) e taxa de falhas de 10%. As falhas de L1 vao para a L2, com tempo de acesso de 10 ciclos e taxa de falhas de 25%. Uma falha na L2 custa 200 ciclos. Qual e o tempo medio de acesso a memoria, em ciclos? Responda apenas com o valor numerico, arredondado a quatro casas decimais.",organizacao_computadores,hard,pt,memoria-cache|desempenho|amat,organizacao_computadores,canonical,amat,numeric,numeric,4,ALTA,7.0,0.001,,False,,False,0,,generated:amat_two_levels,low,2.0
org_c026,"Um programa tem 60% do tempo de execucao paralelizavel. Executando-o em 32 nucleos, qual e o ganho de desempenho segundo a lei de Amdahl? Responda apenas com o valor numerico, arredondado a quatro casas decimais.",organizacao_computadores,medium,pt,paralelismo|desempenho|lei-de-amdahl,organizacao_computadores,canonical,lei-de-amdahl,numeric,numeric,3,MEDIA,2.3881,0.001,,False,,False,0,,generated:amdahl_speedup,low,2.0
org_c027,"Um programa com 5 bilhao(oes) de instrucoes tem a seguinte distribuicao: 40% aritmeticas (CPI 1), 30% de acesso a memoria (CPI 4) e 30% de desvio (CPI 8). O processador opera a 2,5 GHz. Qual e o tempo de execucao em segundos? Responda apenas com o valor numerico, arredondado a quatro casas decimais.",organizacao_computadores,hard,pt,desempenho|arquitetura|cpi,organizacao_computadores,canonical,cpi,numeric,numeric,4,ALTA,8.0,0.001,,False,,False,0,,generated:cpi_execution_time,low,2.0
org_c028,"Um sistema usa memoria DDR a 3600 MT/s, com barramento de 64 bits por canal e 2 canal(is) ativo(s). Qual e a largura de banda teorica de pico em GB/s (1 GB = 10^9 bytes)? Responda apenas com o valor numerico, arredondado a duas casas decimais.",organizacao_computadores,medium,pt,memoria|desempenho|largura-de-banda,organizacao_computadores,canonical,largura-de-banda,numeric,numeric,3,MEDIA,57.6,0.001,,False,,False,0,,generated:memory_bandwidth,low,2.0
org_c029,"Uma montagem consome 95 W na CPU, 160 W na GPU e 45 W nos demais componentes. Considerando uma margem de seguranca de 30% sobre o consumo total e uma fonte com 85% de eficiencia, qual e a potencia de entrada minima em watts? Responda apenas com o valor numerico, arredondado a duas casas decimais.",organizacao_computadores,hard,pt,montagem|fonte|dimensionamento-de-fonte,organizacao_computadores,canonical,dimensionamento-de-fonte,numeric,numeric,4,ALTA,458.82,0.001,,False,,False,0,,generated:psu_sizing_with_headroom,low,2.0
org_c030,"Um pipeline de 8 estagios sofre paradas em 25% das instrucoes, cada uma custando 2 ciclo(s) adicional(is). Qual e o ganho efetivo em relacao a execucao nao segmentada? Responda apenas com o valor numerico, arredondado a quatro casas decimais.",organizacao_computadores,medium,pt,arquitetura|desempenho|pipeline,organizacao_computadores,canonical,pipeline,numeric,numeric,3,MEDIA,5.3333,0.001,,False,,False,0,,generated:pipeline_speedup,low,2.0
org_c031,Quantos MiB existem em 24 GiB? Responda apenas com o numero.,organizacao_computadores,easy,pt,representacao|unidades-binarias,organizacao_computadores,canonical,unidades-binarias,numeric,numeric,1,BAIXA,24576.0,1e-06,,False,,False,0,,generated:binary_prefix_conversion,low,2.0
org_c032,Uma cache usa blocos de 16 bytes. Quantos bits do endereco sao usados como deslocamento dentro do bloco? Responda apenas com o numero.,organizacao_computadores,easy,pt,memoria-cache|cache-offset,organizacao_computadores,canonical,cache-offset,numeric,numeric,1,BAIXA,4.0,1e-06,,False,,False,0,,generated:block_offset_bits,low,2.0
org_c033,Uma memoria possui 1048576 palavras enderecaveis. Quantas linhas de endereco sao necessarias? Responda apenas com o numero.,organizacao_computadores,easy,pt,memoria|barramento-de-endereco,organizacao_computadores,canonical,barramento-de-endereco,numeric,numeric,1,BAIXA,20.0,1e-06,,False,,False,0,,generated:address_lines,low,2.0
org_c034,"Um processador opera a 1,6 GHz. Qual e o periodo de clock em nanossegundos? Responda apenas com o valor numerico, arredondado a quatro casas decimais.",organizacao_computadores,easy,pt,desempenho|periodo-de-clock,organizacao_computadores,canonical,periodo-de-clock,numeric,numeric,1,BAIXA,0.625,0.001,,False,,False,0,,generated:clock_period,low,2.0
org_c035,Um arranjo RAID 0 e montado com 10 discos de 6 TB cada. Qual e a capacidade util em TB? Responda apenas com o numero.,organizacao_computadores,easy,pt,armazenamento|raid,organizacao_computadores,canonical,raid,numeric,numeric,1,BAIXA,60.0,1e-06,,False,,False,0,,generated:raid_usable_capacity,low,2.0
org_c036,Uma placa-mae recebe 2 modulos de 32 GB cada. Qual e a memoria total instalada em GB? Responda apenas com o numero.,organizacao_computadores,easy,pt,montagem|capacidade-de-memoria,organizacao_computadores,canonical,capacidade-de-memoria,numeric,numeric,1,BAIXA,64.0,1e-06,,False,,False,0,,generated:total_ram,low,2.0
org_c037,"Um arquivo de 16 GB e copiado para um disco com taxa sustentada de 400 MB/s. Considerando 1 GB = 1000 MB, quantos segundos leva a copia? Responda apenas com o valor numerico, arredondado a duas casas decimais.",organizacao_computadores,easy,pt,armazenamento|desempenho|taxa-de-transferencia,organizacao_computadores,canonical,taxa-de-transferencia,numeric,numeric,1,BAIXA,40.0,0.001,,False,,False,0,,generated:transfer_time,low,2.0
org_c038,"Uma montagem tem CPU de 95 W, GPU de 220 W e demais componentes somando 85 W. Qual e o consumo nominal total em watts? Responda apenas com o numero.",organizacao_computadores,easy,pt,montagem|fonte|consumo-eletrico,organizacao_computadores,canonical,consumo-eletrico,numeric,numeric,1,BAIXA,400.0,1e-06,,False,,False,0,,generated:psu_total_draw,low,2.0
org_c039,"Uma cache de 256 KiB, associativa por conjuntos de 8 vias, usa blocos de 32 bytes em uma arquitetura de 32 bits. Quantos bits do endereco compoem o campo de tag? Responda apenas com o numero.",organizacao_computadores,hard,pt,memoria-cache|arquitetura|cache-endereco,organizacao_computadores,canonical,cache-endereco,numeric,numeric,4,ALTA,17.0,1e-06,,False,,False,0,,generated:cache_address_split,low,2.0
org_c040,"Um sistema tem cache L1 com tempo de acerto de 1 ciclo(s) e taxa de falhas de 2%. As falhas de L1 vao para a L2, com tempo de acesso de 20 ciclos e taxa de falhas de 10%. Uma falha na L2 custa 80 ciclos. Qual e o tempo medio de acesso a memoria, em ciclos? Responda apenas com o valor numerico, arredondado a quatro casas decimais.",organizacao_computadores,hard,pt,memoria-cache|desempenho|amat,organizacao_computadores,canonical,amat,numeric,numeric,4,ALTA,1.56,0.001,,False,,False,0,,generated:amat_two_levels,low,2.0
bd_c001,Uma tabela A tem 12 linhas e uma tabela B tem 6 linhas. Quantas linhas retorna a consulta SELECT * FROM A CROSS JOIN B? Responda apenas com o numero.,projeto_bd,easy,pt,algebra-relacional|produto-cartesiano,projeto_bd,canonical,produto-cartesiano,numeric,numeric,1,BAIXA,72.0,1e-06,,False,,False,0,,generated:cross_join_cardinality,low,2.0
bd_c002,"Uma tabela tem 120 linhas, das quais 19 possuem a coluna nota igual a NULL. Quantas linhas retorna SELECT COUNT(nota) FROM tabela? Responda apenas com o numero.",projeto_bd,easy,pt,sql|null|semantica-de-null,projeto_bd,canonical,semantica-de-null,numeric,numeric,1,BAIXA,101.0,1e-06,,False,,False,0,,generated:count_with_nulls,low,2.0
bd_c003,Uma tabela apresenta um atributo nao primo que depende apenas de parte de uma chave primaria composta. Qual forma normal e violada? Responda apenas com o nome da forma normal.,projeto_bd,easy,pt,normalizacao|violacao-de-forma-normal,projeto_bd,canonical,violacao-de-forma-normal,exact,exact,1,BAIXA,"['2FN', 'segunda forma normal', '2NF']",,,False,,False,0,,generated:violation_first_normal_form,low,2.0
bd_c004,"Considere o esquema relacional abaixo:

departamento(id, nome, orcamento)
professor(id, nome, departamento_id -> departamento.id, salario)
aluno(id, nome, ano_ingresso, orientador_id -> professor.id, pode ser NULL)
disciplina(id, codigo, nome, creditos, departamento_id -> departamento.id)
matricula(aluno_id -> aluno.id, disciplina_id -> disciplina.id, semestre, nota, pode ser NULL)

Escreva uma consulta SQL que retorne a quantidade de alunos que ingressaram em 2022.",projeto_bd,easy,pt,sql|sql-agregacao-simples,projeto_bd,canonical,sql-agregacao-simples,sql,sql,1,BAIXA,SELECT COUNT(*) FROM aluno WHERE ano_ingresso = 2022,,,False,,False,0,,generated:simple_sql_count,low,2.0
bd_c005,"Em uma relacao com os atributos P e Q e a unica dependencia funcional P -> Q, qual e o fecho de {P}? Responda apenas com o conjunto de atributos.",projeto_bd,easy,pt,dependencias-funcionais|fecho-trivial,projeto_bd,canonical,fecho-trivial,set,set,1,BAIXA,"['P', 'Q']",,,False,,False,0,,generated:trivial_closure,low,2.0
bd_c006,"Considere a relacao R(A, B, C, D, E) com as dependencias funcionais: A -> BC; B -> D; D -> E. Qual e o fecho de {D}? Responda apenas com o conjunto de atributos.",projeto_bd,medium,pt,dependencias-funcionais|normalizacao|fecho-de-atributos,projeto_bd,canonical,fecho-de-atributos,set,set,3,MEDIA,"['D', 'E']",,,False,,False,0,,generated:attribute_closure,low,2.0
bd_c007,"Considere a relacao R(A, B, C, D, E) com as dependencias funcionais: A -> BC; B -> D; D -> E. Qual e a unica chave candidata de R? Responda apenas com o conjunto de atributos.",projeto_bd,hard,pt,dependencias-funcionais|chaves|chave-candidata,projeto_bd,canonical,chave-candidata,set,set,4,ALTA,['A'],,,False,,False,0,,generated:single_candidate_key,low,2.0
bd_c008,"Considere a relacao R(A, B, C, D, E), com atributos atomicos, e as dependencias funcionais: AB -> CDE; C -> D. Qual e a forma normal mais alta que R satisfaz? Responda apenas com o nome da forma normal.",projeto_bd,hard,pt,normalizacao|diagnostico-de-forma-normal,projeto_bd,canonical,diagnostico-de-forma-normal,exact,exact,4,ALTA,"['2FN', '2NF', 'segunda forma normal']",,,False,,False,0,,generated:normal_form_diagnosis,low,2.0
bd_c009,"Considere R(A, B, C, D, E) com as dependencias funcionais: AB -> C; A -> D; D -> E. A decomposicao em R1(A, B, C, D, E) e R2(E) e uma decomposicao sem perdas? Responda apenas SIM ou NAO.",projeto_bd,medium,pt,normalizacao|decomposicao|decomposicao-sem-perdas,projeto_bd,canonical,decomposicao-sem-perdas,exact,exact,3,MEDIA,"['SIM', 'sem perda', 'lossless']",,,False,,False,0,,generated:lossless_decomposition,low,2.0
bd_c010,"Considere o esquema relacional abaixo:

departamento(id, nome, orcamento)
professor(id, nome, departamento_id -> departamento.id, salario)
aluno(id, nome, ano_ingresso, orientador_id -> professor.id, pode ser NULL)
disciplina(id, codigo, nome, creditos, departamento_id -> departamento.id)
matricula(aluno_id -> aluno.id, disciplina_id -> disciplina.id, semestre, nota, pode ser NULL)

Escreva uma consulta SQL que retorne o codigo de cada disciplina e a media das notas lancadas, considerando apenas disciplinas cuja media seja maior ou igual a 7.",projeto_bd,hard,pt,sql|sql-media-having,projeto_bd,canonical,sql-media-having,sql,sql,4,ALTA,"SELECT d.codigo, AVG(m.nota) FROM disciplina d JOIN matricula m ON m.disciplina_id = d.id WHERE m.nota IS NOT NULL GROUP BY d.codigo HAVING AVG(m.nota) >= 7",,,False,,False,0,,generated:sql_query_task,low,2.0
bd_c011,"Projete o modelo conceitual (entidades, atributos e relacionamentos com cardinalidades) para uma escola tecnica com turmas e avaliacoes. Justifique as chaves primarias escolhidas e indique um ponto do modelo em que a normalizacao ate a 3FN altera o desenho.",projeto_bd,hard,pt,modelagem|normalizacao|modelagem-conceitual,projeto_bd,canonical,modelagem-conceitual,rubric,rubric,4,ALTA,,,,False,,False,0,"Identifica as entidades centrais do dominio (turma, disciplina, avaliacao, matricula) | Atribui cardinalidades coerentes a cada relacionamento | Justifica cada chave primaria em termos de identificacao unica | Resolve ao menos um relacionamento N:N com entidade associativa | Aponta uma dependencia transitiva concreta e o efeito da 3FN sobre ela",generated:conceptual_modeling,low,2.0
bd_c012,Uma tabela A tem 40 linhas e uma tabela B tem 15 linhas. Quantas linhas retorna a consulta SELECT * FROM A CROSS JOIN B? Responda apenas com o numero.,projeto_bd,easy,pt,algebra-relacional|produto-cartesiano,projeto_bd,canonical,produto-cartesiano,numeric,numeric,1,BAIXA,600.0,1e-06,,False,,False,0,,generated:cross_join_cardinality,low,2.0
bd_c013,"Uma tabela tem 60 linhas, das quais 7 possuem a coluna nota igual a NULL. Quantas linhas retorna SELECT COUNT(nota) FROM tabela? Responda apenas com o numero.",projeto_bd,easy,pt,sql|null|semantica-de-null,projeto_bd,canonical,semantica-de-null,numeric,numeric,1,BAIXA,53.0,1e-06,,False,,False,0,,generated:count_with_nulls,low,2.0
bd_c014,Uma tabela apresenta uma coluna telefones que armazena varios numeros separados por virgula. Qual forma normal e violada? Responda apenas com o nome da forma normal.,projeto_bd,easy,pt,normalizacao|violacao-de-forma-normal,projeto_bd,canonical,violacao-de-forma-normal,exact,exact,1,BAIXA,"['1FN', 'primeira forma normal', '1NF']",,,False,,False,0,,generated:violation_first_normal_form,low,2.0
bd_c015,"Considere o esquema relacional abaixo:

departamento(id, nome, orcamento)
professor(id, nome, departamento_id -> departamento.id, salario)
aluno(id, nome, ano_ingresso, orientador_id -> professor.id, pode ser NULL)
disciplina(id, codigo, nome, creditos, departamento_id -> departamento.id)
matricula(aluno_id -> aluno.id, disciplina_id -> disciplina.id, semestre, nota, pode ser NULL)

Escreva uma consulta SQL que retorne a quantidade de alunos que ingressaram em 2024.",projeto_bd,easy,pt,sql|sql-agregacao-simples,projeto_bd,canonical,sql-agregacao-simples,sql,sql,1,BAIXA,SELECT COUNT(*) FROM aluno WHERE ano_ingresso = 2024,,,False,,False,0,,generated:simple_sql_count,low,2.0
bd_c016,"Em uma relacao com os atributos A e B e a unica dependencia funcional A -> B, qual e o fecho de {A}? Responda apenas com o conjunto de atributos.",projeto_bd,easy,pt,dependencias-funcionais|fecho-trivial,projeto_bd,canonical,fecho-trivial,set,set,1,BAIXA,"['A', 'B']",,,False,,False,0,,generated:trivial_closure,low,2.0
bd_c017,"Considere a relacao R(A, B, C, D, E) com as dependencias funcionais: A -> BCDE. Qual e o fecho de {A}? Responda apenas com o conjunto de atributos.",projeto_bd,medium,pt,dependencias-funcionais|normalizacao|fecho-de-atributos,projeto_bd,canonical,fecho-de-atributos,set,set,3,MEDIA,"['A', 'B', 'C', 'D', 'E']",,,False,,False,0,,generated:attribute_closure,low,2.0
bd_c018,"Considere a relacao R(A, B, C, D, E) com as dependencias funcionais: AB -> CDE; C -> D. Qual e a unica chave candidata de R? Responda apenas com o conjunto de atributos.",projeto_bd,hard,pt,dependencias-funcionais|chaves|chave-candidata,projeto_bd,canonical,chave-candidata,set,set,4,ALTA,"['A', 'B']",,,False,,False,0,,generated:single_candidate_key,low,2.0
bd_c019,"Considere a relacao R(A, B, C, D, E), com atributos atomicos, e as dependencias funcionais: A -> B; BC -> D; D -> AE. Qual e a forma normal mais alta que R satisfaz? Responda apenas com o nome da forma normal.",projeto_bd,hard,pt,normalizacao|diagnostico-de-forma-normal,projeto_bd,canonical,diagnostico-de-forma-normal,exact,exact,4,ALTA,"['1FN', '1NF', 'primeira forma normal']",,,False,,False,0,,generated:normal_form_diagnosis,low,2.0
bd_c020,"Considere R(A, B, C, D, E) com as dependencias funcionais: AB -> CD; A -> E; E -> C. A decomposicao em R1(A, B) e R2(B, C, D, E) e uma decomposicao sem perdas? Responda apenas SIM ou NAO.",projeto_bd,medium,pt,normalizacao|decomposicao|decomposicao-sem-perdas,projeto_bd,canonical,decomposicao-sem-perdas,exact,exact,3,MEDIA,"['NAO', 'com perda', 'lossy']",,,False,,False,0,,generated:lossless_decomposition,low,2.0
bd_c021,"Considere o esquema relacional abaixo:

departamento(id, nome, orcamento)
professor(id, nome, departamento_id -> departamento.id, salario)
aluno(id, nome, ano_ingresso, orientador_id -> professor.id, pode ser NULL)
disciplina(id, codigo, nome, creditos, departamento_id -> departamento.id)
matricula(aluno_id -> aluno.id, disciplina_id -> disciplina.id, semestre, nota, pode ser NULL)

Escreva uma consulta SQL que retorne o nome de cada departamento e a quantidade de disciplinas que ele oferece, incluindo departamentos sem disciplinas.",projeto_bd,hard,pt,sql|sql-departamento-agregado,projeto_bd,canonical,sql-departamento-agregado,sql,sql,4,ALTA,"SELECT dep.nome, COUNT(d.id) FROM departamento dep LEFT JOIN disciplina d ON d.departamento_id = dep.id GROUP BY dep.nome",,,False,,False,0,,generated:sql_query_task,low,2.0
bd_c022,"Projete o modelo conceitual (entidades, atributos e relacionamentos com cardinalidades) para uma biblioteca universitaria com emprestimos e reservas. Justifique as chaves primarias escolhidas e indique um ponto do modelo em que a normalizacao ate a 3FN altera o desenho.",projeto_bd,hard,pt,modelagem|normalizacao|modelagem-conceitual,projeto_bd,canonical,modelagem-conceitual,rubric,rubric,4,ALTA,,,,False,,False,0,"Identifica as entidades centrais do dominio (acervo, exemplar, usuario, emprestimo) | Atribui cardinalidades coerentes a cada relacionamento | Justifica cada chave primaria em termos de identificacao unica | Resolve ao menos um relacionamento N:N com entidade associativa | Aponta uma dependencia transitiva concreta e o efeito da 3FN sobre ela",generated:conceptual_modeling,low,2.0
bd_c023,Uma tabela A tem 12 linhas e uma tabela B tem 3 linhas. Quantas linhas retorna a consulta SELECT * FROM A CROSS JOIN B? Responda apenas com o numero.,projeto_bd,easy,pt,algebra-relacional|produto-cartesiano,projeto_bd,canonical,produto-cartesiano,numeric,numeric,1,BAIXA,36.0,1e-06,,False,,False,0,,generated:cross_join_cardinality,low,2.0
bd_c024,"Uma tabela tem 200 linhas, das quais 3 possuem a coluna nota igual a NULL. Quantas linhas retorna SELECT COUNT(nota) FROM tabela? Responda apenas com o numero.",projeto_bd,easy,pt,sql|null|semantica-de-null,projeto_bd,canonical,semantica-de-null,numeric,numeric,1,BAIXA,197.0,1e-06,,False,,False,0,,generated:count_with_nulls,low,2.0
bd_c025,Uma tabela apresenta um atributo nao primo que depende de outro atributo nao primo. Qual forma normal e violada? Responda apenas com o nome da forma normal.,projeto_bd,easy,pt,normalizacao|violacao-de-forma-normal,projeto_bd,canonical,violacao-de-forma-normal,exact,exact,1,BAIXA,"['3FN', 'terceira forma normal', '3NF']",,,False,,False,0,,generated:violation_first_normal_form,low,2.0
bd_c026,"Considere o esquema relacional abaixo:

departamento(id, nome, orcamento)
professor(id, nome, departamento_id -> departamento.id, salario)
aluno(id, nome, ano_ingresso, orientador_id -> professor.id, pode ser NULL)
disciplina(id, codigo, nome, creditos, departamento_id -> departamento.id)
matricula(aluno_id -> aluno.id, disciplina_id -> disciplina.id, semestre, nota, pode ser NULL)

Escreva uma consulta SQL que retorne a quantidade de alunos que ingressaram em 2023.",projeto_bd,easy,pt,sql|sql-agregacao-simples,projeto_bd,canonical,sql-agregacao-simples,sql,sql,1,BAIXA,SELECT COUNT(*) FROM aluno WHERE ano_ingresso = 2023,,,False,,False,0,,generated:simple_sql_count,low,2.0
bd_c027,"Em uma relacao com os atributos C e D e a unica dependencia funcional C -> D, qual e o fecho de {C}? Responda apenas com o conjunto de atributos.",projeto_bd,easy,pt,dependencias-funcionais|fecho-trivial,projeto_bd,canonical,fecho-trivial,set,set,1,BAIXA,"['C', 'D']",,,False,,False,0,,generated:trivial_closure,low,2.0
bd_c028,"Considere a relacao R(A, B, C, D, E) com as dependencias funcionais: A -> BCDE. Qual e o fecho de {B, C}? Responda apenas com o conjunto de atributos.",projeto_bd,medium,pt,dependencias-funcionais|normalizacao|fecho-de-atributos,projeto_bd,canonical,fecho-de-atributos,set,set,3,MEDIA,"['B', 'C']",,,False,,False,0,,generated:attribute_closure,low,2.0
bd_c029,"Considere a relacao R(A, B, C, D, E) com as dependencias funcionais: AB -> CD; A -> E; E -> C. Qual e a unica chave candidata de R? Responda apenas com o conjunto de atributos.",projeto_bd,hard,pt,dependencias-funcionais|chaves|chave-candidata,projeto_bd,canonical,chave-candidata,set,set,4,ALTA,"['A', 'B']",,,False,,False,0,,generated:single_candidate_key,low,2.0
bd_c030,"Considere a relacao R(A, B, C, D, E), com atributos atomicos, e as dependencias funcionais: AB -> C; A -> D; D -> E. Qual e a forma normal mais alta que R satisfaz? Responda apenas com o nome da forma normal.",projeto_bd,hard,pt,normalizacao|diagnostico-de-forma-normal,projeto_bd,canonical,diagnostico-de-forma-normal,exact,exact,4,ALTA,"['1FN', '1NF', 'primeira forma normal']",,,False,,False,0,,generated:normal_form_diagnosis,low,2.0
bd_c031,"Considere R(A, B, C, D, E) com as dependencias funcionais: AB -> CDE; C -> D. A decomposicao em R1(A, B, C) e R2(C, D, E) e uma decomposicao sem perdas? Responda apenas SIM ou NAO.",projeto_bd,medium,pt,normalizacao|decomposicao|decomposicao-sem-perdas,projeto_bd,canonical,decomposicao-sem-perdas,exact,exact,3,MEDIA,"['NAO', 'com perda', 'lossy']",,,False,,False,0,,generated:lossless_decomposition,low,2.0
bd_c032,"Considere o esquema relacional abaixo:

departamento(id, nome, orcamento)
professor(id, nome, departamento_id -> departamento.id, salario)
aluno(id, nome, ano_ingresso, orientador_id -> professor.id, pode ser NULL)
disciplina(id, codigo, nome, creditos, departamento_id -> departamento.id)
matricula(aluno_id -> aluno.id, disciplina_id -> disciplina.id, semestre, nota, pode ser NULL)

Escreva uma consulta SQL que retorne o nome do aluno com a maior media de notas, desconsiderando matriculas sem nota lancada.",projeto_bd,hard,pt,sql|sql-top-aluno,projeto_bd,canonical,sql-top-aluno,sql,sql,4,ALTA,"SELECT a.nome FROM aluno a JOIN matricula m ON m.aluno_id = a.id WHERE m.nota IS NOT NULL GROUP BY a.id, a.nome ORDER BY AVG(m.nota) DESC LIMIT 1",,,False,,False,0,,generated:sql_query_task,low,2.0
bd_c033,"Projete o modelo conceitual (entidades, atributos e relacionamentos com cardinalidades) para um laboratorio de informatica com reserva de maquinas. Justifique as chaves primarias escolhidas e indique um ponto do modelo em que a normalizacao ate a 3FN altera o desenho.",projeto_bd,hard,pt,modelagem|normalizacao|modelagem-conceitual,projeto_bd,canonical,modelagem-conceitual,rubric,rubric,4,ALTA,,,,False,,False,0,"Identifica as entidades centrais do dominio (maquina, sala, reserva, responsavel) | Atribui cardinalidades coerentes a cada relacionamento | Justifica cada chave primaria em termos de identificacao unica | Resolve ao menos um relacionamento N:N com entidade associativa | Aponta uma dependencia transitiva concreta e o efeito da 3FN sobre ela",generated:conceptual_modeling,low,2.0
bd_c034,Uma tabela A tem 25 linhas e uma tabela B tem 9 linhas. Quantas linhas retorna a consulta SELECT * FROM A CROSS JOIN B? Responda apenas com o numero.,projeto_bd,easy,pt,algebra-relacional|produto-cartesiano,projeto_bd,canonical,produto-cartesiano,numeric,numeric,1,BAIXA,225.0,1e-06,,False,,False,0,,generated:cross_join_cardinality,low,2.0
bd_c035,"Uma tabela tem 40 linhas, das quais 3 possuem a coluna nota igual a NULL. Quantas linhas retorna SELECT COUNT(nota) FROM tabela? Responda apenas com o numero.",projeto_bd,easy,pt,sql|null|semantica-de-null,projeto_bd,canonical,semantica-de-null,numeric,numeric,1,BAIXA,37.0,1e-06,,False,,False,0,,generated:count_with_nulls,low,2.0
bd_c036,"Em uma relacao com os atributos X e Y e a unica dependencia funcional X -> Y, qual e o fecho de {X}? Responda apenas com o conjunto de atributos.",projeto_bd,easy,pt,dependencias-funcionais|fecho-trivial,projeto_bd,canonical,fecho-trivial,set,set,1,BAIXA,"['X', 'Y']",,,False,,False,0,,generated:trivial_closure,low,2.0
bd_c037,"Considere a relacao R(A, B, C, D, E) com as dependencias funcionais: AB -> C; A -> D; D -> E. Qual e o fecho de {C}? Responda apenas com o conjunto de atributos.",projeto_bd,medium,pt,dependencias-funcionais|normalizacao|fecho-de-atributos,projeto_bd,canonical,fecho-de-atributos,set,set,3,MEDIA,['C'],,,False,,False,0,,generated:attribute_closure,low,2.0
bd_c038,"Considere a relacao R(A, B, C, D, E) com as dependencias funcionais: AB -> C; A -> D; D -> E. Qual e a unica chave candidata de R? Responda apenas com o conjunto de atributos.",projeto_bd,hard,pt,dependencias-funcionais|chaves|chave-candidata,projeto_bd,canonical,chave-candidata,set,set,4,ALTA,"['A', 'B']",,,False,,False,0,,generated:single_candidate_key,low,2.0
bd_c039,"Considere a relacao R(A, B, C, D, E), com atributos atomicos, e as dependencias funcionais: A -> BCDE. Qual e a forma normal mais alta que R satisfaz? Responda apenas com o nome da forma normal.",projeto_bd,hard,pt,normalizacao|diagnostico-de-forma-normal,projeto_bd,canonical,diagnostico-de-forma-normal,exact,exact,4,ALTA,"['BCNF', 'FNBC', 'Boyce-Codd']",,,False,,False,0,,generated:normal_form_diagnosis,low,2.0
bd_c040,"Considere R(A, B, C, D, E) com as dependencias funcionais: A -> BC; B -> D; D -> E. A decomposicao em R1(A, B) e R2(B, C, D, E) e uma decomposicao sem perdas? Responda apenas SIM ou NAO.",projeto_bd,medium,pt,normalizacao|decomposicao|decomposicao-sem-perdas,projeto_bd,canonical,decomposicao-sem-perdas,exact,exact,3,MEDIA,"['NAO', 'com perda', 'lossy']",,,False,,False,0,,generated:lossless_decomposition,low,2.0
org_v001,"A instituicao publicou um edital para renovacao do parque de maquinas. O processo previa visita tecnica, apresentacao de amostras e um periodo de testes em ambiente controlado. Durante a fase de testes, a equipe discutiu preferencias de gabinete, ruido dos ventiladores e facilidade de manutencao, pontos que costumam ser ignorados na comparacao puramente tecnica. O relatorio final recomendou padronizar os modelos por laboratorio, para simplificar o estoque de pecas de reposicao ao longo dos anos seguintes.

O laboratorio de informatica passou por uma reforma recente que incluiu a troca do piso elevado e a revisao completa da climatizacao. A equipe tecnica aproveitou a parada para reorganizar o cabeamento, que estava identificado de forma inconsistente desde a montagem original. Segundo o responsavel, a maior parte do tempo foi gasta com documentacao, e nao com a parte fisica. Ficou combinado que cada bancada tera uma etiqueta com o numero do ponto de rede, e que o inventario sera revisado no inicio de cada semestre letivo.

Feita essa contextualizacao, resolva o seguinte: Um arquivo de 16 GB e copiado para um disco com taxa sustentada de 550 MB/s. Considerando 1 GB = 1000 MB, quantos segundos leva a copia? Responda apenas com o valor numerico, arredondado a duas casas decimais.

Vale lembrar que o calendario academico pode sofrer ajustes e que eventuais mudancas serao comunicadas pelos canais oficiais da instituicao.",organizacao_computadores,easy,pt,armazenamento|desempenho|taxa-de-transferencia,organizacao_computadores,verbosity_trap,taxa-de-transferencia,numeric,numeric,1,BAIXA,29.09,0.001,org_c007,False,,False,183,,transform:pad_with_distractors:org_c007,low,2.0
mat_v002,"Durante a semana academica, um grupo de estudantes organizou uma oficina de resolucao de problemas. A oficina aconteceu no auditorio menor, que tem capacidade reduzida e por isso exigiu inscricao previa. Os organizadores relataram que a procura superou a expectativa e que pretendem repetir a atividade no proximo semestre, talvez com transmissao online. Um dos monitores observou que a maior dificuldade dos participantes nao estava nas contas, mas na leitura atenta do enunciado, tema que rendeu uma mesa-redonda no dia seguinte.

A coordenacao do curso reuniu-se na ultima quinta-feira para revisar o plano de ensino do semestre. Depois de uma discussao longa sobre a ordem dos topicos, ficou decidido que a lista de exercicios seria distribuida em formato impresso, ainda que boa parte da turma prefira o material digital. O professor responsavel comentou que, em turmas anteriores, os alunos costumavam resolver os exercicios em duplas, o que gerava discussoes produtivas mas atrasava a correcao. Houve tambem um debate sobre o horario de atendimento, que permanecera as tercas a tarde, na sala do bloco central, salvo em semanas de prova.

Feita essa contextualizacao, resolva o seguinte: Um capital de R$ 9600 e aplicado a juros simples de 2,50% ao mes durante 6 meses. Qual e o valor dos juros? Responda apenas com o valor numerico, arredondado a duas casas decimais.

Vale lembrar que o calendario academico pode sofrer ajustes e que eventuais mudancas serao comunicadas pelos canais oficiais da instituicao.",matematica,easy,pt,matematica-financeira|juros-simples,matematica,verbosity_trap,juros-simples,numeric,numeric,1,BAIXA,1440.0,0.001,mat_c024,False,,False,199,,transform:pad_with_distractors:mat_c024,low,2.0
bd_v003,"Durante a migracao do servidor, a equipe manteve o ambiente antigo em modo somente leitura por duas semanas, como precaucao. O plano de retorno foi escrito e testado, embora nunca tenha sido necessario aciona-lo. Os relatorios gerenciais passaram a ser emitidos pela manha, o que reduziu a concorrencia com o uso interativo. A equipe observou que a maior queixa dos usuarios nao era o tempo de resposta, mas a falta de aviso previo sobre janelas de manutencao, ponto incorporado ao procedimento operacional padrao.

A equipe de sistemas realizou uma reuniao de alinhamento com a secretaria academica para entender o fluxo de matricula. A conversa durou mais do que o previsto porque cada setor descrevia o mesmo processo com um vocabulario diferente. Ficou evidente que parte dos problemas relatados vinha de planilhas paralelas mantidas por cada coordenacao, e nao do sistema em si. Ao final, decidiu-se documentar o glossario antes de qualquer alteracao, e marcar uma segunda reuniao para validar os termos com os usuarios que operam o balcao.

Feita essa contextualizacao, resolva o seguinte: Em uma relacao com os atributos A e B e a unica dependencia funcional A -> B, qual e o fecho de {A}? Responda apenas com o conjunto de atributos.

Registre-se ainda que a bibliografia complementar permanece disponivel na biblioteca, com exemplares para consulta local.",projeto_bd,easy,pt,dependencias-funcionais|fecho-trivial,projeto_bd,verbosity_trap,fecho-trivial,set,set,1,BAIXA,"['A', 'B']",,bd_c016,False,,False,183,,transform:pad_with_distractors:bd_c016,low,2.0
mat_v004,"Durante a semana academica, um grupo de estudantes organizou uma oficina de resolucao de problemas. A oficina aconteceu no auditorio menor, que tem capacidade reduzida e por isso exigiu inscricao previa. Os organizadores relataram que a procura superou a expectativa e que pretendem repetir a atividade no proximo semestre, talvez com transmissao online. Um dos monitores observou que a maior dificuldade dos participantes nao estava nas contas, mas na leitura atenta do enunciado, tema que rendeu uma mesa-redonda no dia seguinte.

A coordenacao do curso reuniu-se na ultima quinta-feira para revisar o plano de ensino do semestre. Depois de uma discussao longa sobre a ordem dos topicos, ficou decidido que a lista de exercicios seria distribuida em formato impresso, ainda que boa parte da turma prefira o material digital. O professor responsavel comentou que, em turmas anteriores, os alunos costumavam resolver os exercicios em duplas, o que gerava discussoes produtivas mas atrasava a correcao. Houve tambem um debate sobre o horario de atendimento, que permanecera as tercas a tarde, na sala do bloco central, salvo em semanas de prova.

Feita essa contextualizacao, resolva o seguinte: Quanto e 27% de 240? Responda apenas com o valor numerico, arredondado a duas casas decimais.

Registre-se ainda que a bibliografia complementar permanece disponivel na biblioteca, com exemplares para consulta local.",matematica,easy,pt,aritmetica|porcentagem,matematica,verbosity_trap,porcentagem,numeric,numeric,1,BAIXA,64.8,0.001,mat_c017,False,,False,194,,transform:pad_with_distractors:mat_c017,low,2.0
mat_v005,"A coordenacao do curso reuniu-se na ultima quinta-feira para revisar o plano de ensino do semestre. Depois de uma discussao longa sobre a ordem dos topicos, ficou decidido que a lista de exercicios seria distribuida em formato impresso, ainda que boa parte da turma prefira o material digital. O professor responsavel comentou que, em turmas anteriores, os alunos costumavam resolver os exercicios em duplas, o que gerava discussoes produtivas mas atrasava a correcao. Houve tambem um debate sobre o horario de atendimento, que permanecera as tercas a tarde, na sala do bloco central, salvo em semanas de prova.

Durante a semana academica, um grupo de estudantes organizou uma oficina de resolucao de problemas. A oficina aconteceu no auditorio menor, que tem capacidade reduzida e por isso exigiu inscricao previa. Os organizadores relataram que a procura superou a expectativa e que pretendem repetir a atividade no proximo semestre, talvez com transmissao online. Um dos monitores observou que a maior dificuldade dos participantes nao estava nas contas, mas na leitura atenta do enunciado, tema que rendeu uma mesa-redonda no dia seguinte.

Feita essa contextualizacao, resolva o seguinte: Resolva a equacao 8x - 12 = 12. Responda apenas com o valor de x.

Vale lembrar que o calendario academico pode sofrer ajustes e que eventuais mudancas serao comunicadas pelos canais oficiais da instituicao.",matematica,easy,pt,algebra|equacao-linear,matematica,verbosity_trap,equacao-linear,numeric,numeric,1,BAIXA,3.0,1e-06,mat_c002,False,,False,199,,transform:pad_with_distractors:mat_c002,low,2.0
mat_v006,"Durante a semana academica, um grupo de estudantes organizou uma oficina de resolucao de problemas. A oficina aconteceu no auditorio menor, que tem capacidade reduzida e por isso exigiu inscricao previa. Os organizadores relataram que a procura superou a expectativa e que pretendem repetir a atividade no proximo semestre, talvez com transmissao online. Um dos monitores observou que a maior dificuldade dos participantes nao estava nas contas, mas na leitura atenta do enunciado, tema que rendeu uma mesa-redonda no dia seguinte.

A coordenacao do curso reuniu-se na ultima quinta-feira para revisar o plano de ensino do semestre. Depois de uma discussao longa sobre a ordem dos topicos, ficou decidido que a lista de exercicios seria distribuida em formato impresso, ainda que boa parte da turma prefira o material digital. O professor responsavel comentou que, em turmas anteriores, os alunos costumavam resolver os exercicios em duplas, o que gerava discussoes produtivas mas atrasava a correcao. Houve tambem um debate sobre o horario de atendimento, que permanecera as tercas a tarde, na sala do bloco central, salvo em semanas de prova.

Feita essa contextualizacao, resolva o seguinte: Calcule a media aritmetica dos valores: 66, 40, 67, 65, 46, 54. Responda apenas com o valor numerico, arredondado a duas casas decimais.

Vale lembrar que o calendario academico pode sofrer ajustes e que eventuais mudancas serao comunicadas pelos canais oficiais da instituicao.",matematica,easy,pt,estatistica|media-aritmetica,matematica,verbosity_trap,media-aritmetica,numeric,numeric,1,BAIXA,56.33,0.001,mat_c020,False,,False,199,,transform:pad_with_distractors:mat_c020,low,2.0
org_v007,"O laboratorio de informatica passou por uma reforma recente que incluiu a troca do piso elevado e a revisao completa da climatizacao. A equipe tecnica aproveitou a parada para reorganizar o cabeamento, que estava identificado de forma inconsistente desde a montagem original. Segundo o responsavel, a maior parte do tempo foi gasta com documentacao, e nao com a parte fisica. Ficou combinado que cada bancada tera uma etiqueta com o numero do ponto de rede, e que o inventario sera revisado no inicio de cada semestre letivo.

A instituicao publicou um edital para renovacao do parque de maquinas. O processo previa visita tecnica, apresentacao de amostras e um periodo de testes em ambiente controlado. Durante a fase de testes, a equipe discutiu preferencias de gabinete, ruido dos ventiladores e facilidade de manutencao, pontos que costumam ser ignorados na comparacao puramente tecnica. O relatorio final recomendou padronizar os modelos por laboratorio, para simplificar o estoque de pecas de reposicao ao longo dos anos seguintes.

Feita essa contextualizacao, resolva o seguinte: Uma montagem tem CPU de 95 W, GPU de 220 W e demais componentes somando 85 W. Qual e o consumo nominal total em watts? Responda apenas com o numero.

Vale lembrar que o calendario academico pode sofrer ajustes e que eventuais mudancas serao comunicadas pelos canais oficiais da instituicao.",organizacao_computadores,easy,pt,montagem|fonte|consumo-eletrico,organizacao_computadores,verbosity_trap,consumo-eletrico,numeric,numeric,1,BAIXA,400.0,1e-06,org_c038,False,,False,183,,transform:pad_with_distractors:org_c038,low,2.0
org_v008,"O laboratorio de informatica passou por uma reforma recente que incluiu a troca do piso elevado e a revisao completa da climatizacao. A equipe tecnica aproveitou a parada para reorganizar o cabeamento, que estava identificado de forma inconsistente desde a montagem original. Segundo o responsavel, a maior parte do tempo foi gasta com documentacao, e nao com a parte fisica. Ficou combinado que cada bancada tera uma etiqueta com o numero do ponto de rede, e que o inventario sera revisado no inicio de cada semestre letivo.

A instituicao publicou um edital para renovacao do parque de maquinas. O processo previa visita tecnica, apresentacao de amostras e um periodo de testes em ambiente controlado. Durante a fase de testes, a equipe discutiu preferencias de gabinete, ruido dos ventiladores e facilidade de manutencao, pontos que costumam ser ignorados na comparacao puramente tecnica. O relatorio final recomendou padronizar os modelos por laboratorio, para simplificar o estoque de pecas de reposicao ao longo dos anos seguintes.

Feita essa contextualizacao, resolva o seguinte: Uma cache usa blocos de 16 bytes. Quantos bits do endereco sao usados como deslocamento dentro do bloco? Responda apenas com o numero.

Observacao administrativa: este material foi revisado pela coordenacao e substitui as versoes anteriores distribuidas em sala.",organizacao_computadores,easy,pt,memoria-cache|cache-offset,organizacao_computadores,verbosity_trap,cache-offset,numeric,numeric,1,BAIXA,4.0,1e-06,org_c032,False,,False,179,,transform:pad_with_distractors:org_c032,low,2.0
org_v009,"O laboratorio de informatica passou por uma reforma recente que incluiu a troca do piso elevado e a revisao completa da climatizacao. A equipe tecnica aproveitou a parada para reorganizar o cabeamento, que estava identificado de forma inconsistente desde a montagem original. Segundo o responsavel, a maior parte do tempo foi gasta com documentacao, e nao com a parte fisica. Ficou combinado que cada bancada tera uma etiqueta com o numero do ponto de rede, e que o inventario sera revisado no inicio de cada semestre letivo.

A instituicao publicou um edital para renovacao do parque de maquinas. O processo previa visita tecnica, apresentacao de amostras e um periodo de testes em ambiente controlado. Durante a fase de testes, a equipe discutiu preferencias de gabinete, ruido dos ventiladores e facilidade de manutencao, pontos que costumam ser ignorados na comparacao puramente tecnica. O relatorio final recomendou padronizar os modelos por laboratorio, para simplificar o estoque de pecas de reposicao ao longo dos anos seguintes.

Feita essa contextualizacao, resolva o seguinte: Uma montagem tem CPU de 170 W, GPU de 75 W e demais componentes somando 70 W. Qual e o consumo nominal total em watts? Responda apenas com o numero.

Observacao administrativa: este material foi revisado pela coordenacao e substitui as versoes anteriores distribuidas em sala.",organizacao_computadores,easy,pt,montagem|fonte|consumo-eletrico,organizacao_computadores,verbosity_trap,consumo-eletrico,numeric,numeric,1,BAIXA,315.0,1e-06,org_c008,False,,False,179,,transform:pad_with_distractors:org_c008,low,2.0
org_v010,"O laboratorio de informatica passou por uma reforma recente que incluiu a troca do piso elevado e a revisao completa da climatizacao. A equipe tecnica aproveitou a parada para reorganizar o cabeamento, que estava identificado de forma inconsistente desde a montagem original. Segundo o responsavel, a maior parte do tempo foi gasta com documentacao, e nao com a parte fisica. Ficou combinado que cada bancada tera uma etiqueta com o numero do ponto de rede, e que o inventario sera revisado no inicio de cada semestre letivo.

A instituicao publicou um edital para renovacao do parque de maquinas. O processo previa visita tecnica, apresentacao de amostras e um periodo de testes em ambiente controlado. Durante a fase de testes, a equipe discutiu preferencias de gabinete, ruido dos ventiladores e facilidade de manutencao, pontos que costumam ser ignorados na comparacao puramente tecnica. O relatorio final recomendou padronizar os modelos por laboratorio, para simplificar o estoque de pecas de reposicao ao longo dos anos seguintes.

Feita essa contextualizacao, resolva o seguinte: Um arranjo RAID 10 e montado com 8 discos de 12 TB cada. Qual e a capacidade util em TB? Responda apenas com o numero.

Registre-se ainda que a bibliografia complementar permanece disponivel na biblioteca, com exemplares para consulta local.",organizacao_computadores,easy,pt,armazenamento|raid,organizacao_computadores,verbosity_trap,raid,numeric,numeric,1,BAIXA,48.0,1e-06,org_c005,False,,False,178,,transform:pad_with_distractors:org_c005,low,2.0
bd_v011,"A equipe de sistemas realizou uma reuniao de alinhamento com a secretaria academica para entender o fluxo de matricula. A conversa durou mais do que o previsto porque cada setor descrevia o mesmo processo com um vocabulario diferente. Ficou evidente que parte dos problemas relatados vinha de planilhas paralelas mantidas por cada coordenacao, e nao do sistema em si. Ao final, decidiu-se documentar o glossario antes de qualquer alteracao, e marcar uma segunda reuniao para validar os termos com os usuarios que operam o balcao.

Durante a migracao do servidor, a equipe manteve o ambiente antigo em modo somente leitura por duas semanas, como precaucao. O plano de retorno foi escrito e testado, embora nunca tenha sido necessario aciona-lo. Os relatorios gerenciais passaram a ser emitidos pela manha, o que reduziu a concorrencia com o uso interativo. A equipe observou que a maior queixa dos usuarios nao era o tempo de resposta, mas a falta de aviso previo sobre janelas de manutencao, ponto incorporado ao procedimento operacional padrao.

A coordenacao do curso reuniu-se na ultima quinta-feira para revisar o plano de ensino do semestre. Depois de uma discussao longa sobre a ordem dos topicos, ficou decidido que a lista de exercicios seria distribuida em formato impresso, ainda que boa parte da turma prefira o material digital. O professor responsavel comentou que, em turmas anteriores, os alunos costumavam resolver os exercicios em duplas, o que gerava discussoes produtivas mas atrasava a correcao. Houve tambem um debate sobre o horario de atendimento, que permanecera as tercas a tarde, na sala do bloco central, salvo em semanas de prova.

Feita essa contextualizacao, resolva o seguinte: Considere o esquema relacional abaixo:

departamento(id, nome, orcamento)
professor(id, nome, departamento_id -> departamento.id, salario)
aluno(id, nome, ano_ingresso, orientador_id -> professor.id, pode ser NULL)
disciplina(id, codigo, nome, creditos, departamento_id -> departamento.id)
matricula(aluno_id -> aluno.id, disciplina_id -> disciplina.id, semestre, nota, pode ser NULL)

Escreva uma consulta SQL que retorne a quantidade de alunos que ingressaram em 2024.

Vale lembrar que o calendario academico pode sofrer ajustes e que eventuais mudancas serao comunicadas pelos canais oficiais da instituicao.",projeto_bd,easy,pt,sql|sql-agregacao-simples,projeto_bd,verbosity_trap,sql-agregacao-simples,sql,sql,1,BAIXA,SELECT COUNT(*) FROM aluno WHERE ano_ingresso = 2024,,bd_c015,False,,False,286,,transform:pad_with_distractors:bd_c015,low,2.0
org_v012,"O laboratorio de informatica passou por uma reforma recente que incluiu a troca do piso elevado e a revisao completa da climatizacao. A equipe tecnica aproveitou a parada para reorganizar o cabeamento, que estava identificado de forma inconsistente desde a montagem original. Segundo o responsavel, a maior parte do tempo foi gasta com documentacao, e nao com a parte fisica. Ficou combinado que cada bancada tera uma etiqueta com o numero do ponto de rede, e que o inventario sera revisado no inicio de cada semestre letivo.

A instituicao publicou um edital para renovacao do parque de maquinas. O processo previa visita tecnica, apresentacao de amostras e um periodo de testes em ambiente controlado. Durante a fase de testes, a equipe discutiu preferencias de gabinete, ruido dos ventiladores e facilidade de manutencao, pontos que costumam ser ignorados na comparacao puramente tecnica. O relatorio final recomendou padronizar os modelos por laboratorio, para simplificar o estoque de pecas de reposicao ao longo dos anos seguintes.

Feita essa contextualizacao, resolva o seguinte: Uma memoria possui 262144 palavras enderecaveis. Quantas linhas de endereco sao necessarias? Responda apenas com o numero.

Observacao administrativa: este material foi revisado pela coordenacao e substitui as versoes anteriores distribuidas em sala.",organizacao_computadores,easy,pt,memoria|barramento-de-endereco,organizacao_computadores,verbosity_trap,barramento-de-endereco,numeric,numeric,1,BAIXA,18.0,1e-06,org_c003,False,,False,179,,transform:pad_with_distractors:org_c003,low,2.0
mat_v013,"Durante a semana academica, um grupo de estudantes organizou uma oficina de resolucao de problemas. A oficina aconteceu no auditorio menor, que tem capacidade reduzida e por isso exigiu inscricao previa. Os organizadores relataram que a procura superou a expectativa e que pretendem repetir a atividade no proximo semestre, talvez com transmissao online. Um dos monitores observou que a maior dificuldade dos participantes nao estava nas contas, mas na leitura atenta do enunciado, tema que rendeu uma mesa-redonda no dia seguinte.

A coordenacao do curso reuniu-se na ultima quinta-feira para revisar o plano de ensino do semestre. Depois de uma discussao longa sobre a ordem dos topicos, ficou decidido que a lista de exercicios seria distribuida em formato impresso, ainda que boa parte da turma prefira o material digital. O professor responsavel comentou que, em turmas anteriores, os alunos costumavam resolver os exercicios em duplas, o que gerava discussoes produtivas mas atrasava a correcao. Houve tambem um debate sobre o horario de atendimento, que permanecera as tercas a tarde, na sala do bloco central, salvo em semanas de prova.

Feita essa contextualizacao, resolva o seguinte: Calcule a media aritmetica dos valores: 33, 89, 31, 95, 74, 24, 23. Responda apenas com o valor numerico, arredondado a duas casas decimais.

Observacao administrativa: este material foi revisado pela coordenacao e substitui as versoes anteriores distribuidas em sala.",matematica,easy,pt,estatistica|media-aritmetica,matematica,verbosity_trap,media-aritmetica,numeric,numeric,1,BAIXA,52.71,0.001,mat_c004,False,,False,195,,transform:pad_with_distractors:mat_c004,low,2.0
mat_v014,"Durante a semana academica, um grupo de estudantes organizou uma oficina de resolucao de problemas. A oficina aconteceu no auditorio menor, que tem capacidade reduzida e por isso exigiu inscricao previa. Os organizadores relataram que a procura superou a expectativa e que pretendem repetir a atividade no proximo semestre, talvez com transmissao online. Um dos monitores observou que a maior dificuldade dos participantes nao estava nas contas, mas na leitura atenta do enunciado, tema que rendeu uma mesa-redonda no dia seguinte.

A coordenacao do curso reuniu-se na ultima quinta-feira para revisar o plano de ensino do semestre. Depois de uma discussao longa sobre a ordem dos topicos, ficou decidido que a lista de exercicios seria distribuida em formato impresso, ainda que boa parte da turma prefira o material digital. O professor responsavel comentou que, em turmas anteriores, os alunos costumavam resolver os exercicios em duplas, o que gerava discussoes produtivas mas atrasava a correcao. Houve tambem um debate sobre o horario de atendimento, que permanecera as tercas a tarde, na sala do bloco central, salvo em semanas de prova.

Feita essa contextualizacao, resolva o seguinte: Uma urna contem 9 bolas vermelhas, 8 azuis e 5 verdes. Retirando uma bola ao acaso, qual e a probabilidade de ser vermelha? Responda apenas com o valor numerico, arredondado a quatro casas decimais.

Observacao administrativa: este material foi revisado pela coordenacao e substitui as versoes anteriores distribuidas em sala.",matematica,easy,pt,probabilidade|probabilidade-simples,matematica,verbosity_trap,probabilidade-simples,numeric,numeric,1,BAIXA,0.4091,0.001,mat_c023,False,,False,195,,transform:pad_with_distractors:mat_c023,low,2.0
org_v015,"O laboratorio de informatica passou por uma reforma recente que incluiu a troca do piso elevado e a revisao completa da climatizacao. A equipe tecnica aproveitou a parada para reorganizar o cabeamento, que estava identificado de forma inconsistente desde a montagem original. Segundo o responsavel, a maior parte do tempo foi gasta com documentacao, e nao com a parte fisica. Ficou combinado que cada bancada tera uma etiqueta com o numero do ponto de rede, e que o inventario sera revisado no inicio de cada semestre letivo.

A instituicao publicou um edital para renovacao do parque de maquinas. O processo previa visita tecnica, apresentacao de amostras e um periodo de testes em ambiente controlado. Durante a fase de testes, a equipe discutiu preferencias de gabinete, ruido dos ventiladores e facilidade de manutencao, pontos que costumam ser ignorados na comparacao puramente tecnica. O relatorio final recomendou padronizar os modelos por laboratorio, para simplificar o estoque de pecas de reposicao ao longo dos anos seguintes.

Feita essa contextualizacao, resolva o seguinte: Uma montagem tem CPU de 65 W, GPU de 75 W e demais componentes somando 40 W. Qual e o consumo nominal total em watts? Responda apenas com o numero.

Vale lembrar que o calendario academico pode sofrer ajustes e que eventuais mudancas serao comunicadas pelos canais oficiais da instituicao.",organizacao_computadores,easy,pt,montagem|fonte|consumo-eletrico,organizacao_computadores,verbosity_trap,consumo-eletrico,numeric,numeric,1,BAIXA,180.0,1e-06,org_c023,False,,False,183,,transform:pad_with_distractors:org_c023,low,2.0
org_v016,"O laboratorio de informatica passou por uma reforma recente que incluiu a troca do piso elevado e a revisao completa da climatizacao. A equipe tecnica aproveitou a parada para reorganizar o cabeamento, que estava identificado de forma inconsistente desde a montagem original. Segundo o responsavel, a maior parte do tempo foi gasta com documentacao, e nao com a parte fisica. Ficou combinado que cada bancada tera uma etiqueta com o numero do ponto de rede, e que o inventario sera revisado no inicio de cada semestre letivo.

A instituicao publicou um edital para renovacao do parque de maquinas. O processo previa visita tecnica, apresentacao de amostras e um periodo de testes em ambiente controlado. Durante a fase de testes, a equipe discutiu preferencias de gabinete, ruido dos ventiladores e facilidade de manutencao, pontos que costumam ser ignorados na comparacao puramente tecnica. O relatorio final recomendou padronizar os modelos por laboratorio, para simplificar o estoque de pecas de reposicao ao longo dos anos seguintes.

Feita essa contextualizacao, resolva o seguinte: Um processador opera a 1,6 GHz. Qual e o periodo de clock em nanossegundos? Responda apenas com o valor numerico, arredondado a quatro casas decimais.

Registre-se ainda que a bibliografia complementar permanece disponivel na biblioteca, com exemplares para consulta local.",organizacao_computadores,easy,pt,desempenho|periodo-de-clock,organizacao_computadores,verbosity_trap,periodo-de-clock,numeric,numeric,1,BAIXA,0.625,0.001,org_c034,False,,False,178,,transform:pad_with_distractors:org_c034,low,2.0
org_v017,"O laboratorio de informatica passou por uma reforma recente que incluiu a troca do piso elevado e a revisao completa da climatizacao. A equipe tecnica aproveitou a parada para reorganizar o cabeamento, que estava identificado de forma inconsistente desde a montagem original. Segundo o responsavel, a maior parte do tempo foi gasta com documentacao, e nao com a parte fisica. Ficou combinado que cada bancada tera uma etiqueta com o numero do ponto de rede, e que o inventario sera revisado no inicio de cada semestre letivo.

A instituicao publicou um edital para renovacao do parque de maquinas. O processo previa visita tecnica, apresentacao de amostras e um periodo de testes em ambiente controlado. Durante a fase de testes, a equipe discutiu preferencias de gabinete, ruido dos ventiladores e facilidade de manutencao, pontos que costumam ser ignorados na comparacao puramente tecnica. O relatorio final recomendou padronizar os modelos por laboratorio, para simplificar o estoque de pecas de reposicao ao longo dos anos seguintes.

Feita essa contextualizacao, resolva o seguinte: Um processador opera a 2,8 GHz. Qual e o periodo de clock em nanossegundos? Responda apenas com o valor numerico, arredondado a quatro casas decimais.

Observacao administrativa: este material foi revisado pela coordenacao e substitui as versoes anteriores distribuidas em sala.",organizacao_computadores,easy,pt,desempenho|periodo-de-clock,organizacao_computadores,verbosity_trap,periodo-de-clock,numeric,numeric,1,BAIXA,0.3571,0.001,org_c019,False,,False,179,,transform:pad_with_distractors:org_c019,low,2.0
org_v018,"O laboratorio de informatica passou por uma reforma recente que incluiu a troca do piso elevado e a revisao completa da climatizacao. A equipe tecnica aproveitou a parada para reorganizar o cabeamento, que estava identificado de forma inconsistente desde a montagem original. Segundo o responsavel, a maior parte do tempo foi gasta com documentacao, e nao com a parte fisica. Ficou combinado que cada bancada tera uma etiqueta com o numero do ponto de rede, e que o inventario sera revisado no inicio de cada semestre letivo.

A instituicao publicou um edital para renovacao do parque de maquinas. O processo previa visita tecnica, apresentacao de amostras e um periodo de testes em ambiente controlado. Durante a fase de testes, a equipe discutiu preferencias de gabinete, ruido dos ventiladores e facilidade de manutencao, pontos que costumam ser ignorados na comparacao puramente tecnica. O relatorio final recomendou padronizar os modelos por laboratorio, para simplificar o estoque de pecas de reposicao ao longo dos anos seguintes.

Feita essa contextualizacao, resolva o seguinte: Uma cache usa blocos de 32 bytes. Quantos bits do endereco sao usados como deslocamento dentro do bloco? Responda apenas com o numero.

Observacao administrativa: este material foi revisado pela coordenacao e substitui as versoes anteriores distribuidas em sala.",organizacao_computadores,easy,pt,memoria-cache|cache-offset,organizacao_computadores,verbosity_trap,cache-offset,numeric,numeric,1,BAIXA,5.0,1e-06,org_c002,False,,False,179,,transform:pad_with_distractors:org_c002,low,2.0
mat_v019,"Durante a semana academica, um grupo de estudantes organizou uma oficina de resolucao de problemas. A oficina aconteceu no auditorio menor, que tem capacidade reduzida e por isso exigiu inscricao previa. Os organizadores relataram que a procura superou a expectativa e que pretendem repetir a atividade no proximo semestre, talvez com transmissao online. Um dos monitores observou que a maior dificuldade dos participantes nao estava nas contas, mas na leitura atenta do enunciado, tema que rendeu uma mesa-redonda no dia seguinte.

A coordenacao do curso reuniu-se na ultima quinta-feira para revisar o plano de ensino do semestre. Depois de uma discussao longa sobre a ordem dos topicos, ficou decidido que a lista de exercicios seria distribuida em formato impresso, ainda que boa parte da turma prefira o material digital. O professor responsavel comentou que, em turmas anteriores, os alunos costumavam resolver os exercicios em duplas, o que gerava discussoes produtivas mas atrasava a correcao. Houve tambem um debate sobre o horario de atendimento, que permanecera as tercas a tarde, na sala do bloco central, salvo em semanas de prova.

Feita essa contextualizacao, resolva o seguinte: Uma circunferencia tem raio 18 cm. Qual e a sua area em cm2? Use pi = 3,14159. Responda apenas com o valor numerico, arredondado a duas casas decimais.

Vale lembrar que o calendario academico pode sofrer ajustes e que eventuais mudancas serao comunicadas pelos canais oficiais da instituicao.",matematica,easy,pt,geometria|geometria-plana,matematica,verbosity_trap,geometria-plana,numeric,numeric,1,BAIXA,1017.88,0.001,mat_c035,False,,False,199,,transform:pad_with_distractors:mat_c035,low,2.0
mat_v020,"A coordenacao do curso reuniu-se na ultima quinta-feira para revisar o plano de ensino do semestre. Depois de uma discussao longa sobre a ordem dos topicos, ficou decidido que a lista de exercicios seria distribuida em formato impresso, ainda que boa parte da turma prefira o material digital. O professor responsavel comentou que, em turmas anteriores, os alunos costumavam resolver os exercicios em duplas, o que gerava discussoes produtivas mas atrasava a correcao. Houve tambem um debate sobre o horario de atendimento, que permanecera as tercas a tarde, na sala do bloco central, salvo em semanas de prova.

Durante a semana academica, um grupo de estudantes organizou uma oficina de resolucao de problemas. A oficina aconteceu no auditorio menor, que tem capacidade reduzida e por isso exigiu inscricao previa. Os organizadores relataram que a procura superou a expectativa e que pretendem repetir a atividade no proximo semestre, talvez com transmissao online. Um dos monitores observou que a maior dificuldade dos participantes nao estava nas contas, mas na leitura atenta do enunciado, tema que rendeu uma mesa-redonda no dia seguinte.

Feita essa contextualizacao, resolva o seguinte: Seja f(x) = 5x^5. Qual e o valor de f'(3)? Responda apenas com o numero.

Registre-se ainda que a bibliografia complementar permanece disponivel na biblioteca, com exemplares para consulta local.",matematica,easy,pt,calculo|derivada,matematica,verbosity_trap,derivada,numeric,numeric,1,BAIXA,2025.0,1e-06,mat_c006,False,,False,194,,transform:pad_with_distractors:mat_c006,low,2.0
bd_v021,"Durante a migracao do servidor, a equipe manteve o ambiente antigo em modo somente leitura por duas semanas, como precaucao. O plano de retorno foi escrito e testado, embora nunca tenha sido necessario aciona-lo. Os relatorios gerenciais passaram a ser emitidos pela manha, o que reduziu a concorrencia com o uso interativo. A equipe observou que a maior queixa dos usuarios nao era o tempo de resposta, mas a falta de aviso previo sobre janelas de manutencao, ponto incorporado ao procedimento operacional padrao.

A equipe de sistemas realizou uma reuniao de alinhamento com a secretaria academica para entender o fluxo de matricula. A conversa durou mais do que o previsto porque cada setor descrevia o mesmo processo com um vocabulario diferente. Ficou evidente que parte dos problemas relatados vinha de planilhas paralelas mantidas por cada coordenacao, e nao do sistema em si. Ao final, decidiu-se documentar o glossario antes de qualquer alteracao, e marcar uma segunda reuniao para validar os termos com os usuarios que operam o balcao.

Feita essa contextualizacao, resolva o seguinte: Uma tabela A tem 40 linhas e uma tabela B tem 15 linhas. Quantas linhas retorna a consulta SELECT * FROM A CROSS JOIN B? Responda apenas com o numero.

Observacao administrativa: este material foi revisado pela coordenacao e substitui as versoes anteriores distribuidas em sala.",projeto_bd,easy,pt,algebra-relacional|produto-cartesiano,projeto_bd,verbosity_trap,produto-cartesiano,numeric,numeric,1,BAIXA,600.0,1e-06,bd_c012,False,,False,184,,transform:pad_with_distractors:bd_c012,low,2.0
org_v022,"A instituicao publicou um edital para renovacao do parque de maquinas. O processo previa visita tecnica, apresentacao de amostras e um periodo de testes em ambiente controlado. Durante a fase de testes, a equipe discutiu preferencias de gabinete, ruido dos ventiladores e facilidade de manutencao, pontos que costumam ser ignorados na comparacao puramente tecnica. O relatorio final recomendou padronizar os modelos por laboratorio, para simplificar o estoque de pecas de reposicao ao longo dos anos seguintes.

O laboratorio de informatica passou por uma reforma recente que incluiu a troca do piso elevado e a revisao completa da climatizacao. A equipe tecnica aproveitou a parada para reorganizar o cabeamento, que estava identificado de forma inconsistente desde a montagem original. Segundo o responsavel, a maior parte do tempo foi gasta com documentacao, e nao com a parte fisica. Ficou combinado que cada bancada tera uma etiqueta com o numero do ponto de rede, e que o inventario sera revisado no inicio de cada semestre letivo.

Feita essa contextualizacao, resolva o seguinte: Uma placa-mae recebe 2 modulos de 16 GB cada. Qual e a memoria total instalada em GB? Responda apenas com o numero.

Vale lembrar que o calendario academico pode sofrer ajustes e que eventuais mudancas serao comunicadas pelos canais oficiais da instituicao.",organizacao_computadores,easy,pt,montagem|capacidade-de-memoria,organizacao_computadores,verbosity_trap,capacidade-de-memoria,numeric,numeric,1,BAIXA,32.0,1e-06,org_c006,False,,False,183,,transform:pad_with_distractors:org_c006,low,2.0
bd_v023,"A equipe de sistemas realizou uma reuniao de alinhamento com a secretaria academica para entender o fluxo de matricula. A conversa durou mais do que o previsto porque cada setor descrevia o mesmo processo com um vocabulario diferente. Ficou evidente que parte dos problemas relatados vinha de planilhas paralelas mantidas por cada coordenacao, e nao do sistema em si. Ao final, decidiu-se documentar o glossario antes de qualquer alteracao, e marcar uma segunda reuniao para validar os termos com os usuarios que operam o balcao.

Durante a migracao do servidor, a equipe manteve o ambiente antigo em modo somente leitura por duas semanas, como precaucao. O plano de retorno foi escrito e testado, embora nunca tenha sido necessario aciona-lo. Os relatorios gerenciais passaram a ser emitidos pela manha, o que reduziu a concorrencia com o uso interativo. A equipe observou que a maior queixa dos usuarios nao era o tempo de resposta, mas a falta de aviso previo sobre janelas de manutencao, ponto incorporado ao procedimento operacional padrao.

O laboratorio de informatica passou por uma reforma recente que incluiu a troca do piso elevado e a revisao completa da climatizacao. A equipe tecnica aproveitou a parada para reorganizar o cabeamento, que estava identificado de forma inconsistente desde a montagem original. Segundo o responsavel, a maior parte do tempo foi gasta com documentacao, e nao com a parte fisica. Ficou combinado que cada bancada tera uma etiqueta com o numero do ponto de rede, e que o inventario sera revisado no inicio de cada semestre letivo.

Feita essa contextualizacao, resolva o seguinte: Considere o esquema relacional abaixo:

departamento(id, nome, orcamento)
professor(id, nome, departamento_id -> departamento.id, salario)
aluno(id, nome, ano_ingresso, orientador_id -> professor.id, pode ser NULL)
disciplina(id, codigo, nome, creditos, departamento_id -> departamento.id)
matricula(aluno_id -> aluno.id, disciplina_id -> disciplina.id, semestre, nota, pode ser NULL)

Escreva uma consulta SQL que retorne a quantidade de alunos que ingressaram em 2023.

Observacao administrativa: este material foi revisado pela coordenacao e substitui as versoes anteriores distribuidas em sala.",projeto_bd,easy,pt,sql|sql-agregacao-simples,projeto_bd,verbosity_trap,sql-agregacao-simples,sql,sql,1,BAIXA,SELECT COUNT(*) FROM aluno WHERE ano_ingresso = 2023,,bd_c026,False,,False,271,,transform:pad_with_distractors:bd_c026,low,2.0
org_v024,"O laboratorio de informatica passou por uma reforma recente que incluiu a troca do piso elevado e a revisao completa da climatizacao. A equipe tecnica aproveitou a parada para reorganizar o cabeamento, que estava identificado de forma inconsistente desde a montagem original. Segundo o responsavel, a maior parte do tempo foi gasta com documentacao, e nao com a parte fisica. Ficou combinado que cada bancada tera uma etiqueta com o numero do ponto de rede, e que o inventario sera revisado no inicio de cada semestre letivo.

A instituicao publicou um edital para renovacao do parque de maquinas. O processo previa visita tecnica, apresentacao de amostras e um periodo de testes em ambiente controlado. Durante a fase de testes, a equipe discutiu preferencias de gabinete, ruido dos ventiladores e facilidade de manutencao, pontos que costumam ser ignorados na comparacao puramente tecnica. O relatorio final recomendou padronizar os modelos por laboratorio, para simplificar o estoque de pecas de reposicao ao longo dos anos seguintes.

Feita essa contextualizacao, resolva o seguinte: Uma placa-mae recebe 2 modulos de 8 GB cada. Qual e a memoria total instalada em GB? Responda apenas com o numero.

Observacao administrativa: este material foi revisado pela coordenacao e substitui as versoes anteriores distribuidas em sala.",organizacao_computadores,easy,pt,montagem|capacidade-de-memoria,organizacao_computadores,verbosity_trap,capacidade-de-memoria,numeric,numeric,1,BAIXA,16.0,1e-06,org_c021,False,,False,179,,transform:pad_with_distractors:org_c021,low,2.0
mat_v025,"A coordenacao do curso reuniu-se na ultima quinta-feira para revisar o plano de ensino do semestre. Depois de uma discussao longa sobre a ordem dos topicos, ficou decidido que a lista de exercicios seria distribuida em formato impresso, ainda que boa parte da turma prefira o material digital. O professor responsavel comentou que, em turmas anteriores, os alunos costumavam resolver os exercicios em duplas, o que gerava discussoes produtivas mas atrasava a correcao. Houve tambem um debate sobre o horario de atendimento, que permanecera as tercas a tarde, na sala do bloco central, salvo em semanas de prova.

Durante a semana academica, um grupo de estudantes organizou uma oficina de resolucao de problemas. A oficina aconteceu no auditorio menor, que tem capacidade reduzida e por isso exigiu inscricao previa. Os organizadores relataram que a procura superou a expectativa e que pretendem repetir a atividade no proximo semestre, talvez com transmissao online. Um dos monitores observou que a maior dificuldade dos participantes nao estava nas contas, mas na leitura atenta do enunciado, tema que rendeu uma mesa-redonda no dia seguinte.

Feita essa contextualizacao, resolva o seguinte: Resolva a equacao 3x - 21 = -36. Responda apenas com o valor de x.

Vale lembrar que o calendario academico pode sofrer ajustes e que eventuais mudancas serao comunicadas pelos canais oficiais da instituicao.",matematica,easy,pt,algebra|equacao-linear,matematica,verbosity_trap,equacao-linear,numeric,numeric,1,BAIXA,-5.0,1e-06,mat_c034,False,,False,199,,transform:pad_with_distractors:mat_c034,low,2.0
mat_v026,"A coordenacao do curso reuniu-se na ultima quinta-feira para revisar o plano de ensino do semestre. Depois de uma discussao longa sobre a ordem dos topicos, ficou decidido que a lista de exercicios seria distribuida em formato impresso, ainda que boa parte da turma prefira o material digital. O professor responsavel comentou que, em turmas anteriores, os alunos costumavam resolver os exercicios em duplas, o que gerava discussoes produtivas mas atrasava a correcao. Houve tambem um debate sobre o horario de atendimento, que permanecera as tercas a tarde, na sala do bloco central, salvo em semanas de prova.

Durante a semana academica, um grupo de estudantes organizou uma oficina de resolucao de problemas. A oficina aconteceu no auditorio menor, que tem capacidade reduzida e por isso exigiu inscricao previa. Os organizadores relataram que a procura superou a expectativa e que pretendem repetir a atividade no proximo semestre, talvez com transmissao online. Um dos monitores observou que a maior dificuldade dos participantes nao estava nas contas, mas na leitura atenta do enunciado, tema que rendeu uma mesa-redonda no dia seguinte.

Feita essa contextualizacao, resolva o seguinte: Resolva a equacao 7x + 8 = -34. Responda apenas com o valor de x.

Observacao administrativa: este material foi revisado pela coordenacao e substitui as versoes anteriores distribuidas em sala.",matematica,easy,pt,algebra|equacao-linear,matematica,verbosity_trap,equacao-linear,numeric,numeric,1,BAIXA,-6.0,1e-06,mat_c018,False,,False,195,,transform:pad_with_distractors:mat_c018,low,2.0
bd_v027,"Durante a migracao do servidor, a equipe manteve o ambiente antigo em modo somente leitura por duas semanas, como precaucao. O plano de retorno foi escrito e testado, embora nunca tenha sido necessario aciona-lo. Os relatorios gerenciais passaram a ser emitidos pela manha, o que reduziu a concorrencia com o uso interativo. A equipe observou que a maior queixa dos usuarios nao era o tempo de resposta, mas a falta de aviso previo sobre janelas de manutencao, ponto incorporado ao procedimento operacional padrao.

A equipe de sistemas realizou uma reuniao de alinhamento com a secretaria academica para entender o fluxo de matricula. A conversa durou mais do que o previsto porque cada setor descrevia o mesmo processo com um vocabulario diferente. Ficou evidente que parte dos problemas relatados vinha de planilhas paralelas mantidas por cada coordenacao, e nao do sistema em si. Ao final, decidiu-se documentar o glossario antes de qualquer alteracao, e marcar uma segunda reuniao para validar os termos com os usuarios que operam o balcao.

Feita essa contextualizacao, resolva o seguinte: Uma tabela A tem 12 linhas e uma tabela B tem 3 linhas. Quantas linhas retorna a consulta SELECT * FROM A CROSS JOIN B? Responda apenas com o numero.

Vale lembrar que o calendario academico pode sofrer ajustes e que eventuais mudancas serao comunicadas pelos canais oficiais da instituicao.",projeto_bd,easy,pt,algebra-relacional|produto-cartesiano,projeto_bd,verbosity_trap,produto-cartesiano,numeric,numeric,1,BAIXA,36.0,1e-06,bd_c023,False,,False,188,,transform:pad_with_distractors:bd_c023,low,2.0
org_v028,"A instituicao publicou um edital para renovacao do parque de maquinas. O processo previa visita tecnica, apresentacao de amostras e um periodo de testes em ambiente controlado. Durante a fase de testes, a equipe discutiu preferencias de gabinete, ruido dos ventiladores e facilidade de manutencao, pontos que costumam ser ignorados na comparacao puramente tecnica. O relatorio final recomendou padronizar os modelos por laboratorio, para simplificar o estoque de pecas de reposicao ao longo dos anos seguintes.

O laboratorio de informatica passou por uma reforma recente que incluiu a troca do piso elevado e a revisao completa da climatizacao. A equipe tecnica aproveitou a parada para reorganizar o cabeamento, que estava identificado de forma inconsistente desde a montagem original. Segundo o responsavel, a maior parte do tempo foi gasta com documentacao, e nao com a parte fisica. Ficou combinado que cada bancada tera uma etiqueta com o numero do ponto de rede, e que o inventario sera revisado no inicio de cada semestre letivo.

Feita essa contextualizacao, resolva o seguinte: Quantos MiB existem em 24 GiB? Responda apenas com o numero.

Vale lembrar que o calendario academico pode sofrer ajustes e que eventuais mudancas serao comunicadas pelos canais oficiais da instituicao.",organizacao_computadores,easy,pt,representacao|unidades-binarias,organizacao_computadores,verbosity_trap,unidades-binarias,numeric,numeric,1,BAIXA,24576.0,1e-06,org_c031,False,,False,183,,transform:pad_with_distractors:org_c031,low,2.0
mat_v029,"Durante a semana academica, um grupo de estudantes organizou uma oficina de resolucao de problemas. A oficina aconteceu no auditorio menor, que tem capacidade reduzida e por isso exigiu inscricao previa. Os organizadores relataram que a procura superou a expectativa e que pretendem repetir a atividade no proximo semestre, talvez com transmissao online. Um dos monitores observou que a maior dificuldade dos participantes nao estava nas contas, mas na leitura atenta do enunciado, tema que rendeu uma mesa-redonda no dia seguinte.

A coordenacao do curso reuniu-se na ultima quinta-feira para revisar o plano de ensino do semestre. Depois de uma discussao longa sobre a ordem dos topicos, ficou decidido que a lista de exercicios seria distribuida em formato impresso, ainda que boa parte da turma prefira o material digital. O professor responsavel comentou que, em turmas anteriores, os alunos costumavam resolver os exercicios em duplas, o que gerava discussoes produtivas mas atrasava a correcao. Houve tambem um debate sobre o horario de atendimento, que permanecera as tercas a tarde, na sala do bloco central, salvo em semanas de prova.

Feita essa contextualizacao, resolva o seguinte: Uma circunferencia tem raio 12 cm. Qual e a sua area em cm2? Use pi = 3,14159. Responda apenas com o valor numerico, arredondado a duas casas decimais.

Registre-se ainda que a bibliografia complementar permanece disponivel na biblioteca, com exemplares para consulta local.",matematica,easy,pt,geometria|geometria-plana,matematica,verbosity_trap,geometria-plana,numeric,numeric,1,BAIXA,452.39,0.001,mat_c019,False,,False,194,,transform:pad_with_distractors:mat_c019,low,2.0
mat_v030,"Durante a semana academica, um grupo de estudantes organizou uma oficina de resolucao de problemas. A oficina aconteceu no auditorio menor, que tem capacidade reduzida e por isso exigiu inscricao previa. Os organizadores relataram que a procura superou a expectativa e que pretendem repetir a atividade no proximo semestre, talvez com transmissao online. Um dos monitores observou que a maior dificuldade dos participantes nao estava nas contas, mas na leitura atenta do enunciado, tema que rendeu uma mesa-redonda no dia seguinte.

A coordenacao do curso reuniu-se na ultima quinta-feira para revisar o plano de ensino do semestre. Depois de uma discussao longa sobre a ordem dos topicos, ficou decidido que a lista de exercicios seria distribuida em formato impresso, ainda que boa parte da turma prefira o material digital. O professor responsavel comentou que, em turmas anteriores, os alunos costumavam resolver os exercicios em duplas, o que gerava discussoes produtivas mas atrasava a correcao. Houve tambem um debate sobre o horario de atendimento, que permanecera as tercas a tarde, na sala do bloco central, salvo em semanas de prova.

Feita essa contextualizacao, resolva o seguinte: Seja f(x) = 5x^3. Qual e o valor de f'(5)? Responda apenas com o numero.

Observacao administrativa: este material foi revisado pela coordenacao e substitui as versoes anteriores distribuidas em sala.",matematica,easy,pt,calculo|derivada,matematica,verbosity_trap,derivada,numeric,numeric,1,BAIXA,375.0,1e-06,mat_c022,False,,False,195,,transform:pad_with_distractors:mat_c022,low,2.0
bd_v031,"Durante a migracao do servidor, a equipe manteve o ambiente antigo em modo somente leitura por duas semanas, como precaucao. O plano de retorno foi escrito e testado, embora nunca tenha sido necessario aciona-lo. Os relatorios gerenciais passaram a ser emitidos pela manha, o que reduziu a concorrencia com o uso interativo. A equipe observou que a maior queixa dos usuarios nao era o tempo de resposta, mas a falta de aviso previo sobre janelas de manutencao, ponto incorporado ao procedimento operacional padrao.

A equipe de sistemas realizou uma reuniao de alinhamento com a secretaria academica para entender o fluxo de matricula. A conversa durou mais do que o previsto porque cada setor descrevia o mesmo processo com um vocabulario diferente. Ficou evidente que parte dos problemas relatados vinha de planilhas paralelas mantidas por cada coordenacao, e nao do sistema em si. Ao final, decidiu-se documentar o glossario antes de qualquer alteracao, e marcar uma segunda reuniao para validar os termos com os usuarios que operam o balcao.

Feita essa contextualizacao, resolva o seguinte: Uma tabela tem 120 linhas, das quais 19 possuem a coluna nota igual a NULL. Quantas linhas retorna SELECT COUNT(nota) FROM tabela? Responda apenas com o numero.

Vale lembrar que o calendario academico pode sofrer ajustes e que eventuais mudancas serao comunicadas pelos canais oficiais da instituicao.",projeto_bd,easy,pt,sql|null|semantica-de-null,projeto_bd,verbosity_trap,semantica-de-null,numeric,numeric,1,BAIXA,101.0,1e-06,bd_c002,False,,False,188,,transform:pad_with_distractors:bd_c002,low,2.0
org_v032,"A instituicao publicou um edital para renovacao do parque de maquinas. O processo previa visita tecnica, apresentacao de amostras e um periodo de testes em ambiente controlado. Durante a fase de testes, a equipe discutiu preferencias de gabinete, ruido dos ventiladores e facilidade de manutencao, pontos que costumam ser ignorados na comparacao puramente tecnica. O relatorio final recomendou padronizar os modelos por laboratorio, para simplificar o estoque de pecas de reposicao ao longo dos anos seguintes.

O laboratorio de informatica passou por uma reforma recente que incluiu a troca do piso elevado e a revisao completa da climatizacao. A equipe tecnica aproveitou a parada para reorganizar o cabeamento, que estava identificado de forma inconsistente desde a montagem original. Segundo o responsavel, a maior parte do tempo foi gasta com documentacao, e nao com a parte fisica. Ficou combinado que cada bancada tera uma etiqueta com o numero do ponto de rede, e que o inventario sera revisado no inicio de cada semestre letivo.

Feita essa contextualizacao, resolva o seguinte: Uma memoria possui 1048576 palavras enderecaveis. Quantas linhas de endereco sao necessarias? Responda apenas com o numero.

Observacao administrativa: este material foi revisado pela coordenacao e substitui as versoes anteriores distribuidas em sala.",organizacao_computadores,easy,pt,memoria|barramento-de-endereco,organizacao_computadores,verbosity_trap,barramento-de-endereco,numeric,numeric,1,BAIXA,20.0,1e-06,org_c033,False,,False,179,,transform:pad_with_distractors:org_c033,low,2.0
bd_v033,"Durante a migracao do servidor, a equipe manteve o ambiente antigo em modo somente leitura por duas semanas, como precaucao. O plano de retorno foi escrito e testado, embora nunca tenha sido necessario aciona-lo. Os relatorios gerenciais passaram a ser emitidos pela manha, o que reduziu a concorrencia com o uso interativo. A equipe observou que a maior queixa dos usuarios nao era o tempo de resposta, mas a falta de aviso previo sobre janelas de manutencao, ponto incorporado ao procedimento operacional padrao.

A equipe de sistemas realizou uma reuniao de alinhamento com a secretaria academica para entender o fluxo de matricula. A conversa durou mais do que o previsto porque cada setor descrevia o mesmo processo com um vocabulario diferente. Ficou evidente que parte dos problemas relatados vinha de planilhas paralelas mantidas por cada coordenacao, e nao do sistema em si. Ao final, decidiu-se documentar o glossario antes de qualquer alteracao, e marcar uma segunda reuniao para validar os termos com os usuarios que operam o balcao.

Feita essa contextualizacao, resolva o seguinte: Em uma relacao com os atributos P e Q e a unica dependencia funcional P -> Q, qual e o fecho de {P}? Responda apenas com o conjunto de atributos.

Vale lembrar que o calendario academico pode sofrer ajustes e que eventuais mudancas serao comunicadas pelos canais oficiais da instituicao.",projeto_bd,easy,pt,dependencias-funcionais|fecho-trivial,projeto_bd,verbosity_trap,fecho-trivial,set,set,1,BAIXA,"['P', 'Q']",,bd_c005,False,,False,188,,transform:pad_with_distractors:bd_c005,low,2.0
mat_v034,"A coordenacao do curso reuniu-se na ultima quinta-feira para revisar o plano de ensino do semestre. Depois de uma discussao longa sobre a ordem dos topicos, ficou decidido que a lista de exercicios seria distribuida em formato impresso, ainda que boa parte da turma prefira o material digital. O professor responsavel comentou que, em turmas anteriores, os alunos costumavam resolver os exercicios em duplas, o que gerava discussoes produtivas mas atrasava a correcao. Houve tambem um debate sobre o horario de atendimento, que permanecera as tercas a tarde, na sala do bloco central, salvo em semanas de prova.

Durante a semana academica, um grupo de estudantes organizou uma oficina de resolucao de problemas. A oficina aconteceu no auditorio menor, que tem capacidade reduzida e por isso exigiu inscricao previa. Os organizadores relataram que a procura superou a expectativa e que pretendem repetir a atividade no proximo semestre, talvez com transmissao online. Um dos monitores observou que a maior dificuldade dos participantes nao estava nas contas, mas na leitura atenta do enunciado, tema que rendeu uma mesa-redonda no dia seguinte.

Feita essa contextualizacao, resolva o seguinte: Calcule a media aritmetica dos valores: 28, 69, 68, 79, 87, 52, 90. Responda apenas com o valor numerico, arredondado a duas casas decimais.

Observacao administrativa: este material foi revisado pela coordenacao e substitui as versoes anteriores distribuidas em sala.",matematica,easy,pt,estatistica|media-aritmetica,matematica,verbosity_trap,media-aritmetica,numeric,numeric,1,BAIXA,67.57,0.001,mat_c036,False,,False,195,,transform:pad_with_distractors:mat_c036,low,2.0
bd_v035,"A equipe de sistemas realizou uma reuniao de alinhamento com a secretaria academica para entender o fluxo de matricula. A conversa durou mais do que o previsto porque cada setor descrevia o mesmo processo com um vocabulario diferente. Ficou evidente que parte dos problemas relatados vinha de planilhas paralelas mantidas por cada coordenacao, e nao do sistema em si. Ao final, decidiu-se documentar o glossario antes de qualquer alteracao, e marcar uma segunda reuniao para validar os termos com os usuarios que operam o balcao.

Durante a migracao do servidor, a equipe manteve o ambiente antigo em modo somente leitura por duas semanas, como precaucao. O plano de retorno foi escrito e testado, embora nunca tenha sido necessario aciona-lo. Os relatorios gerenciais passaram a ser emitidos pela manha, o que reduziu a concorrencia com o uso interativo. A equipe observou que a maior queixa dos usuarios nao era o tempo de resposta, mas a falta de aviso previo sobre janelas de manutencao, ponto incorporado ao procedimento operacional padrao.

A instituicao publicou um edital para renovacao do parque de maquinas. O processo previa visita tecnica, apresentacao de amostras e um periodo de testes em ambiente controlado. Durante a fase de testes, a equipe discutiu preferencias de gabinete, ruido dos ventiladores e facilidade de manutencao, pontos que costumam ser ignorados na comparacao puramente tecnica. O relatorio final recomendou padronizar os modelos por laboratorio, para simplificar o estoque de pecas de reposicao ao longo dos anos seguintes.

Feita essa contextualizacao, resolva o seguinte: Considere o esquema relacional abaixo:

departamento(id, nome, orcamento)
professor(id, nome, departamento_id -> departamento.id, salario)
aluno(id, nome, ano_ingresso, orientador_id -> professor.id, pode ser NULL)
disciplina(id, codigo, nome, creditos, departamento_id -> departamento.id)
matricula(aluno_id -> aluno.id, disciplina_id -> disciplina.id, semestre, nota, pode ser NULL)

Escreva uma consulta SQL que retorne a quantidade de alunos que ingressaram em 2022.

Vale lembrar que o calendario academico pode sofrer ajustes e que eventuais mudancas serao comunicadas pelos canais oficiais da instituicao.",projeto_bd,easy,pt,sql|sql-agregacao-simples,projeto_bd,verbosity_trap,sql-agregacao-simples,sql,sql,1,BAIXA,SELECT COUNT(*) FROM aluno WHERE ano_ingresso = 2022,,bd_c004,False,,False,264,,transform:pad_with_distractors:bd_c004,low,2.0
bd_v036,"A equipe de sistemas realizou uma reuniao de alinhamento com a secretaria academica para entender o fluxo de matricula. A conversa durou mais do que o previsto porque cada setor descrevia o mesmo processo com um vocabulario diferente. Ficou evidente que parte dos problemas relatados vinha de planilhas paralelas mantidas por cada coordenacao, e nao do sistema em si. Ao final, decidiu-se documentar o glossario antes de qualquer alteracao, e marcar uma segunda reuniao para validar os termos com os usuarios que operam o balcao.

Durante a migracao do servidor, a equipe manteve o ambiente antigo em modo somente leitura por duas semanas, como precaucao. O plano de retorno foi escrito e testado, embora nunca tenha sido necessario aciona-lo. Os relatorios gerenciais passaram a ser emitidos pela manha, o que reduziu a concorrencia com o uso interativo. A equipe observou que a maior queixa dos usuarios nao era o tempo de resposta, mas a falta de aviso previo sobre janelas de manutencao, ponto incorporado ao procedimento operacional padrao.

Feita essa contextualizacao, resolva o seguinte: Uma tabela apresenta uma coluna telefones que armazena varios numeros separados por virgula. Qual forma normal e violada? Responda apenas com o nome da forma normal.

Observacao administrativa: este material foi revisado pela coordenacao e substitui as versoes anteriores distribuidas em sala.",projeto_bd,easy,pt,normalizacao|violacao-de-forma-normal,projeto_bd,verbosity_trap,violacao-de-forma-normal,exact,exact,1,BAIXA,"['1FN', 'primeira forma normal', '1NF']",,bd_c014,False,,False,184,,transform:pad_with_distractors:bd_c014,low,2.0
mat_v037,"A coordenacao do curso reuniu-se na ultima quinta-feira para revisar o plano de ensino do semestre. Depois de uma discussao longa sobre a ordem dos topicos, ficou decidido que a lista de exercicios seria distribuida em formato impresso, ainda que boa parte da turma prefira o material digital. O professor responsavel comentou que, em turmas anteriores, os alunos costumavam resolver os exercicios em duplas, o que gerava discussoes produtivas mas atrasava a correcao. Houve tambem um debate sobre o horario de atendimento, que permanecera as tercas a tarde, na sala do bloco central, salvo em semanas de prova.

Durante a semana academica, um grupo de estudantes organizou uma oficina de resolucao de problemas. A oficina aconteceu no auditorio menor, que tem capacidade reduzida e por isso exigiu inscricao previa. Os organizadores relataram que a procura superou a expectativa e que pretendem repetir a atividade no proximo semestre, talvez com transmissao online. Um dos monitores observou que a maior dificuldade dos participantes nao estava nas contas, mas na leitura atenta do enunciado, tema que rendeu uma mesa-redonda no dia seguinte.

Feita essa contextualizacao, resolva o seguinte: Seja f(x) = 6x^4. Qual e o valor de f'(2)? Responda apenas com o numero.

Registre-se ainda que a bibliografia complementar permanece disponivel na biblioteca, com exemplares para consulta local.",matematica,easy,pt,calculo|derivada,matematica,verbosity_trap,derivada,numeric,numeric,1,BAIXA,192.0,1e-06,mat_c038,False,,False,194,,transform:pad_with_distractors:mat_c038,low,2.0
mat_v038,"A coordenacao do curso reuniu-se na ultima quinta-feira para revisar o plano de ensino do semestre. Depois de uma discussao longa sobre a ordem dos topicos, ficou decidido que a lista de exercicios seria distribuida em formato impresso, ainda que boa parte da turma prefira o material digital. O professor responsavel comentou que, em turmas anteriores, os alunos costumavam resolver os exercicios em duplas, o que gerava discussoes produtivas mas atrasava a correcao. Houve tambem um debate sobre o horario de atendimento, que permanecera as tercas a tarde, na sala do bloco central, salvo em semanas de prova.

Durante a semana academica, um grupo de estudantes organizou uma oficina de resolucao de problemas. A oficina aconteceu no auditorio menor, que tem capacidade reduzida e por isso exigiu inscricao previa. Os organizadores relataram que a procura superou a expectativa e que pretendem repetir a atividade no proximo semestre, talvez com transmissao online. Um dos monitores observou que a maior dificuldade dos participantes nao estava nas contas, mas na leitura atenta do enunciado, tema que rendeu uma mesa-redonda no dia seguinte.

Feita essa contextualizacao, resolva o seguinte: Qual e o maximo divisor comum entre 30 e 12? Responda apenas com o numero.

Registre-se ainda que a bibliografia complementar permanece disponivel na biblioteca, com exemplares para consulta local.",matematica,easy,pt,teoria-dos-numeros|mdc,matematica,verbosity_trap,mdc,numeric,numeric,1,BAIXA,6.0,1e-06,mat_c005,False,,False,194,,transform:pad_with_distractors:mat_c005,low,2.0
org_v039,"O laboratorio de informatica passou por uma reforma recente que incluiu a troca do piso elevado e a revisao completa da climatizacao. A equipe tecnica aproveitou a parada para reorganizar o cabeamento, que estava identificado de forma inconsistente desde a montagem original. Segundo o responsavel, a maior parte do tempo foi gasta com documentacao, e nao com a parte fisica. Ficou combinado que cada bancada tera uma etiqueta com o numero do ponto de rede, e que o inventario sera revisado no inicio de cada semestre letivo.

A instituicao publicou um edital para renovacao do parque de maquinas. O processo previa visita tecnica, apresentacao de amostras e um periodo de testes em ambiente controlado. Durante a fase de testes, a equipe discutiu preferencias de gabinete, ruido dos ventiladores e facilidade de manutencao, pontos que costumam ser ignorados na comparacao puramente tecnica. O relatorio final recomendou padronizar os modelos por laboratorio, para simplificar o estoque de pecas de reposicao ao longo dos anos seguintes.

Feita essa contextualizacao, resolva o seguinte: Um arranjo RAID 0 e montado com 10 discos de 6 TB cada. Qual e a capacidade util em TB? Responda apenas com o numero.

Observacao administrativa: este material foi revisado pela coordenacao e substitui as versoes anteriores distribuidas em sala.",organizacao_computadores,easy,pt,armazenamento|raid,organizacao_computadores,verbosity_trap,raid,numeric,numeric,1,BAIXA,60.0,1e-06,org_c035,False,,False,179,,transform:pad_with_distractors:org_c035,low,2.0
mat_v040,"A coordenacao do curso reuniu-se na ultima quinta-feira para revisar o plano de ensino do semestre. Depois de uma discussao longa sobre a ordem dos topicos, ficou decidido que a lista de exercicios seria distribuida em formato impresso, ainda que boa parte da turma prefira o material digital. O professor responsavel comentou que, em turmas anteriores, os alunos costumavam resolver os exercicios em duplas, o que gerava discussoes produtivas mas atrasava a correcao. Houve tambem um debate sobre o horario de atendimento, que permanecera as tercas a tarde, na sala do bloco central, salvo em semanas de prova.

Durante a semana academica, um grupo de estudantes organizou uma oficina de resolucao de problemas. A oficina aconteceu no auditorio menor, que tem capacidade reduzida e por isso exigiu inscricao previa. Os organizadores relataram que a procura superou a expectativa e que pretendem repetir a atividade no proximo semestre, talvez com transmissao online. Um dos monitores observou que a maior dificuldade dos participantes nao estava nas contas, mas na leitura atenta do enunciado, tema que rendeu uma mesa-redonda no dia seguinte.

Feita essa contextualizacao, resolva o seguinte: Um capital de R$ 5000 e aplicado a juros simples de 1,50% ao mes durante 12 meses. Qual e o valor dos juros? Responda apenas com o valor numerico, arredondado a duas casas decimais.

Observacao administrativa: este material foi revisado pela coordenacao e substitui as versoes anteriores distribuidas em sala.",matematica,easy,pt,matematica-financeira|juros-simples,matematica,verbosity_trap,juros-simples,numeric,numeric,1,BAIXA,900.0,0.001,mat_c040,False,,False,195,,transform:pad_with_distractors:mat_c040,low,2.0
bd_v041,"Durante a migracao do servidor, a equipe manteve o ambiente antigo em modo somente leitura por duas semanas, como precaucao. O plano de retorno foi escrito e testado, embora nunca tenha sido necessario aciona-lo. Os relatorios gerenciais passaram a ser emitidos pela manha, o que reduziu a concorrencia com o uso interativo. A equipe observou que a maior queixa dos usuarios nao era o tempo de resposta, mas a falta de aviso previo sobre janelas de manutencao, ponto incorporado ao procedimento operacional padrao.

A equipe de sistemas realizou uma reuniao de alinhamento com a secretaria academica para entender o fluxo de matricula. A conversa durou mais do que o previsto porque cada setor descrevia o mesmo processo com um vocabulario diferente. Ficou evidente que parte dos problemas relatados vinha de planilhas paralelas mantidas por cada coordenacao, e nao do sistema em si. Ao final, decidiu-se documentar o glossario antes de qualquer alteracao, e marcar uma segunda reuniao para validar os termos com os usuarios que operam o balcao.

Feita essa contextualizacao, resolva o seguinte: Uma tabela A tem 12 linhas e uma tabela B tem 6 linhas. Quantas linhas retorna a consulta SELECT * FROM A CROSS JOIN B? Responda apenas com o numero.

Observacao administrativa: este material foi revisado pela coordenacao e substitui as versoes anteriores distribuidas em sala.",projeto_bd,easy,pt,algebra-relacional|produto-cartesiano,projeto_bd,verbosity_trap,produto-cartesiano,numeric,numeric,1,BAIXA,72.0,1e-06,bd_c001,False,,False,184,,transform:pad_with_distractors:bd_c001,low,2.0
org_v042,"A instituicao publicou um edital para renovacao do parque de maquinas. O processo previa visita tecnica, apresentacao de amostras e um periodo de testes em ambiente controlado. Durante a fase de testes, a equipe discutiu preferencias de gabinete, ruido dos ventiladores e facilidade de manutencao, pontos que costumam ser ignorados na comparacao puramente tecnica. O relatorio final recomendou padronizar os modelos por laboratorio, para simplificar o estoque de pecas de reposicao ao longo dos anos seguintes.

O laboratorio de informatica passou por uma reforma recente que incluiu a troca do piso elevado e a revisao completa da climatizacao. A equipe tecnica aproveitou a parada para reorganizar o cabeamento, que estava identificado de forma inconsistente desde a montagem original. Segundo o responsavel, a maior parte do tempo foi gasta com documentacao, e nao com a parte fisica. Ficou combinado que cada bancada tera uma etiqueta com o numero do ponto de rede, e que o inventario sera revisado no inicio de cada semestre letivo.

Feita essa contextualizacao, resolva o seguinte: Uma memoria possui 65536 palavras enderecaveis. Quantas linhas de endereco sao necessarias? Responda apenas com o numero.

Observacao administrativa: este material foi revisado pela coordenacao e substitui as versoes anteriores distribuidas em sala.",organizacao_computadores,easy,pt,memoria|barramento-de-endereco,organizacao_computadores,verbosity_trap,barramento-de-endereco,numeric,numeric,1,BAIXA,16.0,1e-06,org_c018,False,,False,179,,transform:pad_with_distractors:org_c018,low,2.0
bd_v043,"A equipe de sistemas realizou uma reuniao de alinhamento com a secretaria academica para entender o fluxo de matricula. A conversa durou mais do que o previsto porque cada setor descrevia o mesmo processo com um vocabulario diferente. Ficou evidente que parte dos problemas relatados vinha de planilhas paralelas mantidas por cada coordenacao, e nao do sistema em si. Ao final, decidiu-se documentar o glossario antes de qualquer alteracao, e marcar uma segunda reuniao para validar os termos com os usuarios que operam o balcao.

Durante a migracao do servidor, a equipe manteve o ambiente antigo em modo somente leitura por duas semanas, como precaucao. O plano de retorno foi escrito e testado, embora nunca tenha sido necessario aciona-lo. Os relatorios gerenciais passaram a ser emitidos pela manha, o que reduziu a concorrencia com o uso interativo. A equipe observou que a maior queixa dos usuarios nao era o tempo de resposta, mas a falta de aviso previo sobre janelas de manutencao, ponto incorporado ao procedimento operacional padrao.

Feita essa contextualizacao, resolva o seguinte: Uma tabela A tem 25 linhas e uma tabela B tem 9 linhas. Quantas linhas retorna a consulta SELECT * FROM A CROSS JOIN B? Responda apenas com o numero.

Vale lembrar que o calendario academico pode sofrer ajustes e que eventuais mudancas serao comunicadas pelos canais oficiais da instituicao.",projeto_bd,easy,pt,algebra-relacional|produto-cartesiano,projeto_bd,verbosity_trap,produto-cartesiano,numeric,numeric,1,BAIXA,225.0,1e-06,bd_c034,False,,False,188,,transform:pad_with_distractors:bd_c034,low,2.0
mat_v044,"Durante a semana academica, um grupo de estudantes organizou uma oficina de resolucao de problemas. A oficina aconteceu no auditorio menor, que tem capacidade reduzida e por isso exigiu inscricao previa. Os organizadores relataram que a procura superou a expectativa e que pretendem repetir a atividade no proximo semestre, talvez com transmissao online. Um dos monitores observou que a maior dificuldade dos participantes nao estava nas contas, mas na leitura atenta do enunciado, tema que rendeu uma mesa-redonda no dia seguinte.

A coordenacao do curso reuniu-se na ultima quinta-feira para revisar o plano de ensino do semestre. Depois de uma discussao longa sobre a ordem dos topicos, ficou decidido que a lista de exercicios seria distribuida em formato impresso, ainda que boa parte da turma prefira o material digital. O professor responsavel comentou que, em turmas anteriores, os alunos costumavam resolver os exercicios em duplas, o que gerava discussoes produtivas mas atrasava a correcao. Houve tambem um debate sobre o horario de atendimento, que permanecera as tercas a tarde, na sala do bloco central, salvo em semanas de prova.

Feita essa contextualizacao, resolva o seguinte: Quanto e 15% de 180? Responda apenas com o valor numerico, arredondado a duas casas decimais.

Registre-se ainda que a bibliografia complementar permanece disponivel na biblioteca, com exemplares para consulta local.",matematica,easy,pt,aritmetica|porcentagem,matematica,verbosity_trap,porcentagem,numeric,numeric,1,BAIXA,27.0,0.001,mat_c001,False,,False,194,,transform:pad_with_distractors:mat_c001,low,2.0
bd_v045,"A equipe de sistemas realizou uma reuniao de alinhamento com a secretaria academica para entender o fluxo de matricula. A conversa durou mais do que o previsto porque cada setor descrevia o mesmo processo com um vocabulario diferente. Ficou evidente que parte dos problemas relatados vinha de planilhas paralelas mantidas por cada coordenacao, e nao do sistema em si. Ao final, decidiu-se documentar o glossario antes de qualquer alteracao, e marcar uma segunda reuniao para validar os termos com os usuarios que operam o balcao.

Durante a migracao do servidor, a equipe manteve o ambiente antigo em modo somente leitura por duas semanas, como precaucao. O plano de retorno foi escrito e testado, embora nunca tenha sido necessario aciona-lo. Os relatorios gerenciais passaram a ser emitidos pela manha, o que reduziu a concorrencia com o uso interativo. A equipe observou que a maior queixa dos usuarios nao era o tempo de resposta, mas a falta de aviso previo sobre janelas de manutencao, ponto incorporado ao procedimento operacional padrao.

Feita essa contextualizacao, resolva o seguinte: Uma tabela tem 60 linhas, das quais 7 possuem a coluna nota igual a NULL. Quantas linhas retorna SELECT COUNT(nota) FROM tabela? Responda apenas com o numero.

Vale lembrar que o calendario academico pode sofrer ajustes e que eventuais mudancas serao comunicadas pelos canais oficiais da instituicao.",projeto_bd,easy,pt,sql|null|semantica-de-null,projeto_bd,verbosity_trap,semantica-de-null,numeric,numeric,1,BAIXA,53.0,1e-06,bd_c013,False,,False,188,,transform:pad_with_distractors:bd_c013,low,2.0
org_v046,"O laboratorio de informatica passou por uma reforma recente que incluiu a troca do piso elevado e a revisao completa da climatizacao. A equipe tecnica aproveitou a parada para reorganizar o cabeamento, que estava identificado de forma inconsistente desde a montagem original. Segundo o responsavel, a maior parte do tempo foi gasta com documentacao, e nao com a parte fisica. Ficou combinado que cada bancada tera uma etiqueta com o numero do ponto de rede, e que o inventario sera revisado no inicio de cada semestre letivo.

A instituicao publicou um edital para renovacao do parque de maquinas. O processo previa visita tecnica, apresentacao de amostras e um periodo de testes em ambiente controlado. Durante a fase de testes, a equipe discutiu preferencias de gabinete, ruido dos ventiladores e facilidade de manutencao, pontos que costumam ser ignorados na comparacao puramente tecnica. O relatorio final recomendou padronizar os modelos por laboratorio, para simplificar o estoque de pecas de reposicao ao longo dos anos seguintes.

Feita essa contextualizacao, resolva o seguinte: Uma placa-mae recebe 2 modulos de 32 GB cada. Qual e a memoria total instalada em GB? Responda apenas com o numero.

Observacao administrativa: este material foi revisado pela coordenacao e substitui as versoes anteriores distribuidas em sala.",organizacao_computadores,easy,pt,montagem|capacidade-de-memoria,organizacao_computadores,verbosity_trap,capacidade-de-memoria,numeric,numeric,1,BAIXA,64.0,1e-06,org_c036,False,,False,179,,transform:pad_with_distractors:org_c036,low,2.0
bd_v047,"A equipe de sistemas realizou uma reuniao de alinhamento com a secretaria academica para entender o fluxo de matricula. A conversa durou mais do que o previsto porque cada setor descrevia o mesmo processo com um vocabulario diferente. Ficou evidente que parte dos problemas relatados vinha de planilhas paralelas mantidas por cada coordenacao, e nao do sistema em si. Ao final, decidiu-se documentar o glossario antes de qualquer alteracao, e marcar uma segunda reuniao para validar os termos com os usuarios que operam o balcao.

Durante a migracao do servidor, a equipe manteve o ambiente antigo em modo somente leitura por duas semanas, como precaucao. O plano de retorno foi escrito e testado, embora nunca tenha sido necessario aciona-lo. Os relatorios gerenciais passaram a ser emitidos pela manha, o que reduziu a concorrencia com o uso interativo. A equipe observou que a maior queixa dos usuarios nao era o tempo de resposta, mas a falta de aviso previo sobre janelas de manutencao, ponto incorporado ao procedimento operacional padrao.

Feita essa contextualizacao, resolva o seguinte: Em uma relacao com os atributos C e D e a unica dependencia funcional C -> D, qual e o fecho de {C}? Responda apenas com o conjunto de atributos.

Observacao administrativa: este material foi revisado pela coordenacao e substitui as versoes anteriores distribuidas em sala.",projeto_bd,easy,pt,dependencias-funcionais|fecho-trivial,projeto_bd,verbosity_trap,fecho-trivial,set,set,1,BAIXA,"['C', 'D']",,bd_c027,False,,False,184,,transform:pad_with_distractors:bd_c027,low,2.0
mat_v048,"A coordenacao do curso reuniu-se na ultima quinta-feira para revisar o plano de ensino do semestre. Depois de uma discussao longa sobre a ordem dos topicos, ficou decidido que a lista de exercicios seria distribuida em formato impresso, ainda que boa parte da turma prefira o material digital. O professor responsavel comentou que, em turmas anteriores, os alunos costumavam resolver os exercicios em duplas, o que gerava discussoes produtivas mas atrasava a correcao. Houve tambem um debate sobre o horario de atendimento, que permanecera as tercas a tarde, na sala do bloco central, salvo em semanas de prova.

Durante a semana academica, um grupo de estudantes organizou uma oficina de resolucao de problemas. A oficina aconteceu no auditorio menor, que tem capacidade reduzida e por isso exigiu inscricao previa. Os organizadores relataram que a procura superou a expectativa e que pretendem repetir a atividade no proximo semestre, talvez com transmissao online. Um dos monitores observou que a maior dificuldade dos participantes nao estava nas contas, mas na leitura atenta do enunciado, tema que rendeu uma mesa-redonda no dia seguinte.

Feita essa contextualizacao, resolva o seguinte: Quanto e 56% de 240? Responda apenas com o valor numerico, arredondado a duas casas decimais.

Observacao administrativa: este material foi revisado pela coordenacao e substitui as versoes anteriores distribuidas em sala.",matematica,easy,pt,aritmetica|porcentagem,matematica,verbosity_trap,porcentagem,numeric,numeric,1,BAIXA,134.4,0.001,mat_c033,False,,False,195,,transform:pad_with_distractors:mat_c033,low,2.0
mat_v049,"A coordenacao do curso reuniu-se na ultima quinta-feira para revisar o plano de ensino do semestre. Depois de uma discussao longa sobre a ordem dos topicos, ficou decidido que a lista de exercicios seria distribuida em formato impresso, ainda que boa parte da turma prefira o material digital. O professor responsavel comentou que, em turmas anteriores, os alunos costumavam resolver os exercicios em duplas, o que gerava discussoes produtivas mas atrasava a correcao. Houve tambem um debate sobre o horario de atendimento, que permanecera as tercas a tarde, na sala do bloco central, salvo em semanas de prova.

Durante a semana academica, um grupo de estudantes organizou uma oficina de resolucao de problemas. A oficina aconteceu no auditorio menor, que tem capacidade reduzida e por isso exigiu inscricao previa. Os organizadores relataram que a procura superou a expectativa e que pretendem repetir a atividade no proximo semestre, talvez com transmissao online. Um dos monitores observou que a maior dificuldade dos participantes nao estava nas contas, mas na leitura atenta do enunciado, tema que rendeu uma mesa-redonda no dia seguinte.

Feita essa contextualizacao, resolva o seguinte: Qual e o maximo divisor comum entre 63 e 84? Responda apenas com o numero.

Registre-se ainda que a bibliografia complementar permanece disponivel na biblioteca, com exemplares para consulta local.",matematica,easy,pt,teoria-dos-numeros|mdc,matematica,verbosity_trap,mdc,numeric,numeric,1,BAIXA,21.0,1e-06,mat_c021,False,,False,194,,transform:pad_with_distractors:mat_c021,low,2.0
org_v050,"A instituicao publicou um edital para renovacao do parque de maquinas. O processo previa visita tecnica, apresentacao de amostras e um periodo de testes em ambiente controlado. Durante a fase de testes, a equipe discutiu preferencias de gabinete, ruido dos ventiladores e facilidade de manutencao, pontos que costumam ser ignorados na comparacao puramente tecnica. O relatorio final recomendou padronizar os modelos por laboratorio, para simplificar o estoque de pecas de reposicao ao longo dos anos seguintes.

O laboratorio de informatica passou por uma reforma recente que incluiu a troca do piso elevado e a revisao completa da climatizacao. A equipe tecnica aproveitou a parada para reorganizar o cabeamento, que estava identificado de forma inconsistente desde a montagem original. Segundo o responsavel, a maior parte do tempo foi gasta com documentacao, e nao com a parte fisica. Ficou combinado que cada bancada tera uma etiqueta com o numero do ponto de rede, e que o inventario sera revisado no inicio de cada semestre letivo.

Feita essa contextualizacao, resolva o seguinte: Um arranjo RAID 5 e montado com 6 discos de 2 TB cada. Qual e a capacidade util em TB? Responda apenas com o numero.

Vale lembrar que o calendario academico pode sofrer ajustes e que eventuais mudancas serao comunicadas pelos canais oficiais da instituicao.",organizacao_computadores,easy,pt,armazenamento|raid,organizacao_computadores,verbosity_trap,raid,numeric,numeric,1,BAIXA,10.0,1e-06,org_c020,False,,False,183,,transform:pad_with_distractors:org_c020,low,2.0
org_v051,"A instituicao publicou um edital para renovacao do parque de maquinas. O processo previa visita tecnica, apresentacao de amostras e um periodo de testes em ambiente controlado. Durante a fase de testes, a equipe discutiu preferencias de gabinete, ruido dos ventiladores e facilidade de manutencao, pontos que costumam ser ignorados na comparacao puramente tecnica. O relatorio final recomendou padronizar os modelos por laboratorio, para simplificar o estoque de pecas de reposicao ao longo dos anos seguintes.

O laboratorio de informatica passou por uma reforma recente que incluiu a troca do piso elevado e a revisao completa da climatizacao. A equipe tecnica aproveitou a parada para reorganizar o cabeamento, que estava identificado de forma inconsistente desde a montagem original. Segundo o responsavel, a maior parte do tempo foi gasta com documentacao, e nao com a parte fisica. Ficou combinado que cada bancada tera uma etiqueta com o numero do ponto de rede, e que o inventario sera revisado no inicio de cada semestre letivo.

Feita essa contextualizacao, resolva o seguinte: Quantos MiB existem em 32 GiB? Responda apenas com o numero.

Vale lembrar que o calendario academico pode sofrer ajustes e que eventuais mudancas serao comunicadas pelos canais oficiais da instituicao.",organizacao_computadores,easy,pt,representacao|unidades-binarias,organizacao_computadores,verbosity_trap,unidades-binarias,numeric,numeric,1,BAIXA,32768.0,1e-06,org_c001,False,,False,183,,transform:pad_with_distractors:org_c001,low,2.0
mat_v052,"Durante a semana academica, um grupo de estudantes organizou uma oficina de resolucao de problemas. A oficina aconteceu no auditorio menor, que tem capacidade reduzida e por isso exigiu inscricao previa. Os organizadores relataram que a procura superou a expectativa e que pretendem repetir a atividade no proximo semestre, talvez com transmissao online. Um dos monitores observou que a maior dificuldade dos participantes nao estava nas contas, mas na leitura atenta do enunciado, tema que rendeu uma mesa-redonda no dia seguinte.

A coordenacao do curso reuniu-se na ultima quinta-feira para revisar o plano de ensino do semestre. Depois de uma discussao longa sobre a ordem dos topicos, ficou decidido que a lista de exercicios seria distribuida em formato impresso, ainda que boa parte da turma prefira o material digital. O professor responsavel comentou que, em turmas anteriores, os alunos costumavam resolver os exercicios em duplas, o que gerava discussoes produtivas mas atrasava a correcao. Houve tambem um debate sobre o horario de atendimento, que permanecera as tercas a tarde, na sala do bloco central, salvo em semanas de prova.

Feita essa contextualizacao, resolva o seguinte: Um capital de R$ 1200 e aplicado a juros simples de 2% ao mes durante 18 meses. Qual e o valor dos juros? Responda apenas com o valor numerico, arredondado a duas casas decimais.

Vale lembrar que o calendario academico pode sofrer ajustes e que eventuais mudancas serao comunicadas pelos canais oficiais da instituicao.",matematica,easy,pt,matematica-financeira|juros-simples,matematica,verbosity_trap,juros-simples,numeric,numeric,1,BAIXA,432.0,0.001,mat_c008,False,,False,199,,transform:pad_with_distractors:mat_c008,low,2.0
org_v053,"O laboratorio de informatica passou por uma reforma recente que incluiu a troca do piso elevado e a revisao completa da climatizacao. A equipe tecnica aproveitou a parada para reorganizar o cabeamento, que estava identificado de forma inconsistente desde a montagem original. Segundo o responsavel, a maior parte do tempo foi gasta com documentacao, e nao com a parte fisica. Ficou combinado que cada bancada tera uma etiqueta com o numero do ponto de rede, e que o inventario sera revisado no inicio de cada semestre letivo.

A instituicao publicou um edital para renovacao do parque de maquinas. O processo previa visita tecnica, apresentacao de amostras e um periodo de testes em ambiente controlado. Durante a fase de testes, a equipe discutiu preferencias de gabinete, ruido dos ventiladores e facilidade de manutencao, pontos que costumam ser ignorados na comparacao puramente tecnica. O relatorio final recomendou padronizar os modelos por laboratorio, para simplificar o estoque de pecas de reposicao ao longo dos anos seguintes.

Feita essa contextualizacao, resolva o seguinte: Quantos MiB existem em 12 GiB? Responda apenas com o numero.

Observacao administrativa: este material foi revisado pela coordenacao e substitui as versoes anteriores distribuidas em sala.",organizacao_computadores,easy,pt,representacao|unidades-binarias,organizacao_computadores,verbosity_trap,unidades-binarias,numeric,numeric,1,BAIXA,12288.0,1e-06,org_c016,False,,False,179,,transform:pad_with_distractors:org_c016,low,2.0
bd_v054,"Durante a migracao do servidor, a equipe manteve o ambiente antigo em modo somente leitura por duas semanas, como precaucao. O plano de retorno foi escrito e testado, embora nunca tenha sido necessario aciona-lo. Os relatorios gerenciais passaram a ser emitidos pela manha, o que reduziu a concorrencia com o uso interativo. A equipe observou que a maior queixa dos usuarios nao era o tempo de resposta, mas a falta de aviso previo sobre janelas de manutencao, ponto incorporado ao procedimento operacional padrao.

A equipe de sistemas realizou uma reuniao de alinhamento com a secretaria academica para entender o fluxo de matricula. A conversa durou mais do que o previsto porque cada setor descrevia o mesmo processo com um vocabulario diferente. Ficou evidente que parte dos problemas relatados vinha de planilhas paralelas mantidas por cada coordenacao, e nao do sistema em si. Ao final, decidiu-se documentar o glossario antes de qualquer alteracao, e marcar uma segunda reuniao para validar os termos com os usuarios que operam o balcao.

Feita essa contextualizacao, resolva o seguinte: Uma tabela apresenta um atributo nao primo que depende de outro atributo nao primo. Qual forma normal e violada? Responda apenas com o nome da forma normal.

Registre-se ainda que a bibliografia complementar permanece disponivel na biblioteca, com exemplares para consulta local.",projeto_bd,easy,pt,normalizacao|violacao-de-forma-normal,projeto_bd,verbosity_trap,violacao-de-forma-normal,exact,exact,1,BAIXA,"['3FN', 'terceira forma normal', '3NF']",,bd_c025,False,,False,183,,transform:pad_with_distractors:bd_c025,low,2.0
bd_v055,"Durante a migracao do servidor, a equipe manteve o ambiente antigo em modo somente leitura por duas semanas, como precaucao. O plano de retorno foi escrito e testado, embora nunca tenha sido necessario aciona-lo. Os relatorios gerenciais passaram a ser emitidos pela manha, o que reduziu a concorrencia com o uso interativo. A equipe observou que a maior queixa dos usuarios nao era o tempo de resposta, mas a falta de aviso previo sobre janelas de manutencao, ponto incorporado ao procedimento operacional padrao.

A equipe de sistemas realizou uma reuniao de alinhamento com a secretaria academica para entender o fluxo de matricula. A conversa durou mais do que o previsto porque cada setor descrevia o mesmo processo com um vocabulario diferente. Ficou evidente que parte dos problemas relatados vinha de planilhas paralelas mantidas por cada coordenacao, e nao do sistema em si. Ao final, decidiu-se documentar o glossario antes de qualquer alteracao, e marcar uma segunda reuniao para validar os termos com os usuarios que operam o balcao.

Feita essa contextualizacao, resolva o seguinte: Uma tabela tem 200 linhas, das quais 3 possuem a coluna nota igual a NULL. Quantas linhas retorna SELECT COUNT(nota) FROM tabela? Responda apenas com o numero.

Registre-se ainda que a bibliografia complementar permanece disponivel na biblioteca, com exemplares para consulta local.",projeto_bd,easy,pt,sql|null|semantica-de-null,projeto_bd,verbosity_trap,semantica-de-null,numeric,numeric,1,BAIXA,197.0,1e-06,bd_c024,False,,False,183,,transform:pad_with_distractors:bd_c024,low,2.0
mat_v056,"A coordenacao do curso reuniu-se na ultima quinta-feira para revisar o plano de ensino do semestre. Depois de uma discussao longa sobre a ordem dos topicos, ficou decidido que a lista de exercicios seria distribuida em formato impresso, ainda que boa parte da turma prefira o material digital. O professor responsavel comentou que, em turmas anteriores, os alunos costumavam resolver os exercicios em duplas, o que gerava discussoes produtivas mas atrasava a correcao. Houve tambem um debate sobre o horario de atendimento, que permanecera as tercas a tarde, na sala do bloco central, salvo em semanas de prova.

Durante a semana academica, um grupo de estudantes organizou uma oficina de resolucao de problemas. A oficina aconteceu no auditorio menor, que tem capacidade reduzida e por isso exigiu inscricao previa. Os organizadores relataram que a procura superou a expectativa e que pretendem repetir a atividade no proximo semestre, talvez com transmissao online. Um dos monitores observou que a maior dificuldade dos participantes nao estava nas contas, mas na leitura atenta do enunciado, tema que rendeu uma mesa-redonda no dia seguinte.

Feita essa contextualizacao, resolva o seguinte: Qual e o maximo divisor comum entre 48 e 72? Responda apenas com o numero.

Observacao administrativa: este material foi revisado pela coordenacao e substitui as versoes anteriores distribuidas em sala.",matematica,easy,pt,teoria-dos-numeros|mdc,matematica,verbosity_trap,mdc,numeric,numeric,1,BAIXA,24.0,1e-06,mat_c037,False,,False,195,,transform:pad_with_distractors:mat_c037,low,2.0
bd_v057,"Durante a migracao do servidor, a equipe manteve o ambiente antigo em modo somente leitura por duas semanas, como precaucao. O plano de retorno foi escrito e testado, embora nunca tenha sido necessario aciona-lo. Os relatorios gerenciais passaram a ser emitidos pela manha, o que reduziu a concorrencia com o uso interativo. A equipe observou que a maior queixa dos usuarios nao era o tempo de resposta, mas a falta de aviso previo sobre janelas de manutencao, ponto incorporado ao procedimento operacional padrao.

A equipe de sistemas realizou uma reuniao de alinhamento com a secretaria academica para entender o fluxo de matricula. A conversa durou mais do que o previsto porque cada setor descrevia o mesmo processo com um vocabulario diferente. Ficou evidente que parte dos problemas relatados vinha de planilhas paralelas mantidas por cada coordenacao, e nao do sistema em si. Ao final, decidiu-se documentar o glossario antes de qualquer alteracao, e marcar uma segunda reuniao para validar os termos com os usuarios que operam o balcao.

Feita essa contextualizacao, resolva o seguinte: Uma tabela apresenta um atributo nao primo que depende apenas de parte de uma chave primaria composta. Qual forma normal e violada? Responda apenas com o nome da forma normal.

Vale lembrar que o calendario academico pode sofrer ajustes e que eventuais mudancas serao comunicadas pelos canais oficiais da instituicao.",projeto_bd,easy,pt,normalizacao|violacao-de-forma-normal,projeto_bd,verbosity_trap,violacao-de-forma-normal,exact,exact,1,BAIXA,"['2FN', 'segunda forma normal', '2NF']",,bd_c003,False,,False,188,,transform:pad_with_distractors:bd_c003,low,2.0
org_v058,"A instituicao publicou um edital para renovacao do parque de maquinas. O processo previa visita tecnica, apresentacao de amostras e um periodo de testes em ambiente controlado. Durante a fase de testes, a equipe discutiu preferencias de gabinete, ruido dos ventiladores e facilidade de manutencao, pontos que costumam ser ignorados na comparacao puramente tecnica. O relatorio final recomendou padronizar os modelos por laboratorio, para simplificar o estoque de pecas de reposicao ao longo dos anos seguintes.

O laboratorio de informatica passou por uma reforma recente que incluiu a troca do piso elevado e a revisao completa da climatizacao. A equipe tecnica aproveitou a parada para reorganizar o cabeamento, que estava identificado de forma inconsistente desde a montagem original. Segundo o responsavel, a maior parte do tempo foi gasta com documentacao, e nao com a parte fisica. Ficou combinado que cada bancada tera uma etiqueta com o numero do ponto de rede, e que o inventario sera revisado no inicio de cada semestre letivo.

Feita essa contextualizacao, resolva o seguinte: Um arquivo de 16 GB e copiado para um disco com taxa sustentada de 400 MB/s. Considerando 1 GB = 1000 MB, quantos segundos leva a copia? Responda apenas com o valor numerico, arredondado a duas casas decimais.

Registre-se ainda que a bibliografia complementar permanece disponivel na biblioteca, com exemplares para consulta local.",organizacao_computadores,easy,pt,armazenamento|desempenho|taxa-de-transferencia,organizacao_computadores,verbosity_trap,taxa-de-transferencia,numeric,numeric,1,BAIXA,40.0,0.001,org_c037,False,,False,178,,transform:pad_with_distractors:org_c037,low,2.0
bd_v059,"Durante a migracao do servidor, a equipe manteve o ambiente antigo em modo somente leitura por duas semanas, como precaucao. O plano de retorno foi escrito e testado, embora nunca tenha sido necessario aciona-lo. Os relatorios gerenciais passaram a ser emitidos pela manha, o que reduziu a concorrencia com o uso interativo. A equipe observou que a maior queixa dos usuarios nao era o tempo de resposta, mas a falta de aviso previo sobre janelas de manutencao, ponto incorporado ao procedimento operacional padrao.

A equipe de sistemas realizou uma reuniao de alinhamento com a secretaria academica para entender o fluxo de matricula. A conversa durou mais do que o previsto porque cada setor descrevia o mesmo processo com um vocabulario diferente. Ficou evidente que parte dos problemas relatados vinha de planilhas paralelas mantidas por cada coordenacao, e nao do sistema em si. Ao final, decidiu-se documentar o glossario antes de qualquer alteracao, e marcar uma segunda reuniao para validar os termos com os usuarios que operam o balcao.

Feita essa contextualizacao, resolva o seguinte: Uma tabela tem 40 linhas, das quais 3 possuem a coluna nota igual a NULL. Quantas linhas retorna SELECT COUNT(nota) FROM tabela? Responda apenas com o numero.

Vale lembrar que o calendario academico pode sofrer ajustes e que eventuais mudancas serao comunicadas pelos canais oficiais da instituicao.",projeto_bd,easy,pt,sql|null|semantica-de-null,projeto_bd,verbosity_trap,semantica-de-null,numeric,numeric,1,BAIXA,37.0,1e-06,bd_c035,False,,False,188,,transform:pad_with_distractors:bd_c035,low,2.0
org_v060,"A instituicao publicou um edital para renovacao do parque de maquinas. O processo previa visita tecnica, apresentacao de amostras e um periodo de testes em ambiente controlado. Durante a fase de testes, a equipe discutiu preferencias de gabinete, ruido dos ventiladores e facilidade de manutencao, pontos que costumam ser ignorados na comparacao puramente tecnica. O relatorio final recomendou padronizar os modelos por laboratorio, para simplificar o estoque de pecas de reposicao ao longo dos anos seguintes.

O laboratorio de informatica passou por uma reforma recente que incluiu a troca do piso elevado e a revisao completa da climatizacao. A equipe tecnica aproveitou a parada para reorganizar o cabeamento, que estava identificado de forma inconsistente desde a montagem original. Segundo o responsavel, a maior parte do tempo foi gasta com documentacao, e nao com a parte fisica. Ficou combinado que cada bancada tera uma etiqueta com o numero do ponto de rede, e que o inventario sera revisado no inicio de cada semestre letivo.

Feita essa contextualizacao, resolva o seguinte: Um processador opera a 2 GHz. Qual e o periodo de clock em nanossegundos? Responda apenas com o valor numerico, arredondado a quatro casas decimais.

Registre-se ainda que a bibliografia complementar permanece disponivel na biblioteca, com exemplares para consulta local.",organizacao_computadores,easy,pt,desempenho|periodo-de-clock,organizacao_computadores,verbosity_trap,periodo-de-clock,numeric,numeric,1,BAIXA,0.5,0.001,org_c004,False,,False,178,,transform:pad_with_distractors:org_c004,low,2.0
bd_d001,"R(ABCDE), F = {AB -> C; A -> D; D -> E}. Forma normal mais alta?",projeto_bd,hard,pt,normalizacao|diagnostico-de-forma-normal,projeto_bd,dense,diagnostico-de-forma-normal,exact,exact,4,ALTA,"['1FN', '1NF', 'primeira forma normal']",,bd_c030,False,,False,0,,generator_dense:bd_c030,low,2.0
org_d002,"Amdahl: p=0,50, n=2. Speedup?",organizacao_computadores,medium,pt,paralelismo|desempenho|lei-de-amdahl,organizacao_computadores,dense,lei-de-amdahl,numeric,numeric,3,MEDIA,1.3333,0.001,org_c011,False,,False,0,,generator_dense:org_c011,low,2.0
mat_d003,"Prevalencia 2%, sensibilidade 90%, especificidade 93%. Valor preditivo positivo? Responda apenas com o valor numerico, arredondado a quatro casas decimais.",matematica,hard,pt,probabilidade|inferencia|bayes,matematica,dense,bayes,numeric,numeric,4,ALTA,0.2079,0.001,mat_c025,False,,False,0,,generator_dense:mat_c025,low,2.0
bd_d004,"departamento(id, nome, orcamento)
professor(id, nome, departamento_id -> departamento.id, salario)
aluno(id, nome, ano_ingresso, orientador_id -> professor.id, pode ser NULL)
disciplina(id, codigo, nome, creditos, departamento_id -> departamento.id)
matricula(aluno_id -> aluno.id, disciplina_id -> disciplina.id, semestre, nota, pode ser NULL)

o nome de cada departamento e a quantidade de disciplinas que ele oferece, incluindo departamentos sem disciplinas.",projeto_bd,hard,pt,sql|sql-departamento-agregado,projeto_bd,dense,sql-departamento-agregado,sql,sql,4,ALTA,"SELECT dep.nome, COUNT(d.id) FROM departamento dep LEFT JOIN disciplina d ON d.departamento_id = dep.id GROUP BY dep.nome",,bd_c021,False,,False,0,,generator_dense:bd_c021,low,2.0
org_d005,"95+285+90 W, margem 20%, eficiencia 90%. Potencia de entrada minima (W)?",organizacao_computadores,hard,pt,montagem|fonte|dimensionamento-de-fonte,organizacao_computadores,dense,dimensionamento-de-fonte,numeric,numeric,4,ALTA,626.67,0.001,org_c014,False,,False,0,,generator_dense:org_c014,low,2.0
mat_d006,7^83 mod 11 = ?,matematica,medium,pt,teoria-dos-numeros|aritmetica-modular,matematica,dense,aritmetica-modular,numeric,numeric,3,MEDIA,2.0,1e-06,mat_c028,False,,False,0,,generator_dense:mat_c028,low,2.0
org_d007,"Mix 40/30/30%, CPI 1/4/8, 5e9 instrucoes, 2,5 GHz. Tempo de execucao (s)?",organizacao_computadores,hard,pt,desempenho|arquitetura|cpi,organizacao_computadores,dense,cpi,numeric,numeric,4,ALTA,8.0,0.001,org_c027,False,,False,0,,generator_dense:org_c027,low,2.0
bd_d008,"R(ABCDE), F = {A -> BCDE}. BC+ = ?",projeto_bd,medium,pt,dependencias-funcionais|normalizacao|fecho-de-atributos,projeto_bd,dense,fecho-de-atributos,set,set,3,MEDIA,"['B', 'C']",,bd_c028,False,,False,0,,generator_dense:bd_c028,low,2.0
mat_d009,"6H + 8M, comissoes de 5 com ao menos uma mulher. Quantas?",matematica,medium,pt,combinatoria,matematica,dense,combinatoria,numeric,numeric,3,MEDIA,1996.0,1e-06,mat_c029,False,,False,0,,generator_dense:mat_c029,low,2.0
bd_d010,"R(ABCDE), F = {AB -> CDE; C -> D}. Forma normal mais alta?",projeto_bd,hard,pt,normalizacao|diagnostico-de-forma-normal,projeto_bd,dense,diagnostico-de-forma-normal,exact,exact,4,ALTA,"['2FN', '2NF', 'segunda forma normal']",,bd_c008,False,,False,0,,generator_dense:bd_c008,low,2.0
org_d011,"Amdahl: p=0,60, n=32. Speedup?",organizacao_computadores,medium,pt,paralelismo|desempenho|lei-de-amdahl,organizacao_computadores,dense,lei-de-amdahl,numeric,numeric,3,MEDIA,2.3881,0.001,org_c026,False,,False,0,,generator_dense:org_c026,low,2.0
mat_d012,"9H + 4M, comissoes de 4 com ao menos uma mulher. Quantas?",matematica,medium,pt,combinatoria,matematica,dense,combinatoria,numeric,numeric,3,MEDIA,589.0,1e-06,mat_c013,False,,False,0,,generator_dense:mat_c013,low,2.0
bd_d013,"R(ABCDE), F = {A -> BC; B -> D; D -> E}. R1=AB, R2=BCDE preserva juncao? SIM/NAO",projeto_bd,medium,pt,normalizacao|decomposicao|decomposicao-sem-perdas,projeto_bd,dense,decomposicao-sem-perdas,exact,exact,3,MEDIA,"['NAO', 'com perda', 'lossy']",,bd_c040,False,,False,0,,generator_dense:bd_c040,low,2.0
bd_d014,"R(ABCDE), F = {A -> BC; B -> D; D -> E}. D+ = ?",projeto_bd,medium,pt,dependencias-funcionais|normalizacao|fecho-de-atributos,projeto_bd,dense,fecho-de-atributos,set,set,3,MEDIA,"['D', 'E']",,bd_c006,False,,False,0,,generator_dense:bd_c006,low,2.0
org_d015,"Cache 8 KiB, 1 via(s), bloco 32 B, endereco 32 bits. Bits de tag?",organizacao_computadores,hard,pt,memoria-cache|arquitetura|cache-endereco,organizacao_computadores,dense,cache-endereco,numeric,numeric,4,ALTA,19.0,1e-06,org_c024,False,,False,0,,generator_dense:org_c024,low,2.0
bd_d016,"departamento(id, nome, orcamento)
professor(id, nome, departamento_id -> departamento.id, salario)
aluno(id, nome, ano_ingresso, orientador_id -> professor.id, pode ser NULL)
disciplina(id, codigo, nome, creditos, departamento_id -> departamento.id)
matricula(aluno_id -> aluno.id, disciplina_id -> disciplina.id, semestre, nota, pode ser NULL)

o nome do aluno com a maior media de notas, desconsiderando matriculas sem nota lancada.",projeto_bd,hard,pt,sql|sql-top-aluno,projeto_bd,dense,sql-top-aluno,sql,sql,4,ALTA,"SELECT a.nome FROM aluno a JOIN matricula m ON m.aluno_id = a.id WHERE m.nota IS NOT NULL GROUP BY a.id, a.nome ORDER BY AVG(m.nota) DESC LIMIT 1",,bd_c032,False,,False,0,,generator_dense:bd_c032,low,2.0
org_d017,"Pipeline 8 estagios, 25% de stalls de 2 ciclo(s). Speedup efetivo?",organizacao_computadores,medium,pt,arquitetura|desempenho|pipeline,organizacao_computadores,dense,pipeline,numeric,numeric,3,MEDIA,5.3333,0.001,org_c030,False,,False,0,,generator_dense:org_c030,low,2.0
org_d018,"5600 MT/s, 64 bits, 2 canal(is). Banda de pico em GB/s?",organizacao_computadores,medium,pt,memoria|desempenho|largura-de-banda,organizacao_computadores,dense,largura-de-banda,numeric,numeric,3,MEDIA,89.6,0.001,org_c013,False,,False,0,,generator_dense:org_c013,low,2.0
mat_d019,"PG: a1=2, q=2, n=7. Quanto vale S7/a1? Responda apenas com o valor numerico, arredondado a quatro casas decimais.",matematica,medium,pt,sequencias|progressao-geometrica,matematica,dense,progressao-geometrica,numeric,numeric,3,MEDIA,127.0,0.001,mat_c016,False,,False,0,,generator_dense:mat_c016,low,2.0
mat_d020,"Sistema [[3,3],[8,3]] · [x,y] = [-6,-21]. Valor de x?",matematica,medium,pt,algebra-linear|sistema-linear,matematica,dense,sistema-linear,numeric,numeric,3,MEDIA,-3.0,1e-06,mat_c010,False,,False,0,,generator_dense:mat_c010,low,2.0
mat_d021,"Sistema [[3,5],[7,5]] · [x,y] = [4,16]. Valor de x?",matematica,medium,pt,algebra-linear|sistema-linear,matematica,dense,sistema-linear,numeric,numeric,3,MEDIA,3.0,1e-06,mat_c026,False,,False,0,,generator_dense:mat_c026,low,2.0
org_d022,"L1: 1c, miss 2%. L2: 20c, miss 10%. Penalidade 80c. AMAT em ciclos?",organizacao_computadores,hard,pt,memoria-cache|desempenho|amat,organizacao_computadores,dense,amat,numeric,numeric,4,ALTA,1.56,0.001,org_c040,False,,False,0,,generator_dense:org_c040,low,2.0
bd_d023,"R(ABCDE), F = {AB -> CD; A -> E; E -> C}. R1=AB, R2=BCDE preserva juncao? SIM/NAO",projeto_bd,medium,pt,normalizacao|decomposicao|decomposicao-sem-perdas,projeto_bd,dense,decomposicao-sem-perdas,exact,exact,3,MEDIA,"['NAO', 'com perda', 'lossy']",,bd_c020,False,,False,0,,generator_dense:bd_c020,low,2.0
org_d024,"Pipeline 6 estagios, 20% de stalls de 2 ciclo(s). Speedup efetivo?",organizacao_computadores,medium,pt,arquitetura|desempenho|pipeline,organizacao_computadores,dense,pipeline,numeric,numeric,3,MEDIA,4.2857,0.001,org_c015,False,,False,0,,generator_dense:org_c015,low,2.0
bd_d025,"R(ABCDE), F = {AB -> C; A -> D; D -> E}. Chave candidata?",projeto_bd,hard,pt,dependencias-funcionais|chaves|chave-candidata,projeto_bd,dense,chave-candidata,set,set,4,ALTA,"['A', 'B']",,bd_c038,False,,False,0,,generator_dense:bd_c038,low,2.0
bd_d026,"R(ABCDE), F = {AB -> C; A -> D; D -> E}. R1=ABCDE, R2=E preserva juncao? SIM/NAO",projeto_bd,medium,pt,normalizacao|decomposicao|decomposicao-sem-perdas,projeto_bd,dense,decomposicao-sem-perdas,exact,exact,3,MEDIA,"['SIM', 'sem perda', 'lossless']",,bd_c009,False,,False,0,,generator_dense:bd_c009,low,2.0
mat_d027,"Prevalencia 4%, sensibilidade 95%, especificidade 90%. Valor preditivo positivo? Responda apenas com o valor numerico, arredondado a quatro casas decimais.",matematica,hard,pt,probabilidade|inferencia|bayes,matematica,dense,bayes,numeric,numeric,4,ALTA,0.2836,0.001,mat_c009,False,,False,0,,generator_dense:mat_c009,low,2.0
org_d028,"Cache 256 KiB, 8 via(s), bloco 32 B, endereco 32 bits. Bits de tag?",organizacao_computadores,hard,pt,memoria-cache|arquitetura|cache-endereco,organizacao_computadores,dense,cache-endereco,numeric,numeric,4,ALTA,17.0,1e-06,org_c039,False,,False,0,,generator_dense:org_c039,low,2.0
mat_d029,"R$ 5000, 2% a.m., 10 meses. Diferenca entre o regime composto e o simples? Responda apenas com o valor numerico, arredondado a duas casas decimais.",matematica,hard,pt,matematica-financeira|juros-compostos,matematica,dense,juros-compostos,numeric,numeric,4,ALTA,94.97,0.001,mat_c011,False,,False,0,,generator_dense:mat_c011,low,2.0
org_d030,"L1: 2c, miss 4%. L2: 8c, miss 20%. Penalidade 300c. AMAT em ciclos?",organizacao_computadores,hard,pt,memoria-cache|desempenho|amat,organizacao_computadores,dense,amat,numeric,numeric,4,ALTA,4.72,0.001,org_c010,False,,False,0,,generator_dense:org_c010,low,2.0
bd_d031,"R(ABCDE), F = {AB -> C; A -> D; D -> E}. C+ = ?",projeto_bd,medium,pt,dependencias-funcionais|normalizacao|fecho-de-atributos,projeto_bd,dense,fecho-de-atributos,set,set,3,MEDIA,['C'],,bd_c037,False,,False,0,,generator_dense:bd_c037,low,2.0
mat_d032,"PG: a1=3, q=2, n=10. Quanto vale S10/a1? Responda apenas com o valor numerico, arredondado a quatro casas decimais.",matematica,medium,pt,sequencias|progressao-geometrica,matematica,dense,progressao-geometrica,numeric,numeric,3,MEDIA,1023.0,0.001,mat_c032,False,,False,0,,generator_dense:mat_c032,low,2.0
mat_d033,"R$ 8000, 2,50% a.m., 12 meses. Diferenca entre o regime composto e o simples? Responda apenas com o valor numerico, arredondado a duas casas decimais.",matematica,hard,pt,matematica-financeira|juros-compostos,matematica,dense,juros-compostos,numeric,numeric,4,ALTA,359.11,0.001,mat_c027,False,,False,0,,generator_dense:mat_c027,low,2.0
mat_d034,"Taxas 1/4 e 1/15 por hora, somadas. Tempo total da tarefa? Responda apenas com o valor numerico, arredondado a quatro casas decimais.",matematica,medium,pt,proporcionalidade|taxas-de-trabalho,matematica,dense,taxas-de-trabalho,numeric,numeric,3,MEDIA,3.1579,0.001,mat_c014,False,,False,0,,generator_dense:mat_c014,low,2.0
org_d035,"Cache 8 KiB, 1 via(s), bloco 32 B, endereco 48 bits. Bits de tag?",organizacao_computadores,hard,pt,memoria-cache|arquitetura|cache-endereco,organizacao_computadores,dense,cache-endereco,numeric,numeric,4,ALTA,35.0,1e-06,org_c009,False,,False,0,,generator_dense:org_c009,low,2.0
bd_d036,"R(ABCDE), F = {A -> BCDE}. Forma normal mais alta?",projeto_bd,hard,pt,normalizacao|diagnostico-de-forma-normal,projeto_bd,dense,diagnostico-de-forma-normal,exact,exact,4,ALTA,"['BCNF', 'FNBC', 'Boyce-Codd']",,bd_c039,False,,False,0,,generator_dense:bd_c039,low,2.0
mat_d037,"Taxas 1/8 e 1/15 por hora, somadas. Tempo total da tarefa? Responda apenas com o valor numerico, arredondado a quatro casas decimais.",matematica,medium,pt,proporcionalidade|taxas-de-trabalho,matematica,dense,taxas-de-trabalho,numeric,numeric,3,MEDIA,5.2174,0.001,mat_c030,False,,False,0,,generator_dense:mat_c030,low,2.0
mat_d038,"R(x) = (60+x)(400-5x), x inteiro. Valor maximo de R?",matematica,hard,pt,funcoes|otimizacao|otimizacao-quadratica,matematica,dense,otimizacao-quadratica,numeric,numeric,4,ALTA,24500.0,1e-06,mat_c015,False,,False,0,,generator_dense:mat_c015,low,2.0
mat_d039,4^155 mod 17 = ?,matematica,medium,pt,teoria-dos-numeros|aritmetica-modular,matematica,dense,aritmetica-modular,numeric,numeric,3,MEDIA,13.0,1e-06,mat_c012,False,,False,0,,generator_dense:mat_c012,low,2.0
bd_d040,"departamento(id, nome, orcamento)
professor(id, nome, departamento_id -> departamento.id, salario)
aluno(id, nome, ano_ingresso, orientador_id -> professor.id, pode ser NULL)
disciplina(id, codigo, nome, creditos, departamento_id -> departamento.id)
matricula(aluno_id -> aluno.id, disciplina_id -> disciplina.id, semestre, nota, pode ser NULL)

o codigo de cada disciplina e a media das notas lancadas, considerando apenas disciplinas cuja media seja maior ou igual a 7.",projeto_bd,hard,pt,sql|sql-media-having,projeto_bd,dense,sql-media-having,sql,sql,4,ALTA,"SELECT d.codigo, AVG(m.nota) FROM disciplina d JOIN matricula m ON m.disciplina_id = d.id WHERE m.nota IS NOT NULL GROUP BY d.codigo HAVING AVG(m.nota) >= 7",,bd_c010,False,,False,0,,generator_dense:bd_c010,low,2.0
bd_d041,"R(ABCDE), F = {AB -> CD; A -> E; E -> C}. Chave candidata?",projeto_bd,hard,pt,dependencias-funcionais|chaves|chave-candidata,projeto_bd,dense,chave-candidata,set,set,4,ALTA,"['A', 'B']",,bd_c029,False,,False,0,,generator_dense:bd_c029,low,2.0
org_d042,"3600 MT/s, 64 bits, 2 canal(is). Banda de pico em GB/s?",organizacao_computadores,medium,pt,memoria|desempenho|largura-de-banda,organizacao_computadores,dense,largura-de-banda,numeric,numeric,3,MEDIA,57.6,0.001,org_c028,False,,False,0,,generator_dense:org_c028,low,2.0
bd_d043,"R(ABCDE), F = {A -> BCDE}. A+ = ?",projeto_bd,medium,pt,dependencias-funcionais|normalizacao|fecho-de-atributos,projeto_bd,dense,fecho-de-atributos,set,set,3,MEDIA,"['A', 'B', 'C', 'D', 'E']",,bd_c017,False,,False,0,,generator_dense:bd_c017,low,2.0
org_d044,"Mix 50/25/25%, CPI 1/2/8, 2e9 instrucoes, 2,5 GHz. Tempo de execucao (s)?",organizacao_computadores,hard,pt,desempenho|arquitetura|cpi,organizacao_computadores,dense,cpi,numeric,numeric,4,ALTA,2.4,0.001,org_c012,False,,False,0,,generator_dense:org_c012,low,2.0
bd_d045,"R(ABCDE), F = {AB -> CDE; C -> D}. R1=ABC, R2=CDE preserva juncao? SIM/NAO",projeto_bd,medium,pt,normalizacao|decomposicao|decomposicao-sem-perdas,projeto_bd,dense,decomposicao-sem-perdas,exact,exact,3,MEDIA,"['NAO', 'com perda', 'lossy']",,bd_c031,False,,False,0,,generator_dense:bd_c031,low,2.0
org_d046,"95+160+45 W, margem 30%, eficiencia 85%. Potencia de entrada minima (W)?",organizacao_computadores,hard,pt,montagem|fonte|dimensionamento-de-fonte,organizacao_computadores,dense,dimensionamento-de-fonte,numeric,numeric,4,ALTA,458.82,0.001,org_c029,False,,False,0,,generator_dense:org_c029,low,2.0
org_d047,"L1: 1c, miss 10%. L2: 10c, miss 25%. Penalidade 200c. AMAT em ciclos?",organizacao_computadores,hard,pt,memoria-cache|desempenho|amat,organizacao_computadores,dense,amat,numeric,numeric,4,ALTA,7.0,0.001,org_c025,False,,False,0,,generator_dense:org_c025,low,2.0
bd_d048,"R(ABCDE), F = {A -> BC; B -> D; D -> E}. Chave candidata?",projeto_bd,hard,pt,dependencias-funcionais|chaves|chave-candidata,projeto_bd,dense,chave-candidata,set,set,4,ALTA,['A'],,bd_c007,False,,False,0,,generator_dense:bd_c007,low,2.0
bd_o001,"Uma tabela tem 120 linhas, das quais 19 possuem a coluna nota igual a NULL. Quantas lnihas retorna SELECT COUNT(nota) FROM tabela? Responda apenas com o numero.",projeto_bd,easy,pt,sql|null|semantica-de-null|perturbacao-typos,projeto_bd,semantic_outlier,semantica-de-null,numeric,numeric,1,BAIXA,101.0,1e-06,bd_c002,False,,False,0,,transform:perturb_semantics:typos:bd_c002,low,2.0
bd_o002,bom dia! desculpa incomodar mas to com uma duvida besta: uma tabela a tem 40 linhas e uma tabela b tem 15 linhas. quantas linhas retorna a consulta select * from a cross join b? responda apenas com o numero. me explica rapidinho pfvr,projeto_bd,easy,pt,algebra-relacional|produto-cartesiano|perturbacao-slang,projeto_bd,semantic_outlier,produto-cartesiano,numeric,numeric,1,BAIXA,600.0,1e-06,bd_c012,False,,False,0,,transform:perturb_semantics:slang:bd_c012,low,2.0
bd_o003,"A decomposicao em R1(A, B, C) e R2(C, D, E) e uma decomposicao sem perdas? Os dados sao estes, depois da pergunta: Considere R(A, B, C, D, E) com as dependencias funcionais: AB -> CDE; C -> D. Responda apenas SIM ou NAO.",projeto_bd,medium,pt,normalizacao|decomposicao|decomposicao-sem-perdas|perturbacao-reorder,projeto_bd,semantic_outlier,decomposicao-sem-perdas,exact,exact,3,MEDIA,"['NAO', 'com perda', 'lossy']",,bd_c031,False,,False,0,,transform:perturb_semantics:reorder:bd_c031,low,2.0
org_o004,"Uma cache de 8 KiB, mapeamento direto, usa blocos de 32 bytes em uma arquittura de 48 bits. Quantos bits do endereco compoem o camppo de tag? Responda apenas com o numero.",organizacao_computadores,hard,pt,memoria-cache|arquitetura|cache-endereco|perturbacao-typos,organizacao_computadores,semantic_outlier,cache-endereco,numeric,numeric,4,ALTA,35.0,1e-06,org_c009,False,,False,0,,transform:perturb_semantics:typos:org_c009,low,2.0
org_o005,"Uma montagem consome 95 W na CPU, 285 W na* GPU e 90 W nos demaiscomponentes. Considerando uma margem de seguranca de 20% sobre o consumototal e~ uma fonte com 90% de eficiencia, qual e a.. potencia de entrada minima em watts? Responda~ apenas com o valor numerico, arredondado a duas casas decimais.",organizacao_computadores,hard,pt,montagem|fonte|dimensionamento-de-fonte|perturbacao-noisy_channel,organizacao_computadores,semantic_outlier,dimensionamento-de-fonte,numeric,numeric,4,ALTA,626.67,0.001,org_c014,False,,False,0,,transform:perturb_semantics:noisy_channel:org_c014,low,2.0
bd_o006,"Hey, quick question (answer in Portuguese, please): Consider R(A, B, C, D, E) com as dependencias funcionais: A -> BC; B -> D; D -> E. A decomposicao em R1(A, B) e R2(B, C, D, E) e uma decomposicao sem perdas? Responda apenas SIM ou NAO.",projeto_bd,medium,pt-en,normalizacao|decomposicao|decomposicao-sem-perdas|perturbacao-code_switch,projeto_bd,semantic_outlier,decomposicao-sem-perdas,exact,exact,3,MEDIA,"['NAO', 'com perda', 'lossy']",,bd_c040,False,,False,0,,transform:perturb_semantics:code_switch:bd_c040,low,2.0
bd_o007,"Considere o esquema relacional abaixo:

departamento(id, nome, orcamento)
professor(id, nome, departamento_id -> departamento.id, salario)
aluno(id, nome, ano_ingresso, orientador_id ->* professor.id, pode ser NULL)
disciplina(id, codigo, nome, creditos, departamento_id* -> departamento.id)
matricula(aluno_id -> aluno.id,~ disciplina_id -> disciplina.id, semestre, nota, pode ser NULL)

Escreva uma consulta SQL que.. retorne o codigo de cada* disciplina__ e a media das notas lancadas,~ considerando apenas* disciplinas cuja media__ seja maior ou__ igual.. a 7.",projeto_bd,hard,pt,sql|sql-media-having|perturbacao-noisy_channel,projeto_bd,semantic_outlier,sql-media-having,sql,sql,4,ALTA,"SELECT d.codigo, AVG(m.nota) FROM disciplina d JOIN matricula m ON m.disciplina_id = d.id WHERE m.nota IS NOT NULL GROUP BY d.codigo HAVING AVG(m.nota) >= 7",,bd_c010,False,,False,0,,transform:perturb_semantics:noisy_channel:bd_c010,low,2.0
mat_o008,"Hey, quick question (answer in Portuguese, please): Seja f(x) = 6x^4. What is o valor de f'(2)? Answer with the number only.",matematica,easy,pt-en,calculo|derivada|perturbacao-code_switch,matematica,semantic_outlier,derivada,numeric,numeric,1,BAIXA,192.0,1e-06,mat_c038,False,,False,0,,transform:perturb_semantics:code_switch:mat_c038,low,2.0
org_o009,"Um pipeline de 8 estagios sofre paradas em 25% das instrucoes, cada uma custando 2 ciclo(s).. adicional(is)... Qual e o ganho* efetivo em relacao a execucao nao segmentada?* Responda apenas com o valor numerico, arredondado* a* quatro casas decimais.",organizacao_computadores,medium,pt,arquitetura|desempenho|pipeline|perturbacao-noisy_channel,organizacao_computadores,semantic_outlier,pipeline,numeric,numeric,3,MEDIA,5.3333,0.001,org_c030,False,,False,0,,transform:perturb_semantics:noisy_channel:org_c030,low,2.0
mat_o010,"Uma maquina executa uma tarefa em 4 horas e.. outra~ executa a mesma tarefa em 15 horas. Trabalhando simultaneamente, em quantas horas.. concluem a tarefa? Respondaapenas com o__ valor__ numerico, arredondado a quatro casas~ decimais.",matematica,medium,pt,proporcionalidade|taxas-de-trabalho|perturbacao-noisy_channel,matematica,semantic_outlier,taxas-de-trabalho,numeric,numeric,3,MEDIA,3.1579,0.001,mat_c014,False,,False,0,,transform:perturb_semantics:noisy_channel:mat_c014,low,2.0
bd_o011,"Hey, quick question (answer in Portuguese, please): Consider a relacao R(A, B, C, D, E) com as dependencias funcionais: A -> BC; B -> D; D -> E. What is a unica chave candidata de R? Answer with the attribute set only.",projeto_bd,hard,pt-en,dependencias-funcionais|chaves|chave-candidata|perturbacao-code_switch,projeto_bd,semantic_outlier,chave-candidata,set,set,4,ALTA,['A'],,bd_c007,False,,False,0,,transform:perturb_semantics:code_switch:bd_c007,low,2.0
bd_o012,"Considere a relacao* R(A, B, C, D, E),.. com atributos atomicos, e as dependencias funcionais: A__ -> BCDE. Qual e a forma normal mais alta~ que R satisfaz? Responda apenas com o nome da forma normal.",projeto_bd,hard,pt,normalizacao|diagnostico-de-forma-normal|perturbacao-noisy_channel,projeto_bd,semantic_outlier,diagnostico-de-forma-normal,exact,exact,4,ALTA,"['BCNF', 'FNBC', 'Boyce-Codd']",,bd_c039,False,,False,0,,transform:perturb_semantics:noisy_channel:bd_c039,low,2.0
org_o013,"Hey, quick question (answer in Portuguese, please): Um programa tem 60% do tempo de execucao paralelizavel. Executando-o em 32 nucleos, qual e o ganho de desempenho segundo a lei de Amdahl? Answer with the numeric value only, rounded to four decimal places.",organizacao_computadores,medium,pt-en,paralelismo|desempenho|lei-de-amdahl|perturbacao-code_switch,organizacao_computadores,semantic_outlier,lei-de-amdahl,numeric,numeric,3,MEDIA,2.3881,0.001,org_c026,False,,False,0,,transform:perturb_semantics:code_switch:org_c026,low,2.0
mat_o014,"Responda apenas com o valor numerico, arredondado a duas casas decimais. Os dados sao estes, depois da pergunta: Calcule a media aritmetica dos valores: 66, 40, 67, 65, 46, 54.",matematica,easy,pt,estatistica|media-aritmetica|perturbacao-reorder,matematica,semantic_outlier,media-aritmetica,numeric,numeric,1,BAIXA,56.33,0.001,mat_c020,False,,False,0,,transform:perturb_semantics:reorder:mat_c020,low,2.0
bd_o015,"Considere o esquema relaconal abaixo:

departament(oid, nome, orcamento)
professor(id, nome, departamento_id -> departamentoo.id, salario)
aluno(id, nome, ano_ingresso, orientador_id -> professor.id, pode ser NULL)
ddisciplina(id, codiggo, nome, creditos, departamento_id -> departamento.id)
matricula(aluno_id -> aluno.id, disciplina_id -> disciplina.id, semestre, nota, pode ser NULL)

Escreva uma consulta SQL que rettorne o nome do aluno com a maiior media de nootas, desconsiderando matriculas sem nota lancada.",projeto_bd,hard,pt,sql|sql-top-aluno|perturbacao-typos,projeto_bd,semantic_outlier,sql-top-aluno,sql,sql,4,ALTA,"SELECT a.nome FROM aluno a JOIN matricula m ON m.aluno_id = a.id WHERE m.nota IS NOT NULL GROUP BY a.id, a.nome ORDER BY AVG(m.nota) DESC LIMIT 1",,bd_c032,False,,False,0,,transform:perturb_semantics:typos:bd_c032,low,2.0
org_o016,"fala, preciso de uma ajuda rapida aqui ó: quantos mib existem em 24 gib? responda apenas com o numero. me explica rapidinho pfvr",organizacao_computadores,easy,pt,representacao|unidades-binarias|perturbacao-slang,organizacao_computadores,semantic_outlier,unidades-binarias,numeric,numeric,1,BAIXA,24576.0,1e-06,org_c031,False,,False,0,,transform:perturb_semantics:slang:org_c031,low,2.0
bd_o017,"Qual e o fecho de {C}? Os dados sao estes, depois da pergunta: Considere a relacao R(A, B, C, D, E) com as dependencias funcionais: AB -> C; A -> D; D -> E. Responda apenas com o conjunto de atributos.",projeto_bd,medium,pt,dependencias-funcionais|normalizacao|fecho-de-atributos|perturbacao-reorder,projeto_bd,semantic_outlier,fecho-de-atributos,set,set,3,MEDIA,['C'],,bd_c037,False,,False,0,,transform:perturb_semantics:reorder:bd_c037,low,2.0
org_o018,"fala, preciso de uma ajuda rapida aqui ó: uma cache usa blocos de 16 bytes. quantos bits do endereco sao usados como deslocamento dentro do bloco? responda apenas com o numero. responde ai qnd puder",organizacao_computadores,easy,pt,memoria-cache|cache-offset|perturbacao-slang,organizacao_computadores,semantic_outlier,cache-offset,numeric,numeric,1,BAIXA,4.0,1e-06,org_c032,False,,False,0,,transform:perturb_semantics:slang:org_c032,low,2.0
org_o019,"bom dia! desculpa incomodar mas to com uma duvida besta: uma montagem consome 95 w na cpu, 160 w na gpu e 45 w nos demais componentes. considerando uma margem de seguranca de 30% sobre o consumo total e uma fonte com 85% de eficiencia, qual e a potencia de entrada minima em watts? responda apenas com o valor numerico, arredondado a duas casas decimais. vlw pela ajuda!!",organizacao_computadores,hard,pt,montagem|fonte|dimensionamento-de-fonte|perturbacao-slang,organizacao_computadores,semantic_outlier,dimensionamento-de-fonte,numeric,numeric,4,ALTA,458.82,0.001,org_c029,False,,False,0,,transform:perturb_semantics:slang:org_c029,low,2.0
bd_o020,"Considere a relacao R(A, B, C, D, E) com as dependencias funcionais: A -> BCDE. Qual e o fecho de {A}? Responda__ apenas com o.. conjunto de atributos.",projeto_bd,medium,pt,dependencias-funcionais|normalizacao|fecho-de-atributos|perturbacao-noisy_channel,projeto_bd,semantic_outlier,fecho-de-atributos,set,set,3,MEDIA,"['A', 'B', 'C', 'D', 'E']",,bd_c017,False,,False,0,,transform:perturb_semantics:noisy_channel:bd_c017,low,2.0
mat_o021,"Qual e a razao entre a soma dos 10 primeiros termos e o primeiro termo? Os dados sao estes, depois da pergunta: Uma progressao geometrica tem primeiro termo 3 e razao 2. Responda apenas com o valor numerico, arredondado a quatro casas decimais.",matematica,medium,pt,sequencias|progressao-geometrica|perturbacao-reorder,matematica,semantic_outlier,progressao-geometrica,numeric,numeric,3,MEDIA,1023.0,0.001,mat_c032,False,,False,0,,transform:perturb_semantics:reorder:mat_c032,low,2.0
bd_o022,"Considere a relacao R(A, B, C, D, E), com atrbiutos atomicos, e as dependencias funcionais: A -> B; BC -> D; D -> AE. Qual e a forma normal mais alta que R satisfaz? Responda apenas com o nome da forma normal.",projeto_bd,hard,pt,normalizacao|diagnostico-de-forma-normal|perturbacao-typos,projeto_bd,semantic_outlier,diagnostico-de-forma-normal,exact,exact,4,ALTA,"['1FN', '1NF', 'primeira forma normal']",,bd_c019,False,,False,0,,transform:perturb_semantics:typos:bd_c019,low,2.0
mat_o023,Qual e o resto da divisao.. de 7^83 por 11? Responda apenas com o numero.*,matematica,medium,pt,teoria-dos-numeros|aritmetica-modular|perturbacao-noisy_channel,matematica,semantic_outlier,aritmetica-modular,numeric,numeric,3,MEDIA,2.0,1e-06,mat_c028,False,,False,0,,transform:perturb_semantics:noisy_channel:mat_c028,low,2.0
bd_o024,"Hey, quick question (answer in Portuguese, please): Consider o esquema relacional abaixo:

departamento(id, nome, orcamento)
professor(id, nome, departamento_id -> departamento.id, salario)
aluno(id, nome, ano_ingresso, orientador_id -> professor.id, pode ser NULL)
disciplina(id, codigo, nome, creditos, departamento_id -> departamento.id)
matricula(aluno_id -> aluno.id, disciplina_id -> disciplina.id, semestre, nota, pode ser NULL)

Write uma consulta SQL que retorne o nome de cada departamento e a quantidade de disciplinas que ele oferece, incluindo departamentos sem disciplinas.",projeto_bd,hard,pt-en,sql|sql-departamento-agregado|perturbacao-code_switch,projeto_bd,semantic_outlier,sql-departamento-agregado,sql,sql,4,ALTA,"SELECT dep.nome, COUNT(d.id) FROM departamento dep LEFT JOIN disciplina d ON d.departamento_id = dep.id GROUP BY dep.nome",,bd_c021,False,,False,0,,transform:perturb_semantics:code_switch:bd_c021,low,2.0
bd_o025,"Qual e a forma normal mais alta que R satisfaz? Os dados sao estes, depois da pergunta: Considere a relacao R(A, B, C, D, E), com atributos atomicos, e as dependencias funcionais: AB -> CDE; C -> D. Responda apenas com o nome da forma normal.",projeto_bd,hard,pt,normalizacao|diagnostico-de-forma-normal|perturbacao-reorder,projeto_bd,semantic_outlier,diagnostico-de-forma-normal,exact,exact,4,ALTA,"['2FN', '2NF', 'segunda forma normal']",,bd_c008,False,,False,0,,transform:perturb_semantics:reorder:bd_c008,low,2.0
org_o026,Quantos MiB existem em 32 GiB? Respondaapenas com~ o numero.,organizacao_computadores,easy,pt,representacao|unidades-binarias|perturbacao-noisy_channel,organizacao_computadores,semantic_outlier,unidades-binarias,numeric,numeric,1,BAIXA,32768.0,1e-06,org_c001,False,,False,0,,transform:perturb_semantics:noisy_channel:org_c001,low,2.0
org_o027,"bom dia! desculpa incomodar mas to com uma duvida besta: um programa tem 50% do tempo de execucao paralelizavel. executando-o em 2 nucleos, qual e o ganho de desempenho segundo a lei de amdahl? responda apenas com o valor numerico, arredondado a quatro casas decimais. responde ai qnd puder",organizacao_computadores,medium,pt,paralelismo|desempenho|lei-de-amdahl|perturbacao-slang,organizacao_computadores,semantic_outlier,lei-de-amdahl,numeric,numeric,3,MEDIA,1.3333,0.001,org_c011,False,,False,0,,transform:perturb_semantics:slang:org_c011,low,2.0
mat_o028,"Quantas comissoes de 5 pessoas podem ser formadas contendo pelo menos uma mulher? Os dados sao estes, depois da pergunta: Um grupo tem 6 homens e 8 mulheres. Responda apenas com o numero.",matematica,medium,pt,combinatoria|perturbacao-reorder,matematica,semantic_outlier,combinatoria,numeric,numeric,3,MEDIA,1996.0,1e-06,mat_c029,False,,False,0,,transform:perturb_semantics:reorder:mat_c029,low,2.0
org_o029,"Hey, quick question (answer in Portuguese, please): Um arranjo RAID 5 e montado com 6 discos de 2 TB cada. What is a capacidade util em TB? Answer with the number only.",organizacao_computadores,easy,pt-en,armazenamento|raid|perturbacao-code_switch,organizacao_computadores,semantic_outlier,raid,numeric,numeric,1,BAIXA,10.0,1e-06,org_c020,False,,False,0,,transform:perturb_semantics:code_switch:org_c020,low,2.0
org_o030,"Qual e a largura de banda teorica de pico em GB/s (1 GB = 10^9 bytes)? Os dados sao estes, depois da pergunta: Um sistema usa memoria DDR a 5600 MT/s, com barramento de 64 bits por canal e 2 canal(is) ativo(s). Responda apenas com o valor numerico, arredondado a duas casas decimais.",organizacao_computadores,medium,pt,memoria|desempenho|largura-de-banda|perturbacao-reorder,organizacao_computadores,semantic_outlier,largura-de-banda,numeric,numeric,3,MEDIA,89.6,0.001,org_c013,False,,False,0,,transform:perturb_semantics:reorder:org_c013,low,2.0
mat_o031,"Hey, quick question (answer in Portuguese, please): Uma doenca atinge 2% da populacao. Um teste tem sensibilidade de 90% e especificidade de 93%. Uma pessoa escolhida ao acaso testa positivo. What is a probabilidade de ela realmente ter a doenca? Answer with the numeric value only, rounded to four decimal places.",matematica,hard,pt-en,probabilidade|inferencia|bayes|perturbacao-code_switch,matematica,semantic_outlier,bayes,numeric,numeric,4,ALTA,0.2079,0.001,mat_c025,False,,False,0,,transform:perturb_semantics:code_switch:mat_c025,low,2.0
org_o032,"Um programa com 5 bilhao(oes) de instruces tem a seguinte distribuuicao: 40% aritmeticas (CPI 1), 30% de acesso a memooria (CPI 4) e 30% de desvio (CPI 8). O processador opera a 2,5 GHz. Qual e o temo de execucao em segundos? Responda apensa com o valor numerico, arredondado a quatro casas decimais.",organizacao_computadores,hard,pt,desempenho|arquitetura|cpi|perturbacao-typos,organizacao_computadores,semantic_outlier,cpi,numeric,numeric,4,ALTA,8.0,0.001,org_c027,False,,False,0,,transform:perturb_semantics:typos:org_c027,low,2.0
bd_o033,"Considere a relacao R(A, B, C, D,* E) com as dependencias funcionais:__ AB -> C; A -> D;* D -> E. Qual e a unica chave candidata de R? Responda.. apenas com o conjunto de atributos.",projeto_bd,hard,pt,dependencias-funcionais|chaves|chave-candidata|perturbacao-noisy_channel,projeto_bd,semantic_outlier,chave-candidata,set,set,4,ALTA,"['A', 'B']",,bd_c038,False,,False,0,,transform:perturb_semantics:noisy_channel:bd_c038,low,2.0
mat_o034,"fala, preciso de uma ajuda rapida aqui ó: resolva a equacao 8x - 12 = 12. responda apenas com o valor de x. so o resultado ta bom, obrigado",matematica,easy,pt,algebra|equacao-linear|perturbacao-slang,matematica,semantic_outlier,equacao-linear,numeric,numeric,1,BAIXA,3.0,1e-06,mat_c002,False,,False,0,,transform:perturb_semantics:slang:mat_c002,low,2.0
mat_o035,"Uma circunferencia tem raio 12 cm. Qual e a.. sua* area em cm2? Use pi = 3,14159. Responda apenas com o valor numerico, arredondado a.. duas casas decimais.",matematica,easy,pt,geometria|geometria-plana|perturbacao-noisy_channel,matematica,semantic_outlier,geometria-plana,numeric,numeric,1,BAIXA,452.39,0.001,mat_c019,False,,False,0,,transform:perturb_semantics:noisy_channel:mat_c019,low,2.0
bd_o036,"mano, travei nessa questao, olha so: considere a relacao r(a, b, c, d, e), com atributos atomicos, e as dependencias funcionais: ab -> c; a -> d; d -> e. qual e a forma normal mais alta que r satisfaz? responda apenas com o nome da forma normal. vlw pela ajuda!!",projeto_bd,hard,pt,normalizacao|diagnostico-de-forma-normal|perturbacao-slang,projeto_bd,semantic_outlier,diagnostico-de-forma-normal,exact,exact,4,ALTA,"['1FN', '1NF', 'primeira forma normal']",,bd_c030,False,,False,0,,transform:perturb_semantics:slang:bd_c030,low,2.0
org_o037,"Uma cache de 8 KiB, mapeamento direto, usa bloos de 32 bytes em uma arquitetura de 32 bits. Quantos bits do endereco compoem o campo de tag? Resopnda apenas com o numero.",organizacao_computadores,hard,pt,memoria-cache|arquitetura|cache-endereco|perturbacao-typos,organizacao_computadores,semantic_outlier,cache-endereco,numeric,numeric,4,ALTA,19.0,1e-06,org_c024,False,,False,0,,transform:perturb_semantics:typos:org_c024,low,2.0
bd_o038,"Hey, quick question (answer in Portuguese, please): Consider a relacao R(A, B, C, D, E) com as dependencias funcionais: AB -> CD; A -> E; E -> C. What is a unica chave candidata de R? Answer with the attribute set only.",projeto_bd,hard,pt-en,dependencias-funcionais|chaves|chave-candidata|perturbacao-code_switch,projeto_bd,semantic_outlier,chave-candidata,set,set,4,ALTA,"['A', 'B']",,bd_c029,False,,False,0,,transform:perturb_semantics:code_switch:bd_c029,low,2.0
bd_o039,"Considere R(A,__ B, C, D, E) com as__ dependencias funcionais: AB -> CD; A ->.. E; E -> C. A decomposicao em R1(A, B) e R2(B, C, D, E) e uma decomposicao sem perdas? Responda apenas SIM ou NAO.",projeto_bd,medium,pt,normalizacao|decomposicao|decomposicao-sem-perdas|perturbacao-noisy_channel,projeto_bd,semantic_outlier,decomposicao-sem-perdas,exact,exact,3,MEDIA,"['NAO', 'com perda', 'lossy']",,bd_c020,False,,False,0,,transform:perturb_semantics:noisy_channel:bd_c020,low,2.0
org_o040,Uma placa-mae recebe 2 modulos de 32 GB cada. Qual e a memoriatotal instalada em GB? Responda apenas com o numero.,organizacao_computadores,easy,pt,montagem|capacidade-de-memoria|perturbacao-noisy_channel,organizacao_computadores,semantic_outlier,capacidade-de-memoria,numeric,numeric,1,BAIXA,64.0,1e-06,org_c036,False,,False,0,,transform:perturb_semantics:noisy_channel:org_c036,low,2.0
org_o041,"Um processador opera a 1,6 GHz. Qual e o perriodo de clck em nnaossegundos? Responda apenas com o valor numerico, arredondado a quatro casas decimasi.",organizacao_computadores,easy,pt,desempenho|periodo-de-clock|perturbacao-typos,organizacao_computadores,semantic_outlier,periodo-de-clock,numeric,numeric,1,BAIXA,0.625,0.001,org_c034,False,,False,0,,transform:perturb_semantics:typos:org_c034,low,2.0
mat_o042,"fala, preciso de uma ajuda rapida aqui ó: uma progressao geometrica tem primeiro termo 2 e razao 2. qual e a razao entre a soma dos 7 primeiros termos e o primeiro termo? responda apenas com o valor numerico, arredondado a quatro casas decimais. responde ai qnd puder",matematica,medium,pt,sequencias|progressao-geometrica|perturbacao-slang,matematica,semantic_outlier,progressao-geometrica,numeric,numeric,3,MEDIA,127.0,0.001,mat_c016,False,,False,0,,transform:perturb_semantics:slang:mat_c016,low,2.0
bd_o043,"fala, preciso de uma ajuda rapida aqui ó: considere a relacao r(a, b, c, d, e) com as dependencias funcionais: a -> bc; b -> d; d -> e. qual e o fecho de {d}? responda apenas com o conjunto de atributos. so o resultado ta bom, obrigado",projeto_bd,medium,pt,dependencias-funcionais|normalizacao|fecho-de-atributos|perturbacao-slang,projeto_bd,semantic_outlier,fecho-de-atributos,set,set,3,MEDIA,"['D', 'E']",,bd_c006,False,,False,0,,transform:perturb_semantics:slang:bd_c006,low,2.0
bd_o044,"A decomposicao em R1(A, B, C, D, E) e R2(E) e uma decomposicao sem perdas? Os dados sao estes, depois da pergunta: Considere R(A, B, C, D, E) com as dependencias funcionais: AB -> C; A -> D; D -> E. Responda apenas SIM ou NAO.",projeto_bd,medium,pt,normalizacao|decomposicao|decomposicao-sem-perdas|perturbacao-reorder,projeto_bd,semantic_outlier,decomposicao-sem-perdas,exact,exact,3,MEDIA,"['SIM', 'sem perda', 'lossless']",,bd_c009,False,,False,0,,transform:perturb_semantics:reorder:bd_c009,low,2.0
org_o045,"Hey, quick question (answer in Portuguese, please): Uma cache de 256 KiB, associativa por conjuntos de 8 vias, usa blocos de 32 bytes em uma arquitetura de 32 bits. How many bits do endereco compoem o campo de tag? Answer with the number only.",organizacao_computadores,hard,pt-en,memoria-cache|arquitetura|cache-endereco|perturbacao-code_switch,organizacao_computadores,semantic_outlier,cache-endereco,numeric,numeric,4,ALTA,17.0,1e-06,org_c039,False,,False,0,,transform:perturb_semantics:code_switch:org_c039,low,2.0
mat_o046,"Considerando apenas aumentos inteiros, qual e a receita maxima possivel? Os dados sao estes, depois da pergunta: Um produto vendido a R$ 80 tem demanda de 500 unidades. Cada real de aumento no preco reduz a demanda em 8 unidades. Responda apenas com o numero.",matematica,hard,pt,funcoes|otimizacao|otimizacao-quadratica|perturbacao-reorder,matematica,semantic_outlier,otimizacao-quadratica,numeric,numeric,4,ALTA,40000.0,1e-06,mat_c031,False,,False,0,,transform:perturb_semantics:reorder:mat_c031,low,2.0
mat_o047,"mano, travei nessa questao, olha so: quanto e 27% de 240? responda apenas com o valor numerico, arredondado a duas casas decimais. me explica rapidinho pfvr",matematica,easy,pt,aritmetica|porcentagem|perturbacao-slang,matematica,semantic_outlier,porcentagem,numeric,numeric,1,BAIXA,64.8,0.001,mat_c017,False,,False,0,,transform:perturb_semantics:slang:mat_c017,low,2.0
org_o048,"fala, preciso de uma ajuda rapida aqui ó: um arquivo de 64 gb e copiado para um disco com taxa sustentada de 120 mb/s. considerando 1 gb = 1000 mb, quantos segundos leva a copia? responda apenas com o valor numerico, arredondado a duas casas decimais. responde ai qnd puder",organizacao_computadores,easy,pt,armazenamento|desempenho|taxa-de-transferencia|perturbacao-slang,organizacao_computadores,semantic_outlier,taxa-de-transferencia,numeric,numeric,1,BAIXA,533.33,0.001,org_c022,False,,False,0,,transform:perturb_semantics:slang:org_c022,low,2.0
org_o049,"Um pipeline de 6 estagios sofre paradas em 20% das instrucoes, cada uma custando 2 cilo(s) adicional(is). Qual e o ganho efeivo em relacao a execuccao nao segmentada? Responda apenas com o valor numerico, arredondado a quatro casas decimais.",organizacao_computadores,medium,pt,arquitetura|desempenho|pipeline|perturbacao-typos,organizacao_computadores,semantic_outlier,pipeline,numeric,numeric,3,MEDIA,4.2857,0.001,org_c015,False,,False,0,,transform:perturb_semantics:typos:org_c015,low,2.0
mat_o050,"Uma doenca atinge 4% da populacao.~ Um teste tem sensibilidade de~ 95% e especificidade de__ 90%. Uma pessoa escolhida* ao acasotesta positivo.* Qual e a.. probabilidade de ela realmente ter a doenca? Respondaapenas com o valor numerico, arredondado~ a quatro casas decimais.",matematica,hard,pt,probabilidade|inferencia|bayes|perturbacao-noisy_channel,matematica,semantic_outlier,bayes,numeric,numeric,4,ALTA,0.2836,0.001,mat_c009,False,,False,0,,transform:perturb_semantics:noisy_channel:mat_c009,low,2.0
bd_o051,"Hey, quick question (answer in Portuguese, please): Uma tabela tem 200 linhas, das quais 3 possuem a coluna nota igual a NULL. How many linhas retorna SELECT COUNT(nota) FROM tabela? Answer with the number only.",projeto_bd,easy,pt-en,sql|null|semantica-de-null|perturbacao-code_switch,projeto_bd,semantic_outlier,semantica-de-null,numeric,numeric,1,BAIXA,197.0,1e-06,bd_c024,False,,False,0,,transform:perturb_semantics:code_switch:bd_c024,low,2.0
org_o052,"Hey, quick question (answer in Portuguese, please): Um arquivo de 16 GB e copiado para um disco com taxa sustentada de 400 MB/s. Considerando 1 GB = 1000 MB, quantos segundos leva a copia? Answer with the numeric value only, rounded to two decimal places.",organizacao_computadores,easy,pt-en,armazenamento|desempenho|taxa-de-transferencia|perturbacao-code_switch,organizacao_computadores,semantic_outlier,taxa-de-transferencia,numeric,numeric,1,BAIXA,40.0,0.001,org_c037,False,,False,0,,transform:perturb_semantics:code_switch:org_c037,low,2.0
mat_o053,"Resollva o sistema:
3x + 3y = -6
8x + 3y = -21
Responda apnas com o valor de x.",matematica,medium,pt,algebra-linear|sistema-linear|perturbacao-typos,matematica,semantic_outlier,sistema-linear,numeric,numeric,3,MEDIA,-3.0,1e-06,mat_c010,False,,False,0,,transform:perturb_semantics:typos:mat_c010,low,2.0
mat_o054,"Hey, quick question (answer in Portuguese, please): Uma maquina executa uma tarefa em 8 horas e outra executa a mesma tarefa em 15 horas. Trabalhando simultaneamente, em quantas horas concluem a tarefa? Answer with the numeric value only, rounded to four decimal places.",matematica,medium,pt-en,proporcionalidade|taxas-de-trabalho|perturbacao-code_switch,matematica,semantic_outlier,taxas-de-trabalho,numeric,numeric,3,MEDIA,5.2174,0.001,mat_c030,False,,False,0,,transform:perturb_semantics:code_switch:mat_c030,low,2.0
mat_o055,"Um produto vendido a R$ 60 tem demanda de 400 unidades. Cada real de aumento no preco reduz a demanda em 5 unidades. Consideando apenas aumnetos inteiros, qual e a recceita mxima possivel? Responda apenas com o numero.",matematica,hard,pt,funcoes|otimizacao|otimizacao-quadratica|perturbacao-typos,matematica,semantic_outlier,otimizacao-quadratica,numeric,numeric,4,ALTA,24500.0,1e-06,mat_c015,False,,False,0,,transform:perturb_semantics:typos:mat_c015,low,2.0
mat_o056,"Uma urna contem__ 10 bolas vermelhas, 13 azuis e 6 verdes. Retirando uma bola ao acaso, qual e a probabilidade de ser vermelha? Responda apenas com~ o valor__ numerico, arredondado a quatro casas decimais.",matematica,easy,pt,probabilidade|probabilidade-simples|perturbacao-noisy_channel,matematica,semantic_outlier,probabilidade-simples,numeric,numeric,1,BAIXA,0.3448,0.001,mat_c007,False,,False,0,,transform:perturb_semantics:noisy_channel:mat_c007,low,2.0
mat_o057,"Quanto os juros compostos superam os juros simples no mesmo periodo? Os dados sao estes, depois da pergunta: Um capital de R$ 5000 e aplicado por 10 meses a uma taxa de 2% ao mes. Responda apenas com o valor numerico, arredondado a duas casas decimais.",matematica,hard,pt,matematica-financeira|juros-compostos|perturbacao-reorder,matematica,semantic_outlier,juros-compostos,numeric,numeric,4,ALTA,94.97,0.001,mat_c011,False,,False,0,,transform:perturb_semantics:reorder:mat_c011,low,2.0
org_o058,"Hey, quick question (answer in Portuguese, please): Um sistema tem cache L1 com tempo de acerto de 2 ciclo(s) e taxa de falhas de 4%. As falhas de L1 vao para a L2, com tempo de acesso de 8 ciclos e taxa de falhas de 20%. Uma falha na L2 custa 300 ciclos. What is o tempo medio de acesso a memoria, em ciclos? Answer with the numeric value only, rounded to four decimal places.",organizacao_computadores,hard,pt-en,memoria-cache|desempenho|amat|perturbacao-code_switch,organizacao_computadores,semantic_outlier,amat,numeric,numeric,4,ALTA,4.72,0.001,org_c010,False,,False,0,,transform:perturb_semantics:code_switch:org_c010,low,2.0
org_o059,"Um arrquivo de 16 GB e copiado para um disco com taxa sustentada de 550 MB//s. Considderando 1 GB = 1000 MB, quantos segundos leva a copia? Responda apenas com o vaor numerico, arredondado a duas casas decimais.",organizacao_computadores,easy,pt,armazenamento|desempenho|taxa-de-transferencia|perturbacao-typos,organizacao_computadores,semantic_outlier,taxa-de-transferencia,numeric,numeric,1,BAIXA,29.09,0.001,org_c007,False,,False,0,,transform:perturb_semantics:typos:org_c007,low,2.0
org_o060,"bom dia! desculpa incomodar mas to com uma duvida besta: um sistema tem cache l1 com tempo de acerto de 1 ciclo(s) e taxa de falhas de 10%. as falhas de l1 vao para a l2, com tempo de acesso de 10 ciclos e taxa de falhas de 25%. uma falha na l2 custa 200 ciclos. qual e o tempo medio de acesso a memoria, em ciclos? responda apenas com o valor numerico, arredondado a quatro casas decimais. responde ai qnd puder",organizacao_computadores,hard,pt,memoria-cache|desempenho|amat|perturbacao-slang,organizacao_computadores,semantic_outlier,amat,numeric,numeric,4,ALTA,7.0,0.001,org_c025,False,,False,0,,transform:perturb_semantics:slang:org_c025,low,2.0
bd_o061,"Considere__ a relacao R(A, B, C, D, E) com as dependencias funcionais: A -> BCDE. Qual e o fecho de~ {B, C}? Responda apenas com~ o conjunto de atributos.",projeto_bd,medium,pt,dependencias-funcionais|normalizacao|fecho-de-atributos|perturbacao-noisy_channel,projeto_bd,semantic_outlier,fecho-de-atributos,set,set,3,MEDIA,"['B', 'C']",,bd_c028,False,,False,0,,transform:perturb_semantics:noisy_channel:bd_c028,low,2.0
mat_o062,"eai professor, seguinte: resolva o sistema:
3x + 5y = 4
7x + 5y = 16
responda apenas com o valor de x. vlw pela ajuda!!",matematica,medium,pt,algebra-linear|sistema-linear|perturbacao-slang,matematica,semantic_outlier,sistema-linear,numeric,numeric,3,MEDIA,3.0,1e-06,mat_c026,False,,False,0,,transform:perturb_semantics:slang:mat_c026,low,2.0
org_o063,"Qual e o tempo medio de acesso a memoria, em ciclos? Os dados sao estes, depois da pergunta: Um sistema tem cache L1 com tempo de acerto de 1 ciclo(s) e taxa de falhas de 2%. As falhas de L1 vao para a L2, com tempo de acesso de 20 ciclos e taxa de falhas de 10%. Uma falha na L2 custa 80 ciclos. Responda apenas com o valor numerico, arredondado a quatro casas decimais.",organizacao_computadores,hard,pt,memoria-cache|desempenho|amat|perturbacao-reorder,organizacao_computadores,semantic_outlier,amat,numeric,numeric,4,ALTA,1.56,0.001,org_c040,False,,False,0,,transform:perturb_semantics:reorder:org_c040,low,2.0
org_o064,"Qual e o periodo de clock em nanossegundos? Os dados sao estes, depois da pergunta: Um processador opera a 2 GHz. Responda apenas com o valor numerico, arredondado a quatro casas decimais.",organizacao_computadores,easy,pt,desempenho|periodo-de-clock|perturbacao-reorder,organizacao_computadores,semantic_outlier,periodo-de-clock,numeric,numeric,1,BAIXA,0.5,0.001,org_c004,False,,False,0,,transform:perturb_semantics:reorder:org_c004,low,2.0
org_o065,"Um sistema usa memoria DDR a 3600 MT/s, com barrametno de 64 bits por caanl e 2 caanl(is) ativo(s). Qual e a laargura de banda teorica de pico em GB/s (1 GB = 10^9 bytes)? Resonda apenas com o valor numerico, arredondado a duas casas decimais.",organizacao_computadores,medium,pt,memoria|desempenho|largura-de-banda|perturbacao-typos,organizacao_computadores,semantic_outlier,largura-de-banda,numeric,numeric,3,MEDIA,57.6,0.001,org_c028,False,,False,0,,transform:perturb_semantics:typos:org_c028,low,2.0
mat_r001,"Segundo o Regulamento de Avaliacao Academica do ITV, qual e a media final minima para aprovacao direta?",matematica,easy,pt,rag|reg_avaliacao|ancoragem-institucional,matematica,rag_anchored,ancoragem-institucional,numeric,numeric,1,BAIXA,6.5,1e-06,,True,reg_avaliacao,False,0,,anchor:nota_minima,none,2.0
mat_r002,"Qual e a frequencia minima exigida por componente curricular, segundo o regulamento do ITV?",matematica,easy,pt,rag|reg_avaliacao|ancoragem-institucional,matematica,rag_anchored,ancoragem-institucional,numeric,numeric,1,BAIXA,72.0,1e-06,,True,reg_avaliacao,False,0,,anchor:frequencia_minima,none,2.0
mat_r003,"No ITV, com que peso a nota da avaliacao de recuperacao entra na media final?",matematica,easy,pt,rag|reg_avaliacao|ancoragem-institucional,matematica,rag_anchored,ancoragem-institucional,numeric,numeric,1,BAIXA,0.4,1e-06,,True,reg_avaliacao,False,0,,anchor:peso_recuperacao,none,2.0
mat_r004,Em quantos dias uteis apos a divulgacao o aluno do ITV pode pedir revisao de nota?,matematica,easy,pt,rag|reg_avaliacao|ancoragem-institucional,matematica,rag_anchored,ancoragem-institucional,numeric,numeric,1,BAIXA,5.0,1e-06,,True,reg_avaliacao,False,0,,anchor:prazo_revisao,none,2.0
mat_r005,Qual e o codigo do formulario de pedido de revisao de nota do ITV?,matematica,easy,pt,rag|reg_avaliacao|ancoragem-institucional,matematica,rag_anchored,ancoragem-institucional,exact,exact,1,BAIXA,"['ITV-AV-08', 'ITVAV08']",,,True,reg_avaliacao,False,0,,anchor:formulario_revisao,none,2.0
mat_r006,"Qual e o prazo, em dias corridos, para lancamento de notas no sistema academico do ITV?",matematica,easy,pt,rag|reg_avaliacao|ancoragem-institucional,matematica,rag_anchored,ancoragem-institucional,numeric,numeric,1,BAIXA,10.0,1e-06,,True,reg_avaliacao,False,0,,anchor:prazo_lancamento,none,2.0
mat_r007,"Qual e a media final minima para aprovacao apos a recuperacao, segundo o regulamento do ITV?",matematica,easy,pt,rag|reg_avaliacao|ancoragem-institucional,matematica,rag_anchored,ancoragem-institucional,numeric,numeric,1,BAIXA,5.0,1e-06,,True,reg_avaliacao,False,0,,anchor:media_recuperacao_minima,none,2.0
bd_r008,"Segundo a Norma Interna de Padronizacao de Esquemas do ITV, qual prefixo deve ser usado em tabelas transacionais?",projeto_bd,easy,pt,rag|norma_bd|ancoragem-institucional,projeto_bd,rag_anchored,ancoragem-institucional,exact,exact,1,BAIXA,"['tb_', 'tb']",,,True,norma_bd,False,0,,anchor:prefixo_tabela,none,2.0
bd_r009,Qual tipo de dado a norma do ITV exige para chaves primarias substitutas?,projeto_bd,easy,pt,rag|norma_bd|ancoragem-institucional,projeto_bd,rag_anchored,ancoragem-institucional,exact,exact,1,BAIXA,"['BIGINT', 'BIG INT']",,,True,norma_bd,False,0,,anchor:tipo_chave,none,2.0
bd_r010,Quantos campos de auditoria a norma de esquemas do ITV torna obrigatorios em toda tabela?,projeto_bd,easy,pt,rag|norma_bd|ancoragem-institucional,projeto_bd,rag_anchored,ancoragem-institucional,numeric,numeric,1,BAIXA,3.0,1e-06,,True,norma_bd,False,0,,anchor:campos_auditoria,none,2.0
bd_r011,Por quantos meses o ITV exige a retencao dos registros de log de auditoria?,projeto_bd,easy,pt,rag|norma_bd|ancoragem-institucional,projeto_bd,rag_anchored,ancoragem-institucional,numeric,numeric,1,BAIXA,18.0,1e-06,,True,norma_bd,False,0,,anchor:retencao_log,none,2.0
bd_r012,Qual e a forma normal minima exigida pela norma do ITV para esquemas novos?,projeto_bd,easy,pt,rag|norma_bd|ancoragem-institucional,projeto_bd,rag_anchored,ancoragem-institucional,exact,exact,1,BAIXA,"['3FN', '3NF', 'terceira forma normal']",,,True,norma_bd,False,0,,anchor:forma_normal_minima,none,2.0
bd_r013,Quantos indices secundarios o ITV permite por tabela sem aprovacao do comite de dados?,projeto_bd,easy,pt,rag|norma_bd|ancoragem-institucional,projeto_bd,rag_anchored,ancoragem-institucional,numeric,numeric,1,BAIXA,6.0,1e-06,,True,norma_bd,False,0,,anchor:limite_indices,none,2.0
bd_r014,Qual e o padrao de nomenclatura de chaves estrangeiras definido pela norma do ITV?,projeto_bd,easy,pt,rag|norma_bd|ancoragem-institucional,projeto_bd,rag_anchored,ancoragem-institucional,exact,exact,1,BAIXA,"['fk_<tabela_origem>_<tabela_destino>', 'fk_']",,,True,norma_bd,False,0,,anchor:nomenclatura_fk,none,2.0
bd_r015,Em que dia da semana ocorre a janela de manutencao programada dos bancos de producao do ITV?,projeto_bd,easy,pt,rag|norma_bd|ancoragem-institucional,projeto_bd,rag_anchored,ancoragem-institucional,exact,exact,1,BAIXA,"['domingo', 'domingos']",,,True,norma_bd,False,0,,anchor:janela_manutencao,none,2.0
org_r016,"Qual e o consumo eletrico maximo, em watts, admitido por bancada de laboratorio no ITV?",organizacao_computadores,easy,pt,rag|politica_hardware|ancoragem-institucional,organizacao_computadores,rag_anchored,ancoragem-institucional,numeric,numeric,1,BAIXA,850.0,1e-06,,True,politica_hardware,False,0,,anchor:potencia_bancada,none,2.0
org_r017,Qual e a certificacao minima exigida pelo ITV para fontes de alimentacao adquiridas?,organizacao_computadores,easy,pt,rag|politica_hardware|ancoragem-institucional,organizacao_computadores,rag_anchored,ancoragem-institucional,exact,exact,1,BAIXA,"['80 Plus Bronze', '80+ Bronze', 'Bronze']",,,True,politica_hardware,False,0,,anchor:certificacao_fonte,none,2.0
org_r018,"Qual e o TDP maximo, em watts, permitido para processadores de laboratorio de ensino no ITV?",organizacao_computadores,easy,pt,rag|politica_hardware|ancoragem-institucional,organizacao_computadores,rag_anchored,ancoragem-institucional,numeric,numeric,1,BAIXA,125.0,1e-06,,True,politica_hardware,False,0,,anchor:tdp_maximo,none,2.0
org_r019,"Qual e a garantia on-site minima, em meses, exigida pelo ITV na aquisicao de equipamentos?",organizacao_computadores,easy,pt,rag|politica_hardware|ancoragem-institucional,organizacao_computadores,rag_anchored,ancoragem-institucional,numeric,numeric,1,BAIXA,36.0,1e-06,,True,politica_hardware,False,0,,anchor:garantia_minima,none,2.0
org_r020,De quantos anos e o ciclo de substituicao do parque de maquinas de ensino do ITV?,organizacao_computadores,easy,pt,rag|politica_hardware|ancoragem-institucional,organizacao_computadores,rag_anchored,ancoragem-institucional,numeric,numeric,1,BAIXA,5.0,1e-06,,True,politica_hardware,False,0,,anchor:ciclo_substituicao,none,2.0
org_r021,"Qual e a memoria RAM minima homologada pelo ITV para estacoes de ensino, em GB?",organizacao_computadores,easy,pt,rag|politica_hardware|ancoragem-institucional,organizacao_computadores,rag_anchored,ancoragem-institucional,numeric,numeric,1,BAIXA,16.0,1e-06,,True,politica_hardware,False,0,,anchor:memoria_minima,none,2.0
org_r022,Qual e o codigo do procedimento de descarte de componentes do ITV?,organizacao_computadores,easy,pt,rag|politica_hardware|ancoragem-institucional,organizacao_computadores,rag_anchored,ancoragem-institucional,exact,exact,1,BAIXA,"['ITV-PO-23', 'ITVPO23']",,,True,politica_hardware,False,0,,anchor:codigo_descarte,none,2.0
org_r023,Em quantas horas uteis o ITV exige o atendimento de chamados de manutencao corretiva?,organizacao_computadores,easy,pt,rag|politica_hardware|ancoragem-institucional,organizacao_computadores,rag_anchored,ancoragem-institucional,numeric,numeric,1,BAIXA,48.0,1e-06,,True,politica_hardware,False,0,,anchor:prazo_chamado,none,2.0
mat_ra001,"Segundo o Regulamento de Avaliacao Academica do ITV, qual e o prazo para solicitar prova de segunda chamada?",matematica,medium,pt,rag|abstencao|reg_avaliacao|ancoragem-ausente,matematica,rag_anchored,ancoragem-ausente,exact,abstention,2,MEDIA,,,,True,reg_avaliacao,True,0,,anchor_absent:ausente_segunda_chamada,none,2.0
mat_ra002,Qual peso o regulamento do ITV atribui a apresentacao de seminarios na composicao da media?,matematica,medium,pt,rag|abstencao|reg_avaliacao|ancoragem-ausente,matematica,rag_anchored,ancoragem-ausente,exact,abstention,2,MEDIA,,,,True,reg_avaliacao,True,0,,anchor_absent:ausente_peso_seminario,none,2.0
bd_ra003,Qual e o numero maximo de colunas por tabela permitido pela norma de esquemas do ITV?,projeto_bd,medium,pt,rag|abstencao|norma_bd|ancoragem-ausente,projeto_bd,rag_anchored,ancoragem-ausente,exact,abstention,2,MEDIA,,,,True,norma_bd,True,0,,anchor_absent:ausente_colunas_max,none,2.0
bd_ra004,Qual versao de SGBD a norma do ITV homologa para ambientes de producao?,projeto_bd,medium,pt,rag|abstencao|norma_bd|ancoragem-ausente,projeto_bd,rag_anchored,ancoragem-ausente,exact,abstention,2,MEDIA,,,,True,norma_bd,True,0,,anchor_absent:ausente_sgbd_homologado,none,2.0
org_ra005,Qual marca de placa de video a politica de aquisicao do ITV determina como padrao?,organizacao_computadores,medium,pt,rag|abstencao|politica_hardware|ancoragem-ausente,organizacao_computadores,rag_anchored,ancoragem-ausente,exact,abstention,2,MEDIA,,,,True,politica_hardware,True,0,,anchor_absent:ausente_marca_gpu,none,2.0
org_ra006,Qual e a temperatura maxima de operacao admitida pela politica do ITV para os laboratorios?,organizacao_computadores,medium,pt,rag|abstencao|politica_hardware|ancoragem-ausente,organizacao_computadores,rag_anchored,ancoragem-ausente,exact,abstention,2,MEDIA,,,,True,politica_hardware,True,0,,anchor_absent:ausente_temperatura,none,2.0
bd_t001,"No padrao SQL, qual comando remove todas as linhas de uma tabela preservando a sua estrutura? Responda apenas com o comando.",projeto_bd,easy,pt,parametrico|conhecimento-parametrico,projeto_bd,parametric_twin,conhecimento-parametrico,exact,exact,1,BAIXA,['TRUNCATE'],,,False,,False,0,,twin:twin_truncate,high,2.0
bd_t002,"Na sigla ACID, o que significa a letra D? Responda apenas com a palavra.",projeto_bd,easy,pt,parametrico|conhecimento-parametrico,projeto_bd,parametric_twin,conhecimento-parametrico,exact,exact,1,BAIXA,"['durabilidade', 'durability']",,,False,,False,0,,twin:twin_acid,high,2.0
bd_t003,"No padrao SQL, uma coluna declarada como chave primaria pode conter valores NULL? Responda apenas SIM ou NAO.",projeto_bd,easy,pt,parametrico|conhecimento-parametrico,projeto_bd,parametric_twin,conhecimento-parametrico,exact,exact,1,BAIXA,"['NAO', 'nao']",,,False,,False,0,,twin:twin_pk_null,high,2.0
bd_t004,"Em SQL, qual tipo de juncao e aplicado quando se escreve apenas JOIN entre duas tabelas? Responda apenas com o nome.",projeto_bd,easy,pt,parametrico|conhecimento-parametrico,projeto_bd,parametric_twin,conhecimento-parametrico,exact,exact,1,BAIXA,"['INNER JOIN', 'INNER', 'interna']",,,False,,False,0,,twin:twin_join_default,high,2.0
bd_t005,Qual forma normal elimina dependencias transitivas entre atributos nao primos? Responda apenas com o nome.,projeto_bd,easy,pt,parametrico|conhecimento-parametrico,projeto_bd,parametric_twin,conhecimento-parametrico,exact,exact,1,BAIXA,"['3FN', '3NF', 'terceira forma normal']",,,False,,False,0,,twin:twin_3fn,high,2.0
bd_t006,"Em SQL, qual clausula filtra grupos apos a agregacao? Responda apenas com a palavra-chave.",projeto_bd,easy,pt,parametrico|conhecimento-parametrico,projeto_bd,parametric_twin,conhecimento-parametrico,exact,exact,1,BAIXA,['HAVING'],,,False,,False,0,,twin:twin_having,high,2.0
bd_t007,Qual estrutura de dados e usada pela maioria dos indices de proposito geral em SGBDs relacionais? Responda apenas com o nome.,projeto_bd,easy,pt,parametrico|conhecimento-parametrico,projeto_bd,parametric_twin,conhecimento-parametrico,exact,exact,1,BAIXA,"['B-tree', 'arvore B', 'B+tree', 'B+ tree', 'arvore B+']",,,False,,False,0,,twin:twin_indice_btree,high,2.0
bd_t008,A que subconjunto da linguagem SQL pertence o comando CREATE TABLE? Responda apenas com a sigla.,projeto_bd,easy,pt,parametrico|conhecimento-parametrico,projeto_bd,parametric_twin,conhecimento-parametrico,exact,exact,1,BAIXA,['DDL'],,,False,,False,0,,twin:twin_ddl,high,2.0
bd_t009,Qual forma normal exige que todos os atributos sejam atomicos? Responda apenas com o nome.,projeto_bd,easy,pt,parametrico|conhecimento-parametrico,projeto_bd,parametric_twin,conhecimento-parametrico,exact,exact,1,BAIXA,"['1FN', '1NF', 'primeira forma normal']",,,False,,False,0,,twin:twin_normal_1fn,high,2.0
bd_t010,Qual comando SQL desfaz as alteracoes de uma transacao ainda nao confirmada? Responda apenas com o comando.,projeto_bd,easy,pt,parametrico|conhecimento-parametrico,projeto_bd,parametric_twin,conhecimento-parametrico,exact,exact,1,BAIXA,['ROLLBACK'],,,False,,False,0,,twin:twin_rollback,high,2.0
org_t011,Quantos bits formam um byte? Responda apenas com o numero.,organizacao_computadores,easy,pt,parametrico|conhecimento-parametrico,organizacao_computadores,parametric_twin,conhecimento-parametrico,numeric,numeric,1,BAIXA,8.0,1e-06,,False,,False,0,,twin:twin_bit_byte,high,2.0
org_t012,"Na arquitetura de von Neumann, instrucoes e dados compartilham a mesma memoria? Responda apenas SIM ou NAO.",organizacao_computadores,easy,pt,parametrico|conhecimento-parametrico,organizacao_computadores,parametric_twin,conhecimento-parametrico,exact,exact,1,BAIXA,"['SIM', 'sim']",,,False,,False,0,,twin:twin_von_neumann,high,2.0
org_t013,Qual unidade do processador executa as operacoes aritmeticas e logicas? Responda apenas com o nome ou a sigla.,organizacao_computadores,easy,pt,parametrico|conhecimento-parametrico,organizacao_computadores,parametric_twin,conhecimento-parametrico,exact,exact,1,BAIXA,"['ULA', 'ALU', 'unidade logica e aritmetica']",,,False,,False,0,,twin:twin_ula,high,2.0
org_t014,A memoria RAM e volatil ou nao volatil? Responda apenas com uma palavra.,organizacao_computadores,easy,pt,parametrico|conhecimento-parametrico,organizacao_computadores,parametric_twin,conhecimento-parametrico,exact,exact,1,BAIXA,['volatil'],,,False,,False,0,,twin:twin_volatil,high,2.0
org_t015,Qual nivel de cache e o mais proximo do nucleo do processador? Responda apenas com a sigla.,organizacao_computadores,easy,pt,parametrico|conhecimento-parametrico,organizacao_computadores,parametric_twin,conhecimento-parametrico,exact,exact,1,BAIXA,['L1'],,,False,,False,0,,twin:twin_cache_nivel,high,2.0
org_t016,"Qual barramento transporta os dados entre processador e memoria: de dados, de enderecos ou de controle? Responda apenas com o nome.",organizacao_computadores,easy,pt,parametrico|conhecimento-parametrico,organizacao_computadores,parametric_twin,conhecimento-parametrico,exact,exact,1,BAIXA,"['de dados', 'dados']",,,False,,False,0,,twin:twin_barramento,high,2.0
org_t017,O que significa a letra R na sigla RISC? Responda apenas com a palavra em ingles.,organizacao_computadores,easy,pt,parametrico|conhecimento-parametrico,organizacao_computadores,parametric_twin,conhecimento-parametrico,exact,exact,1,BAIXA,['reduced'],,,False,,False,0,,twin:twin_risc,high,2.0
org_t018,Um SSD possui partes moveis? Responda apenas SIM ou NAO.,organizacao_computadores,easy,pt,parametrico|conhecimento-parametrico,organizacao_computadores,parametric_twin,conhecimento-parametrico,exact,exact,1,BAIXA,"['NAO', 'nao']",,,False,,False,0,,twin:twin_ssd_movel,high,2.0
org_t019,Qual e o valor decimal do numero hexadecimal FF? Responda apenas com o numero.,organizacao_computadores,easy,pt,parametrico|conhecimento-parametrico,organizacao_computadores,parametric_twin,conhecimento-parametrico,numeric,numeric,1,BAIXA,255.0,1e-06,,False,,False,0,,twin:twin_hex_ff,high,2.0
org_t020,Quantos discos de paridade um arranjo RAID 5 utiliza? Responda apenas com o numero.,organizacao_computadores,easy,pt,parametrico|conhecimento-parametrico,organizacao_computadores,parametric_twin,conhecimento-parametrico,numeric,numeric,1,BAIXA,1.0,1e-06,,False,,False,0,,twin:twin_paridade,high,2.0
mat_t021,Qual e o valor de pi arredondado a duas casas decimais? Responda apenas com o numero.,matematica,easy,pt,parametrico|conhecimento-parametrico,matematica,parametric_twin,conhecimento-parametrico,numeric,numeric,1,BAIXA,3.14,0.001,,False,,False,0,,twin:twin_pi,high,2.0
mat_t022,O numero 1 e considerado primo? Responda apenas SIM ou NAO.,matematica,easy,pt,parametrico|conhecimento-parametrico,matematica,parametric_twin,conhecimento-parametrico,exact,exact,1,BAIXA,"['NAO', 'nao']",,,False,,False,0,,twin:twin_primo,high,2.0
mat_t023,"Qual e a soma dos angulos internos de um triangulo, em graus? Responda apenas com o numero.",matematica,easy,pt,parametrico|conhecimento-parametrico,matematica,parametric_twin,conhecimento-parametrico,numeric,numeric,1,BAIXA,180.0,1e-06,,False,,False,0,,twin:twin_soma_angulos,high,2.0
mat_t024,Qual e a raiz quadrada de 144? Responda apenas com o numero.,matematica,easy,pt,parametrico|conhecimento-parametrico,matematica,parametric_twin,conhecimento-parametrico,numeric,numeric,1,BAIXA,12.0,1e-06,,False,,False,0,,twin:twin_raiz_quadrada,high,2.0
mat_t025,Qual e o valor de 5!? Responda apenas com o numero.,matematica,easy,pt,parametrico|conhecimento-parametrico,matematica,parametric_twin,conhecimento-parametrico,numeric,numeric,1,BAIXA,120.0,1e-06,,False,,False,0,,twin:twin_fatorial,high,2.0
mat_t026,Qual e o valor de log na base 2 de 64? Responda apenas com o numero.,matematica,easy,pt,parametrico|conhecimento-parametrico,matematica,parametric_twin,conhecimento-parametrico,numeric,numeric,1,BAIXA,6.0,1e-06,,False,,False,0,,twin:twin_log,high,2.0
mat_t027,Qual e o maior valor que uma probabilidade pode assumir? Responda apenas com o numero.,matematica,easy,pt,parametrico|conhecimento-parametrico,matematica,parametric_twin,conhecimento-parametrico,numeric,numeric,1,BAIXA,1.0,1e-06,,False,,False,0,,twin:twin_probabilidade_max,high,2.0
mat_t028,Qual medida estatistica divide um conjunto ordenado em duas metades iguais? Responda apenas com o nome.,matematica,easy,pt,parametrico|conhecimento-parametrico,matematica,parametric_twin,conhecimento-parametrico,exact,exact,1,BAIXA,['mediana'],,,False,,False,0,,twin:twin_mediana,high,2.0
mat_t029,Qual e a derivada de uma funcao constante? Responda apenas com o numero.,matematica,easy,pt,parametrico|conhecimento-parametrico,matematica,parametric_twin,conhecimento-parametrico,numeric,numeric,1,BAIXA,0.0,1e-06,,False,,False,0,,twin:twin_derivada_constante,high,2.0
mat_t030,"Em um triangulo retangulo de catetos 3 e 4, qual e o comprimento da hipotenusa? Responda apenas com o numero.",matematica,easy,pt,parametrico|conhecimento-parametrico,matematica,parametric_twin,conhecimento-parametrico,numeric,numeric,1,BAIXA,5.0,1e-06,,False,,False,0,,twin:twin_pitagoras,high,2.0
